item_id,image_id,produced_for_country,name,description,category,category_name,clothes_class_name_word,product_class_name,for_man,for_woman,for_unisex,is_colored,dominant_color,avg_saturation,avg_brightness,color_palette,label_source,classification_confidence,ready_to_sale,ready_to_sale_reason,palette_of_image,palette_of_image_rgb,palette_of_image_names,palette_of_image_html,palette_primary_color,market_target_segment,market_compatibility_score,market_palette_match_distance,matched_target_reference_color,matched_country_palette_id,matched_country_palette_name,matched_country_palette_colors,product_is_good_for_new_marketing,marketing_priority_tier,dss_recommendation_reason
5,5,cz,Hot Diamonds Náušnice Eternity Interlocking Stud DE309,,468,womens-earrings,Sandal,Sandal,True,True,True,True,White,0.1482,0.7153,"['#ebe6e3', '#c0b0a9', '#876f6b', '#30242a']",custom-tag,87.18,False,Product class not explicitly described in name,"[""#ebe6e3"", ""#c0b0aa"", ""#87706c"", ""#30242b""]","[[235, 230, 227], [192, 176, 170], [135, 112, 108], [48, 36, 43]]","White, Grey, Pink, Pink/Magenta",<span style='display:inline-block; width:18px; height:18px; background-color:#ebe6e3; border-radius:3px; margin-right:3px; border:1px solid #666;' title='#ebe6e3'></span><span style='display:inline-block; width:18px; height:18px; background-color:#c0b0aa; border-radius:3px; margin-right:3px; border:1px solid #666;' title='#c0b0aa'></span><span style='display:inline-block; width:18px; height:18px; background-color:#87706c; border-radius:3px; margin-right:3px; border:1px solid #666;' title='#87706c'></span><span style='display:inline-block; width:18px; height:18px; background-color:#30242b; border-radius:3px; margin-right:3px; border:1px solid #666;' title='#30242b'></span>,White,Unisex,0.557,11.7,#efebe9,1,Palette 1 (Core & Classic Neutrals),"[""#ede8eb"", ""#efebe9"", ""#d6cccf"", ""#b7c1be""]",False,Tier 3: Non-Priority / Neutral,Palette deviation (ΔE=11.7) exceeds target country baseline.
7,7,cz,Shepherd Papuče ANTON,Shepherd Papuče ANTON Béžová. K dispozici v pánské velikosti. 41. Kožíšek z ovčí vlny vyjímatelná vložka Pánské   Boty   Papuče,40328,mens-boots,Ankle boot,Ankle boot,True,False,False,True,Beige/Khaki,0.2519,0.6147,"['#a5957b', '#8a7a63', '#564938', '#d6d4cd']",custom-tag,37.85,False,Product class not explicitly described in name,"[""#a5957b"", ""#8a7a63"", ""#544736"", ""#d3d0c8""]","[[165, 149, 123], [138, 122, 99], [84, 71, 54], [211, 208, 200]]","Beige/Khaki, Orange, Brown, Grey",<span style='display:inline-block; width:18px; height:18px; background-color:#a5957b; border-radius:3px; margin-right:3px; border:1px solid #666;' title='#a5957b'></span><span style='display:inline-block; width:18px; height:18px; background-color:#8a7a63; border-radius:3px; margin-right:3px; border:1px solid #666;' title='#8a7a63'></span><span style='display:inline-block; width:18px; height:18px; background-color:#544736; border-radius:3px; margin-right:3px; border:1px solid #666;' title='#544736'></span><span style='display:inline-block; width:18px; height:18px; background-color:#d3d0c8; border-radius:3px; margin-right:3px; border:1px solid #666;' title='#d3d0c8'></span>,Beige/Khaki,Men,0.3353,21.86,#b7c1be,1,Palette 1 (Core & Classic Neutrals),"[""#ede8eb"", ""#b7c1be"", ""#8b919e"", ""#0f0d0f""]",False,Tier 3: Non-Priority / Neutral,Palette deviation (ΔE=21.9) exceeds target country baseline.
8,8,cz,Vestis Dámský župan Milano 3130 - dle obrázku - S,"Dámský župan Milano Vestis s proužky. Župan s kapucí a s kapsami, materiál: coral fleece 280g m2. Župan je vhodný i za studených večerů, zahřeje Vás.",437,womens-bathrobes,Coat,Coat,True,True,True,True,Orange,0.5359,0.9066,"['#e56a3a', '#f7dcd1', '#ee976d', '#b84324']",custom-tag,32.6,True,Relevant keyword 'župan' found in name,"[""#e36334"", ""#ed9369"", ""#f8dbd0"", ""#a73e25""]","[[227, 99, 52], [237, 147, 105], [248, 219, 208], [167, 62, 37]]","Orange, Red",<span style='display:inline-block; width:18px; height:18px; background-color:#e36334; border-radius:3px; margin-right:3px; border:1px solid #666;' title='#e36334'></span><span style='display:inline-block; width:18px; height:18px; background-color:#ed9369; border-radius:3px; margin-right:3px; border:1px solid #666;' title='#ed9369'></span><span style='display:inline-block; width:18px; height:18px; background-color:#f8dbd0; border-radius:3px; margin-right:3px; border:1px solid #666;' title='#f8dbd0'></span><span style='display:inline-block; width:18px; height:18px; background-color:#a73e25; border-radius:3px; margin-right:3px; border:1px solid #666;' title='#a73e25'></span>,Orange,Unisex,0.1225,42.0,#7f4534,3,Palette 3 (Vibrant Statement & Accents),"[""#7f4534"", ""#51261a"", ""#1476bc"", ""#e7d311""]",False,Tier 3: Non-Priority / Neutral,Palette deviation (ΔE=42.0) exceeds target country baseline.
9,9,cz,Modré plavky s kytičkami H Natalie,"Krásné barevné dvoudílné plavky s jemným vzorem, efektně přepřížená podprsenka, košíčky s tenkými vyjímatelný",201,bikinis,T-shirt/top,T-shirt/top,False,True,False,True,Blue,0.4127,0.7364,"['#6c95a9', '#cee0e3', '#c5754d', '#703e2f']",custom-tag,40.33,False,Product class not explicitly described in name,"[""#6c95a9"", ""#cee0e3"", ""#c5754d"", ""#703e2f""]","[[108, 149, 169], [206, 224, 227], [197, 117, 77], [112, 62, 47]]","Blue, White, Orange, Red",<span style='display:inline-block; width:18px; height:18px; background-color:#6c95a9; border-radius:3px; margin-right:3px; border:1px solid #666;' title='#6c95a9'></span><span style='display:inline-block; width:18px; height:18px; background-color:#cee0e3; border-radius:3px; margin-right:3px; border:1px solid #666;' title='#cee0e3'></span><span style='display:inline-block; width:18px; height:18px; background-color:#c5754d; border-radius:3px; margin-right:3px; border:1px solid #666;' title='#c5754d'></span><span style='display:inline-block; width:18px; height:18px; background-color:#703e2f; border-radius:3px; margin-right:3px; border:1px solid #666;' title='#703e2f'></span>,Blue,Women,0.2864,25.0,#97aad6,2,Palette 2 (Contemporary & Earthy Street),"[""#424654"", ""#606681"", ""#97aad6"", ""#181011""]",False,Tier 3: Non-Priority / Neutral,Palette deviation (ΔE=25.0) exceeds target country baseline.
10,10,cz,Modrobílé plavky s kytičkami H Natalie,"Krásné dvoudílné plavky s jemným vzorem, košíčky s tenkými vyjímatelnými vycpávkami, zavazování na zád",201,bikinis,T-shirt/top,T-shirt/top,False,True,False,True,White,0.3854,0.7238,"['#dbdfe1', '#6596a5', '#ba714a', '#573f38']",custom-tag,38.07,False,Product class not explicitly described in name,"[""#dadfe0"", ""#6495a4"", ""#bb744b"", ""#5c3d35""]","[[218, 223, 224], [100, 149, 164], [187, 116, 75], [92, 61, 53]]","Grey, Cyan/Turquoise, Orange, Red",<span style='display:inline-block; width:18px; height:18px; background-color:#dadfe0; border-radius:3px; margin-right:3px; border:1px solid #666;' title='#dadfe0'></span><span style='display:inline-block; width:18px; height:18px; background-color:#6495a4; border-radius:3px; margin-right:3px; border:1px solid #666;' title='#6495a4'></span><span style='display:inline-block; width:18px; height:18px; background-color:#bb744b; border-radius:3px; margin-right:3px; border:1px solid #666;' title='#bb744b'></span><span style='display:inline-block; width:18px; height:18px; background-color:#5c3d35; border-radius:3px; margin-right:3px; border:1px solid #666;' title='#5c3d35'></span>,Grey,Women,0.5157,13.24,#efebe9,1,Palette 1 (Core & Classic Neutrals),"[""#efebe9"", ""#d6cccf"", ""#bca6a9"", ""#9e8284""]",False,Tier 3: Non-Priority / Neutral,Palette deviation (ΔE=13.2) exceeds target country baseline.
11,11,cz,Černé plavky s výrazným vzorem H Natalie,"Krásné dvoudílné plavky s výrazným vzorem, podprsenka s tenkými vyjímatelnými vycpávkami, zavazování na zádec",201,bikinis,T-shirt/top,T-shirt/top,False,True,False,True,Red,0.4114,0.5807,"['#9b4d47', '#321b1d', '#aa9285', '#efe5e1']",custom-tag,34.66,False,Product class not explicitly described in name,"[""#9c4d46"", ""#321b1d"", ""#a99182"", ""#eee3e0""]","[[156, 77, 70], [50, 27, 29], [169, 145, 130], [238, 227, 224]]","Red, Orange, White",<span style='display:inline-block; width:18px; height:18px; background-color:#9c4d46; border-radius:3px; margin-right:3px; border:1px solid #666;' title='#9c4d46'></span><span style='display:inline-block; width:18px; height:18px; background-color:#321b1d; border-radius:3px; margin-right:3px; border:1px solid #666;' title='#321b1d'></span><span style='display:inline-block; width:18px; height:18px; background-color:#a99182; border-radius:3px; margin-right:3px; border:1px solid #666;' title='#a99182'></span><span style='display:inline-block; width:18px; height:18px; background-color:#eee3e0; border-radius:3px; margin-right:3px; border:1px solid #666;' title='#eee3e0'></span>,Red,Women,0.4286,16.95,#8f543e,3,Palette 3 (Vibrant Statement & Accents),"[""#202531"", ""#cec05e"", ""#8f543e"", ""#51261a""]",False,Tier 3: Non-Priority / Neutral,Palette deviation (ΔE=16.9) exceeds target country baseline.
15,15,cz,Dámské šaty Figl M117 modré,"Půvabné, elegantní a pohodlné šaty z mírně pružného materiálu. Tříčtvrteční rukávy, nabíraná rozevlátá",184,dresses,Bag,Bag,False,True,False,True,Grey,0.2286,0.3736,"['#5a585d', '#022f92', '#031b5e', '#070b23']",custom-tag,70.94,False,Product class not explicitly described in name,"[""#5a585d"", ""#022f92"", ""#021a60"", ""#060b24""]","[[90, 88, 93], [2, 47, 146], [2, 26, 96], [6, 11, 36]]","Grey, Blue, Navy Blue, Black",<span style='display:inline-block; width:18px; height:18px; background-color:#5a585d; border-radius:3px; margin-right:3px; border:1px solid #666;' title='#5a585d'></span><span style='display:inline-block; width:18px; height:18px; background-color:#022f92; border-radius:3px; margin-right:3px; border:1px solid #666;' title='#022f92'></span><span style='display:inline-block; width:18px; height:18px; background-color:#021a60; border-radius:3px; margin-right:3px; border:1px solid #666;' title='#021a60'></span><span style='display:inline-block; width:18px; height:18px; background-color:#060b24; border-radius:3px; margin-right:3px; border:1px solid #666;' title='#060b24'></span>,Grey,Women,0.4009,18.28,#424654,2,Palette 2 (Contemporary & Earthy Street),"[""#424654"", ""#606681"", ""#97aad6"", ""#181011""]",False,Tier 3: Non-Priority / Neutral,Palette deviation (ΔE=18.3) exceeds target country baseline.
16,16,cz,Dámské šaty Figl M117 béžové,"Půvabné, elegantní a pohodlné šaty z mírně pružného materiálu. Tříčtvrteční rukávy, nabíraná rozevlátá",184,dresses,Dress,Dress,False,True,False,False,Grey,0.0846,0.4156,"['#565157', '#e2d7d5', '#a89897', '#271a18']",custom-tag,54.47,True,Relevant keyword 'šaty' found in name,"[""#565156"", ""#ded3d1"", ""#a49493"", ""#261818""]","[[86, 81, 86], [222, 211, 209], [164, 148, 147], [38, 24, 24]]","Grey, Black",<span style='display:inline-block; width:18px; height:18px; background-color:#565156; border-radius:3px; margin-right:3px; border:1px solid #666;' title='#565156'></span><span style='display:inline-block; width:18px; height:18px; background-color:#ded3d1; border-radius:3px; margin-right:3px; border:1px solid #666;' title='#ded3d1'></span><span style='display:inline-block; width:18px; height:18px; background-color:#a49493; border-radius:3px; margin-right:3px; border:1px solid #666;' title='#a49493'></span><span style='display:inline-block; width:18px; height:18px; background-color:#261818; border-radius:3px; margin-right:3px; border:1px solid #666;' title='#261818'></span>,Grey,Women,0.539,12.36,#181011,2,Palette 2 (Contemporary & Earthy Street),"[""#424654"", ""#606681"", ""#97aad6"", ""#181011""]",False,Tier 3: Non-Priority / Neutral,Palette deviation (ΔE=12.4) exceeds target country baseline.
17,17,cz,Dámské šaty Figl M135 modré,"Krásné šaty z pružného materiálu, který se přizpůsobí tvaru těla, bez podšívky. Svůdný výstřih krásně zvýrazn",184,dresses,Bag,Bag,False,True,False,False,Grey,0.2085,0.347,"['#4d4b4f', '#0452b4', '#023379', '#180f11']",custom-tag,77.65,False,Product class not explicitly described in name,"[""#4d4b50"", ""#0554b6"", ""#02357d"", ""#181012""]","[[77, 75, 80], [5, 84, 182], [2, 53, 125], [24, 16, 18]]","Grey, Blue, Navy Blue, Black",<span style='display:inline-block; width:18px; height:18px; background-color:#4d4b50; border-radius:3px; margin-right:3px; border:1px solid #666;' title='#4d4b50'></span><span style='display:inline-block; width:18px; height:18px; background-color:#0554b6; border-radius:3px; margin-right:3px; border:1px solid #666;' title='#0554b6'></span><span style='display:inline-block; width:18px; height:18px; background-color:#02357d; border-radius:3px; margin-right:3px; border:1px solid #666;' title='#02357d'></span><span style='display:inline-block; width:18px; height:18px; background-color:#181012; border-radius:3px; margin-right:3px; border:1px solid #666;' title='#181012'></span>,Grey,Women,0.5269,12.81,#181011,2,Palette 2 (Contemporary & Earthy Street),"[""#424654"", ""#606681"", ""#97aad6"", ""#181011""]",False,Tier 3: Non-Priority / Neutral,Palette deviation (ΔE=12.8) exceeds target country baseline.
18,18,cz,Dámské šaty Figl M135 béžové,"Krásné šaty z pružného materiálu, který se přizpůsobí tvaru těla, bez podšívky. Svůdný výstřih krásně zvýrazn",184,dresses,Bag,Bag,False,True,False,False,Grey,0.0579,0.364,"['#4b494b', '#545255', '#ebd8ce', '#1c110e']",custom-tag,69.96,False,Product class not explicitly described in name,"[""#4b494b"", ""#545255"", ""#ebd8ce"", ""#1c100d""]","[[75, 73, 75], [84, 82, 85], [235, 216, 206], [28, 16, 13]]","Grey, Black",<span style='display:inline-block; width:18px; height:18px; background-color:#4b494b; border-radius:3px; margin-right:3px; border:1px solid #666;' title='#4b494b'></span><span style='display:inline-block; width:18px; height:18px; background-color:#545255; border-radius:3px; margin-right:3px; border:1px solid #666;' title='#545255'></span><span style='display:inline-block; width:18px; height:18px; background-color:#ebd8ce; border-radius:3px; margin-right:3px; border:1px solid #666;' title='#ebd8ce'></span><span style='display:inline-block; width:18px; height:18px; background-color:#1c100d; border-radius:3px; margin-right:3px; border:1px solid #666;' title='#1c100d'></span>,Grey,Women,0.5907,10.53,#181011,2,Palette 2 (Contemporary & Earthy Street),"[""#424654"", ""#606681"", ""#97aad6"", ""#181011""]",False,Tier 3: Non-Priority / Neutral,Palette deviation (ΔE=10.5) exceeds target country baseline.
20,20,cz,Dámské šaty Figl M079 béžové mocca,Elegantní dámské koktejlové šaty značky Figl. Klasický pouzdrový střih dokonale zdůrazní Vaši postavu. Široká ramínk,184,dresses,Dress,Dress,False,True,False,False,Grey,0.025,0.5788,"['#92918f', '#a0a09e', '#848281', '#2b160d']",custom-tag,49.67,True,Relevant keyword 'šaty' found in name,"[""#a0a09e"", ""#92918f"", ""#838180"", ""#311b11""]","[[160, 160, 158], [146, 145, 143], [131, 129, 128], [49, 27, 17]]","Grey, Brown",<span style='display:inline-block; width:18px; height:18px; background-color:#a0a09e; border-radius:3px; margin-right:3px; border:1px solid #666;' title='#a0a09e'></span><span style='display:inline-block; width:18px; height:18px; background-color:#92918f; border-radius:3px; margin-right:3px; border:1px solid #666;' title='#92918f'></span><span style='display:inline-block; width:18px; height:18px; background-color:#838180; border-radius:3px; margin-right:3px; border:1px solid #666;' title='#838180'></span><span style='display:inline-block; width:18px; height:18px; background-color:#311b11; border-radius:3px; margin-right:3px; border:1px solid #666;' title='#311b11'></span>,Grey,Women,0.505,13.66,#bca6a9,1,Palette 1 (Core & Classic Neutrals),"[""#efebe9"", ""#d6cccf"", ""#bca6a9"", ""#9e8284""]",False,Tier 3: Non-Priority / Neutral,Palette deviation (ΔE=13.7) exceeds target country baseline.
21,21,cz,Dámské šaty Figl M079 černé,Elegantní dámské koktejlové šaty značky Figl. Klasický pouzdrový střih dokonale zdůrazní Vaši postavu. Široká ramínk,184,dresses,Dress,Dress,False,True,False,False,Grey,0.0839,0.521,"['#948b8c', '#a49b9b', '#191414', '#7f7677']",custom-tag,53.28,True,Relevant keyword 'šaty' found in name,"[""#948b8c"", ""#a49b9b"", ""#181414"", ""#7e7575""]","[[148, 139, 140], [164, 155, 155], [24, 20, 20], [126, 117, 117]]","Grey, Black",<span style='display:inline-block; width:18px; height:18px; background-color:#948b8c; border-radius:3px; margin-right:3px; border:1px solid #666;' title='#948b8c'></span><span style='display:inline-block; width:18px; height:18px; background-color:#a49b9b; border-radius:3px; margin-right:3px; border:1px solid #666;' title='#a49b9b'></span><span style='display:inline-block; width:18px; height:18px; background-color:#181414; border-radius:3px; margin-right:3px; border:1px solid #666;' title='#181414'></span><span style='display:inline-block; width:18px; height:18px; background-color:#7e7575; border-radius:3px; margin-right:3px; border:1px solid #666;' title='#7e7575'></span>,Grey,Women,0.536,12.47,#bca6a9,1,Palette 1 (Core & Classic Neutrals),"[""#efebe9"", ""#d6cccf"", ""#bca6a9"", ""#9e8284""]",False,Tier 3: Non-Priority / Neutral,Palette deviation (ΔE=12.5) exceeds target country baseline.
22,22,cz,Dámské šaty Figl M079 modré safírové,Elegantní dámské koktejlové šaty značky Figl. Klasický pouzdrový střih dokonale zdůrazní Vaši postavu. Široká ramínk,184,dresses,Dress,Dress,False,True,False,False,Grey,0.1462,0.5745,"['#a39a9a', '#8e8586', '#2b3576', '#1b1621']",custom-tag,53.11,True,Relevant keyword 'šaty' found in name,"[""#a2999a"", ""#8d8485"", ""#2b3575"", ""#1a1521""]","[[162, 153, 154], [141, 132, 133], [43, 53, 117], [26, 21, 33]]","Grey, Navy Blue, Black",<span style='display:inline-block; width:18px; height:18px; background-color:#a2999a; border-radius:3px; margin-right:3px; border:1px solid #666;' title='#a2999a'></span><span style='display:inline-block; width:18px; height:18px; background-color:#8d8485; border-radius:3px; margin-right:3px; border:1px solid #666;' title='#8d8485'></span><span style='display:inline-block; width:18px; height:18px; background-color:#2b3575; border-radius:3px; margin-right:3px; border:1px solid #666;' title='#2b3575'></span><span style='display:inline-block; width:18px; height:18px; background-color:#1a1521; border-radius:3px; margin-right:3px; border:1px solid #666;' title='#1a1521'></span>,Grey,Women,0.4362,16.59,#9e8284,1,Palette 1 (Core & Classic Neutrals),"[""#efebe9"", ""#d6cccf"", ""#bca6a9"", ""#9e8284""]",False,Tier 3: Non-Priority / Neutral,Palette deviation (ΔE=16.6) exceeds target country baseline.
23,23,cz,Dámské šaty Figl M079 fuchsiové,Elegantní dámské koktejlové šaty značky Figl. Klasický pouzdrový střih dokonale zdůrazní Vaši postavu. Široká ramínk,184,dresses,Dress,Dress,False,True,False,True,Pink/Magenta,0.5649,0.8742,"['#de1b9a', '#eeeef0', '#d69da3', '#4e262d']",custom-tag,62.74,True,Relevant keyword 'šaty' found in name,"[""#e524a2"", ""#eceaec"", ""#c7087c"", ""#4a272a""]","[[229, 36, 162], [236, 234, 236], [199, 8, 124], [74, 39, 42]]","Pink/Magenta, White, Red",<span style='display:inline-block; width:18px; height:18px; background-color:#e524a2; border-radius:3px; margin-right:3px; border:1px solid #666;' title='#e524a2'></span><span style='display:inline-block; width:18px; height:18px; background-color:#eceaec; border-radius:3px; margin-right:3px; border:1px solid #666;' title='#eceaec'></span><span style='display:inline-block; width:18px; height:18px; background-color:#c7087c; border-radius:3px; margin-right:3px; border:1px solid #666;' title='#c7087c'></span><span style='display:inline-block; width:18px; height:18px; background-color:#4a272a; border-radius:3px; margin-right:3px; border:1px solid #666;' title='#4a272a'></span>,Pink/Magenta,Women,0.0498,60.01,#efebe9,1,Palette 1 (Core & Classic Neutrals),"[""#efebe9"", ""#d6cccf"", ""#bca6a9"", ""#9e8284""]",False,Tier 3: Non-Priority / Neutral,Palette deviation (ΔE=60.0) exceeds target country baseline.
24,24,cz,Dámské šaty Figl M079 korálové,Elegantní dámské koktejlové šaty značky Figl. Klasický pouzdrový střih dokonale zdůrazní Vaši postavu. Široká ramínk,184,dresses,Dress,Dress,False,True,False,False,Grey,0.0284,0.5847,"['#9d9c9a', '#91908e', '#858381', '#d8535b']",custom-tag,46.67,True,Relevant keyword 'šaty' found in name,"[""#9d9c9a"", ""#91908e"", ""#858280"", ""#d35259""]","[[157, 156, 154], [145, 144, 142], [133, 130, 128], [211, 82, 89]]","Grey, Red",<span style='display:inline-block; width:18px; height:18px; background-color:#9d9c9a; border-radius:3px; margin-right:3px; border:1px solid #666;' title='#9d9c9a'></span><span style='display:inline-block; width:18px; height:18px; background-color:#91908e; border-radius:3px; margin-right:3px; border:1px solid #666;' title='#91908e'></span><span style='display:inline-block; width:18px; height:18px; background-color:#858280; border-radius:3px; margin-right:3px; border:1px solid #666;' title='#858280'></span><span style='display:inline-block; width:18px; height:18px; background-color:#d35259; border-radius:3px; margin-right:3px; border:1px solid #666;' title='#d35259'></span>,Grey,Women,0.4999,13.87,#bca6a9,1,Palette 1 (Core & Classic Neutrals),"[""#efebe9"", ""#d6cccf"", ""#bca6a9"", ""#9e8284""]",False,Tier 3: Non-Priority / Neutral,Palette deviation (ΔE=13.9) exceeds target country baseline.
25,25,cz,Dámské šaty Figl M076 černé,Dámské romantické šaty vhodné především do společnosti. Šaty mají tříčtvrteční rukávy a délku nad kolena. Kla,184,dresses,Dress,Dress,False,True,False,False,Grey,0.0402,0.5755,"['#b7b7b6', '#a3a3a2', '#171516', '#60554e']",custom-tag,50.83,True,Relevant keyword 'šaty' found in name,"[""#b7b6b6"", ""#a3a2a1"", ""#171517"", ""#60554f""]","[[183, 182, 182], [163, 162, 161], [23, 21, 23], [96, 85, 79]]","Grey, Black, Brown",<span style='display:inline-block; width:18px; height:18px; background-color:#b7b6b6; border-radius:3px; margin-right:3px; border:1px solid #666;' title='#b7b6b6'></span><span style='display:inline-block; width:18px; height:18px; background-color:#a3a2a1; border-radius:3px; margin-right:3px; border:1px solid #666;' title='#a3a2a1'></span><span style='display:inline-block; width:18px; height:18px; background-color:#171517; border-radius:3px; margin-right:3px; border:1px solid #666;' title='#171517'></span><span style='display:inline-block; width:18px; height:18px; background-color:#60554f; border-radius:3px; margin-right:3px; border:1px solid #666;' title='#60554f'></span>,Grey,Women,0.483,14.56,#bca6a9,1,Palette 1 (Core & Classic Neutrals),"[""#efebe9"", ""#d6cccf"", ""#bca6a9"", ""#9e8284""]",False,Tier 3: Non-Priority / Neutral,Palette deviation (ΔE=14.6) exceeds target country baseline.
28,28,cz,Zelené pouzdrové šaty Katrus K028,"Zelené pouzdrové šaty vypasovaného střihu, vzadu zapínání na dlouhý zip. Na ramenou sundávací mašličky. Barva:",184,dresses,Dress,Dress,False,True,False,True,Green,0.2925,0.8325,"['#72cfb7', '#e0e0e4', '#bca097', '#4d4f45']",custom-tag,66.2,True,Relevant keyword 'šaty' found in name,"[""#72cfb7"", ""#e0dfe4"", ""#b0988d"", ""#49473e""]","[[114, 207, 183], [224, 223, 228], [176, 152, 141], [73, 71, 62]]","Green, White, Orange, Grey",<span style='display:inline-block; width:18px; height:18px; background-color:#72cfb7; border-radius:3px; margin-right:3px; border:1px solid #666;' title='#72cfb7'></span><span style='display:inline-block; width:18px; height:18px; background-color:#e0dfe4; border-radius:3px; margin-right:3px; border:1px solid #666;' title='#e0dfe4'></span><span style='display:inline-block; width:18px; height:18px; background-color:#b0988d; border-radius:3px; margin-right:3px; border:1px solid #666;' title='#b0988d'></span><span style='display:inline-block; width:18px; height:18px; background-color:#49473e; border-radius:3px; margin-right:3px; border:1px solid #666;' title='#49473e'></span>,Green,Women,0.2113,31.09,#efebe9,1,Palette 1 (Core & Classic Neutrals),"[""#efebe9"", ""#d6cccf"", ""#bca6a9"", ""#9e8284""]",False,Tier 3: Non-Priority / Neutral,Palette deviation (ΔE=31.1) exceeds target country baseline.
31,31,cz,Vans Street boty Classic Slip-On,Vans Street boty Classic Slip-On Černá. K dispozici v dámské velikosti. 36. Dámské   Boty   Street boty,536,womens-espadrilles,Sandal,Sandal,True,True,True,False,Grey,0.0371,0.5196,"['#3e3e3a', '#dfe0df', '#646461', '#a09f9c']",custom-tag,57.34,False,Product class not explicitly described in name,"[""#3d3d39"", ""#dfe0df"", ""#61605d"", ""#a3a29f""]","[[61, 61, 57], [223, 224, 223], [97, 96, 93], [163, 162, 159]]",Grey,<span style='display:inline-block; width:18px; height:18px; background-color:#3d3d39; border-radius:3px; margin-right:3px; border:1px solid #666;' title='#3d3d39'></span><span style='display:inline-block; width:18px; height:18px; background-color:#dfe0df; border-radius:3px; margin-right:3px; border:1px solid #666;' title='#dfe0df'></span><span style='display:inline-block; width:18px; height:18px; background-color:#61605d; border-radius:3px; margin-right:3px; border:1px solid #666;' title='#61605d'></span><span style='display:inline-block; width:18px; height:18px; background-color:#a3a29f; border-radius:3px; margin-right:3px; border:1px solid #666;' title='#a3a29f'></span>,Grey,Unisex,0.4755,14.87,#bca6a9,2,Palette 2 (Contemporary & Earthy Street),"[""#bca6a9"", ""#8b919e"", ""#0f0d0f"", ""#262126""]",False,Tier 3: Non-Priority / Neutral,Palette deviation (ΔE=14.9) exceeds target country baseline.
34,34,cz,Modré šaty Nife S08,"Krásné a elegantní šaty ve třech výrazných barvách. Výstřih zdobený saténem, tříčtvrteční rukávy, délk",184,dresses,Dress,Dress,False,True,False,True,Grey,0.2277,0.3986,"['#3e3937', '#686364', '#a8a2a5', '#042763']",custom-tag,59.61,True,Relevant keyword 'šaty' found in name,"[""#3e3937"", ""#696465"", ""#a9a3a6"", ""#042762""]","[[62, 57, 55], [105, 100, 101], [169, 163, 166], [4, 39, 98]]","Grey, Navy Blue",<span style='display:inline-block; width:18px; height:18px; background-color:#3e3937; border-radius:3px; margin-right:3px; border:1px solid #666;' title='#3e3937'></span><span style='display:inline-block; width:18px; height:18px; background-color:#696465; border-radius:3px; margin-right:3px; border:1px solid #666;' title='#696465'></span><span style='display:inline-block; width:18px; height:18px; background-color:#a9a3a6; border-radius:3px; margin-right:3px; border:1px solid #666;' title='#a9a3a6'></span><span style='display:inline-block; width:18px; height:18px; background-color:#042762; border-radius:3px; margin-right:3px; border:1px solid #666;' title='#042762'></span>,Grey,Women,0.4524,15.86,#424654,2,Palette 2 (Contemporary & Earthy Street),"[""#424654"", ""#606681"", ""#97aad6"", ""#181011""]",False,Tier 3: Non-Priority / Neutral,Palette deviation (ΔE=15.9) exceeds target country baseline.
42,42,cz,Dámské šaty Figl M202 korálové,"Jednoduché elegatní šaty pro každou příležitost. V pase a na prsou záševky, vzadu zapínání na zip. Mírně pružný materi&aacu",184,dresses,Dress,Dress,False,True,False,False,Grey,0.1648,0.7921,"['#cdc6c7', '#bfb8b7', '#e14d5e', '#73281e']",custom-tag,46.98,True,Relevant keyword 'šaty' found in name,"[""#c8c2c2"", ""#e34b5c"", ""#b2a5a3"", ""#72281e""]","[[200, 194, 194], [227, 75, 92], [178, 165, 163], [114, 40, 30]]","Grey, Red",<span style='display:inline-block; width:18px; height:18px; background-color:#c8c2c2; border-radius:3px; margin-right:3px; border:1px solid #666;' title='#c8c2c2'></span><span style='display:inline-block; width:18px; height:18px; background-color:#e34b5c; border-radius:3px; margin-right:3px; border:1px solid #666;' title='#e34b5c'></span><span style='display:inline-block; width:18px; height:18px; background-color:#b2a5a3; border-radius:3px; margin-right:3px; border:1px solid #666;' title='#b2a5a3'></span><span style='display:inline-block; width:18px; height:18px; background-color:#72281e; border-radius:3px; margin-right:3px; border:1px solid #666;' title='#72281e'></span>,Grey,Women,0.5194,13.1,#d6cccf,1,Palette 1 (Core & Classic Neutrals),"[""#efebe9"", ""#d6cccf"", ""#bca6a9"", ""#9e8284""]",False,Tier 3: Non-Priority / Neutral,Palette deviation (ΔE=13.1) exceeds target country baseline.
43,43,cz,Letní šaty ve stylu Safari Your Life Your Fashion vel.42 skladem,Letní šaty ve stylu Safari    Letní šaty ve stylu Safari značky Your Life Your Fashion v barvě khaki,184,dresses,Bag,Bag,False,True,False,True,Grey,0.4505,0.8057,"['#fbdad9', '#d41a4b', '#60755b', '#e0856c']",custom-tag,68.91,False,Product class not explicitly described in name,"[""#fbdad9"", ""#d4194b"", ""#61745a"", ""#e1866e""]","[[251, 218, 217], [212, 25, 75], [97, 116, 90], [225, 134, 110]]","Grey, Pink/Magenta, Green, Red",<span style='display:inline-block; width:18px; height:18px; background-color:#fbdad9; border-radius:3px; margin-right:3px; border:1px solid #666;' title='#fbdad9'></span><span style='display:inline-block; width:18px; height:18px; background-color:#d4194b; border-radius:3px; margin-right:3px; border:1px solid #666;' title='#d4194b'></span><span style='display:inline-block; width:18px; height:18px; background-color:#61745a; border-radius:3px; margin-right:3px; border:1px solid #666;' title='#61745a'></span><span style='display:inline-block; width:18px; height:18px; background-color:#e1866e; border-radius:3px; margin-right:3px; border:1px solid #666;' title='#e1866e'></span>,Grey,Women,0.3669,20.05,#d6cccf,1,Palette 1 (Core & Classic Neutrals),"[""#efebe9"", ""#d6cccf"", ""#bca6a9"", ""#9e8284""]",False,Tier 3: Non-Priority / Neutral,Palette deviation (ΔE=20.1) exceeds target country baseline.
44,44,cz,Podprsenka Triola 28003 zmenšovací,"Zmenšovací nevyztužená podprsenka TRIOLA 28003 s kosticemi zdobená krajkou. Propracovaný lisovaný košíček opticky zmenší prsa až o jednu velikost. Ramínka, která jsou v horní části rozšířená, uleví šíji a dodají pocit pohodlí.",422,womens-bras,T-shirt/top,T-shirt/top,True,True,True,True,Red,0.5229,0.3922,"['#2d130e', '#6e4924', '#eeeeea', '#a7a398']",custom-tag,22.88,False,Product class not explicitly described in name,"[""#2d140e"", ""#6e4823"", ""#efefea"", ""#a8a499""]","[[45, 20, 14], [110, 72, 35], [239, 239, 234], [168, 164, 153]]","Red, Orange, White, Grey",<span style='display:inline-block; width:18px; height:18px; background-color:#2d140e; border-radius:3px; margin-right:3px; border:1px solid #666;' title='#2d140e'></span><span style='display:inline-block; width:18px; height:18px; background-color:#6e4823; border-radius:3px; margin-right:3px; border:1px solid #666;' title='#6e4823'></span><span style='display:inline-block; width:18px; height:18px; background-color:#efefea; border-radius:3px; margin-right:3px; border:1px solid #666;' title='#efefea'></span><span style='display:inline-block; width:18px; height:18px; background-color:#a8a499; border-radius:3px; margin-right:3px; border:1px solid #666;' title='#a8a499'></span>,Red,Unisex,0.4155,17.56,#bca6a9,2,Palette 2 (Contemporary & Earthy Street),"[""#bca6a9"", ""#8b919e"", ""#0f0d0f"", ""#262126""]",False,Tier 3: Non-Priority / Neutral,Palette deviation (ΔE=17.6) exceeds target country baseline.
45,45,cz,Bas Bleu Bas Blue Samodržící punčochy Lucrezia červená,"Luxusní samodržící punčochy s širokým krajkovým lemem pro elegantní vzhled.      - Krajkový lem se silikonovými proužky, díky kterým punčochy dobře drží a nekloužou   - Síla materiálu 20 DEN        Materiál: 86% polyamid,14% elastan                  Velikost    S    M    L    XL          Váha kg    49-67    57-75    65-83    do 90          Výška cm    152-173    155-178    157-183    159-193",39577,womens-hosiery,Coat,Coat,True,True,True,True,Red,0.4452,0.5747,"['#ba6458', '#a93e3a', '#211b1f', '#f1dddb']",custom-tag,89.72,False,Product class not explicitly described in name,"[""#a93f3b"", ""#bb6559"", ""#221b1f"", ""#f1dddb""]","[[169, 63, 59], [187, 101, 89], [34, 27, 31], [241, 221, 219]]","Red, Black, White",<span style='display:inline-block; width:18px; height:18px; background-color:#a93f3b; border-radius:3px; margin-right:3px; border:1px solid #666;' title='#a93f3b'></span><span style='display:inline-block; width:18px; height:18px; background-color:#bb6559; border-radius:3px; margin-right:3px; border:1px solid #666;' title='#bb6559'></span><span style='display:inline-block; width:18px; height:18px; background-color:#221b1f; border-radius:3px; margin-right:3px; border:1px solid #666;' title='#221b1f'></span><span style='display:inline-block; width:18px; height:18px; background-color:#f1dddb; border-radius:3px; margin-right:3px; border:1px solid #666;' title='#f1dddb'></span>,Red,Unisex,0.2826,25.27,#7f4534,3,Palette 3 (Vibrant Statement & Accents),"[""#7f4534"", ""#51261a"", ""#1476bc"", ""#e7d311""]",False,Tier 3: Non-Priority / Neutral,Palette deviation (ΔE=25.3) exceeds target country baseline.
46,46,cz,Bas Bleu Samodržící punčochy Amelia černá,"Luxusní samodržící punčochy s širokým krajkovým lemem pro elegantní vzhled.      - Krajkový lem se silikonovými proužky, díky kterým punčochy dobře drží a nekloužou   - Síla materiálu 20 DEN        Materiál: 86% polyamid,14% elastan                    Velikost    S    M    L    XL          Váha kg    49-67    57-75    65-83    do 90          Výška cm    152-173    155-178    157-183    159-193",39577,womens-hosiery,Trouser,Trouser,True,True,True,False,Grey,0.1102,0.69,"['#cdccd0', '#eae9ea', '#221715', '#9a8e8c']",custom-tag,74.64,False,Product class not explicitly described in name,"[""#cdccd0"", ""#eae9ea"", ""#231715"", ""#9a8f8d""]","[[205, 204, 208], [234, 233, 234], [35, 23, 21], [154, 143, 141]]","Grey, White, Black",<span style='display:inline-block; width:18px; height:18px; background-color:#cdccd0; border-radius:3px; margin-right:3px; border:1px solid #666;' title='#cdccd0'></span><span style='display:inline-block; width:18px; height:18px; background-color:#eae9ea; border-radius:3px; margin-right:3px; border:1px solid #666;' title='#eae9ea'></span><span style='display:inline-block; width:18px; height:18px; background-color:#231715; border-radius:3px; margin-right:3px; border:1px solid #666;' title='#231715'></span><span style='display:inline-block; width:18px; height:18px; background-color:#9a8f8d; border-radius:3px; margin-right:3px; border:1px solid #666;' title='#9a8f8d'></span>,Grey,Unisex,0.5686,11.29,#ede8eb,1,Palette 1 (Core & Classic Neutrals),"[""#ede8eb"", ""#efebe9"", ""#d6cccf"", ""#b7c1be""]",False,Tier 3: Non-Priority / Neutral,Palette deviation (ΔE=11.3) exceeds target country baseline.
47,47,cz,SOFTLINE COLLECTION Erotická tanga 2295,2295 - Sexy tanga 2295 SoftLine collection vyrobená ze samých tenkých šňůreček zdobená srdíčky.,5382,panties-and-thongs,Trouser,Trouser,False,True,False,False,White,0.1922,0.5948,"['#e6e4dd', '#151517', '#b4b5ae', '#665a58']",custom-tag,47.62,False,Product class not explicitly described in name,"[""#e6e4dd"", ""#151517"", ""#b4b5ae"", ""#665a58""]","[[230, 228, 221], [21, 21, 23], [180, 181, 174], [102, 90, 88]]","White, Black, Grey",<span style='display:inline-block; width:18px; height:18px; background-color:#e6e4dd; border-radius:3px; margin-right:3px; border:1px solid #666;' title='#e6e4dd'></span><span style='display:inline-block; width:18px; height:18px; background-color:#151517; border-radius:3px; margin-right:3px; border:1px solid #666;' title='#151517'></span><span style='display:inline-block; width:18px; height:18px; background-color:#b4b5ae; border-radius:3px; margin-right:3px; border:1px solid #666;' title='#b4b5ae'></span><span style='display:inline-block; width:18px; height:18px; background-color:#665a58; border-radius:3px; margin-right:3px; border:1px solid #666;' title='#665a58'></span>,White,Women,0.5831,10.79,#efebe9,1,Palette 1 (Core & Classic Neutrals),"[""#efebe9"", ""#d6cccf"", ""#bca6a9"", ""#9e8284""]",False,Tier 3: Non-Priority / Neutral,Palette deviation (ΔE=10.8) exceeds target country baseline.
50,50,cz,SOFTLINE COLLECTION Erotická tanga 2314,2314 - Sexy tanga 2314 SoftLine collection z jemné krajky a tylu.,5382,panties-and-thongs,Trouser,Trouser,False,True,False,True,Black,0.3423,0.5267,"['#200c0b', '#e1e1dc', '#b4b3a9', '#5d4038']",custom-tag,55.19,False,Product class not explicitly described in name,"[""#200c0b"", ""#e1e2dc"", ""#b4b3a9"", ""#5d3f37""]","[[32, 12, 11], [225, 226, 220], [180, 179, 169], [93, 63, 55]]","Black, White, Grey, Red",<span style='display:inline-block; width:18px; height:18px; background-color:#200c0b; border-radius:3px; margin-right:3px; border:1px solid #666;' title='#200c0b'></span><span style='display:inline-block; width:18px; height:18px; background-color:#e1e2dc; border-radius:3px; margin-right:3px; border:1px solid #666;' title='#e1e2dc'></span><span style='display:inline-block; width:18px; height:18px; background-color:#b4b3a9; border-radius:3px; margin-right:3px; border:1px solid #666;' title='#b4b3a9'></span><span style='display:inline-block; width:18px; height:18px; background-color:#5d3f37; border-radius:3px; margin-right:3px; border:1px solid #666;' title='#5d3f37'></span>,Black,Women,0.5253,12.88,#181011,2,Palette 2 (Contemporary & Earthy Street),"[""#424654"", ""#606681"", ""#97aad6"", ""#181011""]",False,Tier 3: Non-Priority / Neutral,Palette deviation (ΔE=12.9) exceeds target country baseline.
51,51,cz,SOFTLINE COLLECTION Samodržící punčochy 5517 bílá,5517 white - Dámské samodržící punčochy 5517 SoftLine collection.,39577,womens-hosiery,Shirt,Shirt,True,True,True,False,Grey,0.0905,0.7509,"['#dddbd5', '#bdb8ad', '#85857a', '#2d2b24']",custom-tag,71.79,False,Product class not explicitly described in name,"[""#dddad4"", ""#bdb8ac"", ""#88877c"", ""#2f2c25""]","[[221, 218, 212], [189, 184, 172], [136, 135, 124], [47, 44, 37]]","Grey, Yellow",<span style='display:inline-block; width:18px; height:18px; background-color:#dddad4; border-radius:3px; margin-right:3px; border:1px solid #666;' title='#dddad4'></span><span style='display:inline-block; width:18px; height:18px; background-color:#bdb8ac; border-radius:3px; margin-right:3px; border:1px solid #666;' title='#bdb8ac'></span><span style='display:inline-block; width:18px; height:18px; background-color:#88877c; border-radius:3px; margin-right:3px; border:1px solid #666;' title='#88877c'></span><span style='display:inline-block; width:18px; height:18px; background-color:#2f2c25; border-radius:3px; margin-right:3px; border:1px solid #666;' title='#2f2c25'></span>,Grey,Unisex,0.5099,13.47,#efebe9,1,Palette 1 (Core & Classic Neutrals),"[""#ede8eb"", ""#efebe9"", ""#d6cccf"", ""#b7c1be""]",False,Tier 3: Non-Priority / Neutral,Palette deviation (ΔE=13.5) exceeds target country baseline.
54,54,cz,Kalimo Pohodlný komplet Venice červený,"Pohodlná saténová souprava skládající se z košilky a šortek. Hloubku výstřihu lze regulovat nastavitelnými ramínky. Šortky jsou při nošení maximálně pohodlné. Po bocích jsou ozdobené malou mašličkou. Pyžamo je ideálním řešením Pohodlná saténová souprava skládající se z košilky a šortek. Hloubku výstřihu lze regulovat nastavitelnými ramínky. Šortky jsou při nošení maximálně pohodlné. Po bocích jsou ozdobené malou mašličkou. Pyžamo je ideálním řešením pro ženy, které oceňují eleganci. Materiál poskytuje měkkost na vnitřní straně a vysoký lesk na vnější straně. Celková délka košilky měřená od bočního švu je 35 cm. Sada je balena v elegantním, dvoudílném balení, takže to může být zajímavý nápad na dárek. Materiál: 97% polyester, 3% elastan",386,women-s-shorts,Trouser,Trouser,True,True,True,True,Red,0.8131,0.6663,"['#7d0314', '#b70d1d', '#e44a47', '#ece5e4']",custom-tag,40.18,False,Product class not explicitly described in name,"[""#7c0414"", ""#b70c1d"", ""#e44947"", ""#ece6e5""]","[[124, 4, 20], [183, 12, 29], [228, 73, 71], [236, 230, 229]]","Red, White",<span style='display:inline-block; width:18px; height:18px; background-color:#7c0414; border-radius:3px; margin-right:3px; border:1px solid #666;' title='#7c0414'></span><span style='display:inline-block; width:18px; height:18px; background-color:#b70c1d; border-radius:3px; margin-right:3px; border:1px solid #666;' title='#b70c1d'></span><span style='display:inline-block; width:18px; height:18px; background-color:#e44947; border-radius:3px; margin-right:3px; border:1px solid #666;' title='#e44947'></span><span style='display:inline-block; width:18px; height:18px; background-color:#ece6e5; border-radius:3px; margin-right:3px; border:1px solid #666;' title='#ece6e5'></span>,Red,Unisex,0.1878,33.45,#7f4534,3,Palette 3 (Vibrant Statement & Accents),"[""#7f4534"", ""#51261a"", ""#1476bc"", ""#e7d311""]",False,Tier 3: Non-Priority / Neutral,Palette deviation (ΔE=33.4) exceeds target country baseline.
56,56,cz,James & Nicholson Pánská zimní softshellová bunda James & Nicholson JN1000 Aqua modrá S,Pánská zimní softshellová bunda ve velikosti S-3XL.,86519,mens-sport-jackets,Bag,Bag,True,False,False,True,Blue,0.7305,0.8495,"['#399cf3', '#2074c0', '#122c38', '#eef9fc']",custom-tag,71.49,False,Product class not explicitly described in name,"[""#399bf2"", ""#1f74c0"", ""#132d3a"", ""#ecf8fb""]","[[57, 155, 242], [31, 116, 192], [19, 45, 58], [236, 248, 251]]","Blue, Navy Blue, White",<span style='display:inline-block; width:18px; height:18px; background-color:#399bf2; border-radius:3px; margin-right:3px; border:1px solid #666;' title='#399bf2'></span><span style='display:inline-block; width:18px; height:18px; background-color:#1f74c0; border-radius:3px; margin-right:3px; border:1px solid #666;' title='#1f74c0'></span><span style='display:inline-block; width:18px; height:18px; background-color:#132d3a; border-radius:3px; margin-right:3px; border:1px solid #666;' title='#132d3a'></span><span style='display:inline-block; width:18px; height:18px; background-color:#ecf8fb; border-radius:3px; margin-right:3px; border:1px solid #666;' title='#ecf8fb'></span>,Blue,Men,0.334,21.93,#1476bc,3,Palette 3 (Vibrant Statement & Accents),"[""#b9745f"", ""#7f4534"", ""#1476bc"", ""#e7d311""]",False,Tier 3: Non-Priority / Neutral,Palette deviation (ΔE=21.9) exceeds target country baseline.
57,57,cz,Výrazné šaty Nife S28 růžové,"Růžové šaty volnějšího střihu, zkrácené rukávy s dvojitým lemem. Vpředu kulatý výstřih, vzadu hlubší výstřih",184,dresses,Dress,Dress,False,True,False,True,Yellow,0.3458,0.6719,"['#a5a187', '#df1f53', '#3f1810', '#9b1a33']",custom-tag,48.1,True,Relevant keyword 'šaty' found in name,"[""#aba88e"", ""#9c977b"", ""#da1e51"", ""#541f18""]","[[171, 168, 142], [156, 151, 123], [218, 30, 81], [84, 31, 24]]","Yellow, Beige/Khaki, Pink/Magenta, Red",<span style='display:inline-block; width:18px; height:18px; background-color:#aba88e; border-radius:3px; margin-right:3px; border:1px solid #666;' title='#aba88e'></span><span style='display:inline-block; width:18px; height:18px; background-color:#9c977b; border-radius:3px; margin-right:3px; border:1px solid #666;' title='#9c977b'></span><span style='display:inline-block; width:18px; height:18px; background-color:#da1e51; border-radius:3px; margin-right:3px; border:1px solid #666;' title='#da1e51'></span><span style='display:inline-block; width:18px; height:18px; background-color:#541f18; border-radius:3px; margin-right:3px; border:1px solid #666;' title='#541f18'></span>,Yellow,Women,0.2945,24.45,#bca6a9,1,Palette 1 (Core & Classic Neutrals),"[""#efebe9"", ""#d6cccf"", ""#bca6a9"", ""#9e8284""]",False,Tier 3: Non-Priority / Neutral,Palette deviation (ΔE=24.4) exceeds target country baseline.
60,60,cz,Dámské šaty Figl M083 modré,"Elegantní dámské šaty v modré barvě, široká ramínka, široká skládaná sukně. S podšívkou. Pásek",184,dresses,Dress,Dress,False,True,False,False,Grey,0.1985,0.7123,"['#c6c2b3', '#b1ad9f', '#4178bb', '#2c2a37']",custom-tag,56.74,True,Relevant keyword 'šaty' found in name,"[""#c6c3b4"", ""#b2aea0"", ""#4278bb"", ""#2d2d3c""]","[[198, 195, 180], [178, 174, 160], [66, 120, 187], [45, 45, 60]]","Grey, Blue, Navy Blue",<span style='display:inline-block; width:18px; height:18px; background-color:#c6c3b4; border-radius:3px; margin-right:3px; border:1px solid #666;' title='#c6c3b4'></span><span style='display:inline-block; width:18px; height:18px; background-color:#b2aea0; border-radius:3px; margin-right:3px; border:1px solid #666;' title='#b2aea0'></span><span style='display:inline-block; width:18px; height:18px; background-color:#4278bb; border-radius:3px; margin-right:3px; border:1px solid #666;' title='#4278bb'></span><span style='display:inline-block; width:18px; height:18px; background-color:#2d2d3c; border-radius:3px; margin-right:3px; border:1px solid #666;' title='#2d2d3c'></span>,Grey,Women,0.4238,17.17,#d6cccf,1,Palette 1 (Core & Classic Neutrals),"[""#efebe9"", ""#d6cccf"", ""#bca6a9"", ""#9e8284""]",False,Tier 3: Non-Priority / Neutral,Palette deviation (ΔE=17.2) exceeds target country baseline.
63,63,cz,"Růžové plavky se zlatou nitkou SANSelle, Francie",,201,bikinis,T-shirt/top,T-shirt/top,False,True,False,True,Black,0.4777,0.5271,"['#1d1515', '#e55da9', '#7c3b32', '#e9dfdb']",custom-tag,38.27,False,Product class not explicitly described in name,"[""#1d1515"", ""#e65caa"", ""#7c3b32"", ""#e9dfdb""]","[[29, 21, 21], [230, 92, 170], [124, 59, 50], [233, 223, 219]]","Black, Pink/Magenta, Red, White",<span style='display:inline-block; width:18px; height:18px; background-color:#1d1515; border-radius:3px; margin-right:3px; border:1px solid #666;' title='#1d1515'></span><span style='display:inline-block; width:18px; height:18px; background-color:#e65caa; border-radius:3px; margin-right:3px; border:1px solid #666;' title='#e65caa'></span><span style='display:inline-block; width:18px; height:18px; background-color:#7c3b32; border-radius:3px; margin-right:3px; border:1px solid #666;' title='#7c3b32'></span><span style='display:inline-block; width:18px; height:18px; background-color:#e9dfdb; border-radius:3px; margin-right:3px; border:1px solid #666;' title='#e9dfdb'></span>,Black,Women,0.4771,14.8,#181011,2,Palette 2 (Contemporary & Earthy Street),"[""#424654"", ""#606681"", ""#97aad6"", ""#181011""]",False,Tier 3: Non-Priority / Neutral,Palette deviation (ΔE=14.8) exceeds target country baseline.
65,65,cz,"Fialové plavky se zlatou nitkou SANSelle, Francie",,201,bikinis,T-shirt/top,T-shirt/top,False,True,False,True,Purple,0.4291,0.5361,"['#64459c', '#181418', '#653f43', '#ece5e3']",custom-tag,27.04,False,Product class not explicitly described in name,"[""#64459c"", ""#181418"", ""#653f42"", ""#ede6e4""]","[[100, 69, 156], [24, 20, 24], [101, 63, 66], [237, 230, 228]]","Purple, Black, Pink, White",<span style='display:inline-block; width:18px; height:18px; background-color:#64459c; border-radius:3px; margin-right:3px; border:1px solid #666;' title='#64459c'></span><span style='display:inline-block; width:18px; height:18px; background-color:#181418; border-radius:3px; margin-right:3px; border:1px solid #666;' title='#181418'></span><span style='display:inline-block; width:18px; height:18px; background-color:#653f42; border-radius:3px; margin-right:3px; border:1px solid #666;' title='#653f42'></span><span style='display:inline-block; width:18px; height:18px; background-color:#ede6e4; border-radius:3px; margin-right:3px; border:1px solid #666;' title='#ede6e4'></span>,Purple,Women,0.1842,33.84,#181011,2,Palette 2 (Contemporary & Earthy Street),"[""#424654"", ""#606681"", ""#97aad6"", ""#181011""]",False,Tier 3: Non-Priority / Neutral,Palette deviation (ΔE=33.8) exceeds target country baseline.
66,66,cz,"Fialové plavky se zlatými kroužky 1404-0052 SANSelle, Francie",1404-0052 36 38,201,bikinis,T-shirt/top,T-shirt/top,False,True,False,True,Pink/Magenta,0.6581,0.5757,"['#a42c79', '#632c1a', '#882a52', '#f3e9e3']",custom-tag,26.36,False,Product class not explicitly described in name,"[""#632c1a"", ""#a52b7a"", ""#892b54"", ""#f3e9e3""]","[[99, 44, 26], [165, 43, 122], [137, 43, 84], [243, 233, 227]]","Red, Pink/Magenta, White",<span style='display:inline-block; width:18px; height:18px; background-color:#632c1a; border-radius:3px; margin-right:3px; border:1px solid #666;' title='#632c1a'></span><span style='display:inline-block; width:18px; height:18px; background-color:#a52b7a; border-radius:3px; margin-right:3px; border:1px solid #666;' title='#a52b7a'></span><span style='display:inline-block; width:18px; height:18px; background-color:#892b54; border-radius:3px; margin-right:3px; border:1px solid #666;' title='#892b54'></span><span style='display:inline-block; width:18px; height:18px; background-color:#f3e9e3; border-radius:3px; margin-right:3px; border:1px solid #666;' title='#f3e9e3'></span>,Red,Women,0.3725,19.75,#51261a,3,Palette 3 (Vibrant Statement & Accents),"[""#202531"", ""#cec05e"", ""#8f543e"", ""#51261a""]",False,Tier 3: Non-Priority / Neutral,Palette deviation (ΔE=19.8) exceeds target country baseline.
68,68,cz,Kalimo Elegantní župan Panama černý,"Elegantní dámský župan vyrobený ze saténu dělá efekt padající vody.   Elegantní dámský župan vyrobený ze saténu dělá efekt padající vody. Kimonové rukávy je možno nosit jednoduše volně a nebo zahnuté manžety. V páse je saténový pásek na zavazování. Župan Panama je vhodným kompletem k saténové košilce značky Kalimo. Materiál poskytuje měkkost na vnitřní straně a vysoký lesk na vnější straně. Celková délka měřená od bočního švu je 89 cm. Župan je zabaleny v elegantním dárkovém balení, takže může být ideální volbou na dárek pro někoho výjimečného.    Zboží je dárkově baleno v elegantní krabičce.     Materiál: 97% polyester, 3% elastan",437,womens-bathrobes,Bag,Bag,True,True,True,True,Black,0.633,0.2832,"['#0f0604', '#452e1a', '#faf1bf', '#9d6f3a']",custom-tag,86.77,False,Product class not explicitly described in name,"[""#0f0704"", ""#452d1a"", ""#faf2c2"", ""#9e703a""]","[[15, 7, 4], [69, 45, 26], [250, 242, 194], [158, 112, 58]]","Black, Brown, Yellow, Orange",<span style='display:inline-block; width:18px; height:18px; background-color:#0f0704; border-radius:3px; margin-right:3px; border:1px solid #666;' title='#0f0704'></span><span style='display:inline-block; width:18px; height:18px; background-color:#452d1a; border-radius:3px; margin-right:3px; border:1px solid #666;' title='#452d1a'></span><span style='display:inline-block; width:18px; height:18px; background-color:#faf2c2; border-radius:3px; margin-right:3px; border:1px solid #666;' title='#faf2c2'></span><span style='display:inline-block; width:18px; height:18px; background-color:#9e703a; border-radius:3px; margin-right:3px; border:1px solid #666;' title='#9e703a'></span>,Black,Unisex,0.5493,11.98,#0f0d0f,2,Palette 2 (Contemporary & Earthy Street),"[""#bca6a9"", ""#8b919e"", ""#0f0d0f"", ""#262126""]",False,Tier 3: Non-Priority / Neutral,Palette deviation (ΔE=12.0) exceeds target country baseline.
70,70,cz,BRADO dámské lodičky Wawel R1380-88,"Elegantní v patě otevřené lodičky Wawel R1380-88 fialová z kolekce Brado s prodlouženou špičkou vhodné pro společenské příležitosti. Vyrobené z velurové kůže vínově červené až fialově vyznívající barvy. Svršek zakončen páskem přes patu regulovatelným pomocí elegantní přezky. Jemné kožené podšívky a stélky ve světle béžové barvě. Stélky polštářovány v oblasti pat, klenku a nášlapu pro pohodlnou chůzi. Podpatek elegantní jehlový lakovaný černý, výšky cca 6,0cm. Podešev hladká.",501,heels,Sandal,Sandal,False,True,False,True,Brown,0.2688,0.5063,"['#45362f', '#928360', '#ccc9af', '#f1f1e9']",custom-tag,35.06,True,Relevant keyword 'lodičky' found in name,"[""#41332b"", ""#e3e3d3"", ""#7a684f"", ""#ab9f7a""]","[[65, 51, 43], [227, 227, 211], [122, 104, 79], [171, 159, 122]]","Brown, White, Orange, Yellow",<span style='display:inline-block; width:18px; height:18px; background-color:#41332b; border-radius:3px; margin-right:3px; border:1px solid #666;' title='#41332b'></span><span style='display:inline-block; width:18px; height:18px; background-color:#e3e3d3; border-radius:3px; margin-right:3px; border:1px solid #666;' title='#e3e3d3'></span><span style='display:inline-block; width:18px; height:18px; background-color:#7a684f; border-radius:3px; margin-right:3px; border:1px solid #666;' title='#7a684f'></span><span style='display:inline-block; width:18px; height:18px; background-color:#ab9f7a; border-radius:3px; margin-right:3px; border:1px solid #666;' title='#ab9f7a'></span>,Brown,Women,0.3398,21.59,#51261a,3,Palette 3 (Vibrant Statement & Accents),"[""#202531"", ""#cec05e"", ""#8f543e"", ""#51261a""]",False,Tier 3: Non-Priority / Neutral,Palette deviation (ΔE=21.6) exceeds target country baseline.
74,74,cz,Dámské šaty Figl M277 modré,"Velmi pohodlné, jednoduché a přitom elegantní šaty vhodné na léto i společenské příležitosti. Volný splývavý střih, zavazov",184,dresses,Dress,Dress,False,True,False,True,Navy Blue,0.2578,0.4622,"['#242437', '#eae6e8', '#cec4c5', '#ab9d9c']",custom-tag,55.74,True,Relevant keyword 'šaty' found in name,"[""#242438"", ""#eae6e8"", ""#cec4c5"", ""#ab9c9b""]","[[36, 36, 56], [234, 230, 232], [206, 196, 197], [171, 156, 155]]","Navy Blue, White, Grey",<span style='display:inline-block; width:18px; height:18px; background-color:#242438; border-radius:3px; margin-right:3px; border:1px solid #666;' title='#242438'></span><span style='display:inline-block; width:18px; height:18px; background-color:#eae6e8; border-radius:3px; margin-right:3px; border:1px solid #666;' title='#eae6e8'></span><span style='display:inline-block; width:18px; height:18px; background-color:#cec4c5; border-radius:3px; margin-right:3px; border:1px solid #666;' title='#cec4c5'></span><span style='display:inline-block; width:18px; height:18px; background-color:#ab9c9b; border-radius:3px; margin-right:3px; border:1px solid #666;' title='#ab9c9b'></span>,Navy Blue,Women,0.4049,18.08,#202531,3,Palette 3 (Vibrant Statement & Accents),"[""#202531"", ""#cec05e"", ""#8f543e"", ""#51261a""]",False,Tier 3: Non-Priority / Neutral,Palette deviation (ΔE=18.1) exceeds target country baseline.
76,76,cz,Dámské šaty Figl M299 růžové,"Krásné elegantní šaty vhodné na denní nošení a i slavnostní příležitosti. Pohodlný splývavý střih do A, stoja",184,dresses,Dress,Dress,False,True,False,True,Pink/Magenta,0.2242,0.9521,"['#fcb4cf', '#ece2e4', '#ceb4b3', '#a54c55']",custom-tag,61.11,True,Relevant keyword 'šaty' found in name,"[""#fcb4cf"", ""#ece2e4"", ""#ceb4b4"", ""#a24c55""]","[[252, 180, 207], [236, 226, 228], [206, 180, 180], [162, 76, 85]]","Pink/Magenta, White, Grey, Red",<span style='display:inline-block; width:18px; height:18px; background-color:#fcb4cf; border-radius:3px; margin-right:3px; border:1px solid #666;' title='#fcb4cf'></span><span style='display:inline-block; width:18px; height:18px; background-color:#ece2e4; border-radius:3px; margin-right:3px; border:1px solid #666;' title='#ece2e4'></span><span style='display:inline-block; width:18px; height:18px; background-color:#ceb4b4; border-radius:3px; margin-right:3px; border:1px solid #666;' title='#ceb4b4'></span><span style='display:inline-block; width:18px; height:18px; background-color:#a24c55; border-radius:3px; margin-right:3px; border:1px solid #666;' title='#a24c55'></span>,Pink/Magenta,Women,0.3497,21.01,#efebe9,1,Palette 1 (Core & Classic Neutrals),"[""#efebe9"", ""#d6cccf"", ""#bca6a9"", ""#9e8284""]",False,Tier 3: Non-Priority / Neutral,Palette deviation (ΔE=21.0) exceeds target country baseline.
77,77,cz,Evona Seta a bavlnou,"Dámské podkolenky Evona s bavlnou a zesílenou patou.Antibakteriální úprava.  Materiál 60% bavlna, 36% polyamid, 4% elastan.  Jemnost 80 DEN.  Dámské podkolenky jsou v barvě bílé, černé a hnědé.  UNI velikost.",1017,underwear-sets,Ankle boot,Ankle boot,True,True,True,False,Grey,0.1026,0.8333,"['#dccec6', '#f4f2f0', '#a19791', '#35231b']",custom-tag,78.82,False,Product class not explicitly described in name,"[""#dccec6"", ""#f4f2f0"", ""#a19791"", ""#35231b""]","[[220, 206, 198], [244, 242, 240], [161, 151, 145], [53, 35, 27]]","Grey, White, Brown",<span style='display:inline-block; width:18px; height:18px; background-color:#dccec6; border-radius:3px; margin-right:3px; border:1px solid #666;' title='#dccec6'></span><span style='display:inline-block; width:18px; height:18px; background-color:#f4f2f0; border-radius:3px; margin-right:3px; border:1px solid #666;' title='#f4f2f0'></span><span style='display:inline-block; width:18px; height:18px; background-color:#a19791; border-radius:3px; margin-right:3px; border:1px solid #666;' title='#a19791'></span><span style='display:inline-block; width:18px; height:18px; background-color:#35231b; border-radius:3px; margin-right:3px; border:1px solid #666;' title='#35231b'></span>,Grey,Unisex,0.539,12.36,#efebe9,1,Palette 1 (Core & Classic Neutrals),"[""#ede8eb"", ""#efebe9"", ""#d6cccf"", ""#b7c1be""]",False,Tier 3: Non-Priority / Neutral,Palette deviation (ΔE=12.4) exceeds target country baseline.
78,78,cz,NoName Luxusní stylové plavky se zlatým lemováním,"Dámské dvoudílné tyrkysové plavky - bikiny.   Plavky jsou dvoudílné, podšité, s vyjímatelnými vycpávkami, zavazování za krkem, zapínání na zádech. Díky perfektnímu střihu horní díl skvěle vytvaruje každé poprsí.Tyrkysové se zlatým pleteným lemem. Na velikost košíčků 1-2.   Materiál: 90% polyester, 10% Elastan   Rozměry: vrchní díl: obvod 72-95cm, výška 14cm spodní díl: obvod 62-84cm pro obvod přes boky max 95cm",201,bikinis,Bag,Bag,False,True,False,True,Brown,0.5791,0.4294,"['#493f36', '#06938a', '#187164', '#7c8c75']",custom-tag,100.0,False,Product class not explicitly described in name,"[""#493f36"", ""#06938a"", ""#177064"", ""#7a8c75""]","[[73, 63, 54], [6, 147, 138], [23, 112, 100], [122, 140, 117]]","Brown, Cyan/Turquoise, Green",<span style='display:inline-block; width:18px; height:18px; background-color:#493f36; border-radius:3px; margin-right:3px; border:1px solid #666;' title='#493f36'></span><span style='display:inline-block; width:18px; height:18px; background-color:#06938a; border-radius:3px; margin-right:3px; border:1px solid #666;' title='#06938a'></span><span style='display:inline-block; width:18px; height:18px; background-color:#177064; border-radius:3px; margin-right:3px; border:1px solid #666;' title='#177064'></span><span style='display:inline-block; width:18px; height:18px; background-color:#7a8c75; border-radius:3px; margin-right:3px; border:1px solid #666;' title='#7a8c75'></span>,Brown,Women,0.3308,22.12,#424654,2,Palette 2 (Contemporary & Earthy Street),"[""#424654"", ""#606681"", ""#97aad6"", ""#181011""]",False,Tier 3: Non-Priority / Neutral,Palette deviation (ΔE=22.1) exceeds target country baseline.
79,79,cz,Carlington Kotníkové boty RINZI,Carlington Kotníkové boty RINZI Černá. K dispozici v pánské velikosti. 39. Pánské   Boty   Kotníkové boty,78521,womens-boots-and-booties,Ankle boot,Ankle boot,True,True,True,False,Grey,0.0302,0.3345,"['#353434', '#575757', '#8f9090', '#dde1e1']",custom-tag,39.6,True,Relevant keyword 'kotníkové boty' found in name,"[""#353534"", ""#585958"", ""#919292"", ""#dcdfe0""]","[[53, 53, 52], [88, 89, 88], [145, 146, 146], [220, 223, 224]]",Grey,<span style='display:inline-block; width:18px; height:18px; background-color:#353534; border-radius:3px; margin-right:3px; border:1px solid #666;' title='#353534'></span><span style='display:inline-block; width:18px; height:18px; background-color:#585958; border-radius:3px; margin-right:3px; border:1px solid #666;' title='#585958'></span><span style='display:inline-block; width:18px; height:18px; background-color:#919292; border-radius:3px; margin-right:3px; border:1px solid #666;' title='#919292'></span><span style='display:inline-block; width:18px; height:18px; background-color:#dcdfe0; border-radius:3px; margin-right:3px; border:1px solid #666;' title='#dcdfe0'></span>,Grey,Unisex,0.5446,12.16,#8b919e,2,Palette 2 (Contemporary & Earthy Street),"[""#bca6a9"", ""#8b919e"", ""#0f0d0f"", ""#262126""]",False,Tier 3: Non-Priority / Neutral,Palette deviation (ΔE=12.2) exceeds target country baseline.
80,80,cz,Merrell Pohorky INTERCEPT,Merrell Pohorky INTERCEPT Hnědá. K dispozici v pánské velikosti. 40. Podšívka ze síťoviny s antibakteriálnyou úpravou M-Fresh pro omezení nepříjemných zápachů Vnitřní stélka z pěny EVA Vnější stélka z kaučuku Vibram pro dobrou přilnavost. Pánské   Boty   Pohorky,65823,mens-outdoor-shoes,Sneaker,Sneaker,True,False,False,True,Beige/Khaki,0.2162,0.4538,"['#6f5e50', '#48433d', '#9d836c', '#d9d8d6']",custom-tag,58.2,False,Product class not explicitly described in name,"[""#6d5c50"", ""#48423d"", ""#9a816b"", ""#d9d8d6""]","[[109, 92, 80], [72, 66, 61], [154, 129, 107], [217, 216, 214]]","Orange, Brown, Grey",<span style='display:inline-block; width:18px; height:18px; background-color:#6d5c50; border-radius:3px; margin-right:3px; border:1px solid #666;' title='#6d5c50'></span><span style='display:inline-block; width:18px; height:18px; background-color:#48423d; border-radius:3px; margin-right:3px; border:1px solid #666;' title='#48423d'></span><span style='display:inline-block; width:18px; height:18px; background-color:#9a816b; border-radius:3px; margin-right:3px; border:1px solid #666;' title='#9a816b'></span><span style='display:inline-block; width:18px; height:18px; background-color:#d9d8d6; border-radius:3px; margin-right:3px; border:1px solid #666;' title='#d9d8d6'></span>,Orange,Men,0.3907,18.8,#373b4a,2,Palette 2 (Contemporary & Earthy Street),"[""#262126"", ""#595c68"", ""#373b4a"", ""#e09d93""]",False,Tier 3: Non-Priority / Neutral,Palette deviation (ΔE=18.8) exceeds target country baseline.
81,81,cz,La City Krátké šaty RTANIA,La City Krátké šaty RTANIA Černá. K dispozici v dámské velikosti. DE 32. Dámské   Oblečení   Krátké šaty,184,dresses,Dress,Dress,False,True,False,False,Grey,0.085,0.2874,"['#433d3f', '#313032', '#f5ece6', '#b3a8a7']",custom-tag,72.2,True,Relevant keyword 'šaty' found in name,"[""#433d3f"", ""#323032"", ""#f4ebe5"", ""#b2a5a3""]","[[67, 61, 63], [50, 48, 50], [244, 235, 229], [178, 165, 163]]","Grey, White",<span style='display:inline-block; width:18px; height:18px; background-color:#433d3f; border-radius:3px; margin-right:3px; border:1px solid #666;' title='#433d3f'></span><span style='display:inline-block; width:18px; height:18px; background-color:#323032; border-radius:3px; margin-right:3px; border:1px solid #666;' title='#323032'></span><span style='display:inline-block; width:18px; height:18px; background-color:#f4ebe5; border-radius:3px; margin-right:3px; border:1px solid #666;' title='#f4ebe5'></span><span style='display:inline-block; width:18px; height:18px; background-color:#b2a5a3; border-radius:3px; margin-right:3px; border:1px solid #666;' title='#b2a5a3'></span>,Grey,Women,0.4922,14.18,#424654,2,Palette 2 (Contemporary & Earthy Street),"[""#424654"", ""#606681"", ""#97aad6"", ""#181011""]",False,Tier 3: Non-Priority / Neutral,Palette deviation (ΔE=14.2) exceeds target country baseline.
83,83,cz,Citrouille et Compagnie Tenisky Dětské KIPPI BOU,Citrouille et Compagnie Tenisky Dětské KIPPI BOU Modrá. K dispozici v chlapecké velikosti. 20. Dětské   Boty   Tenisky,2811,boys-shoes,Sneaker,Sneaker,True,False,False,True,Navy Blue,0.1389,0.4619,"['#2f2f3a', '#cbd0d2', '#a5a8a7', '#796e64']",custom-tag,44.79,True,Relevant keyword 'tenisky' found in name,"[""#2f2f3a"", ""#cbcfd1"", ""#a4a6a6"", ""#796e65""]","[[47, 47, 58], [203, 207, 209], [164, 166, 166], [121, 110, 101]]","Navy Blue, Grey, Beige/Khaki",<span style='display:inline-block; width:18px; height:18px; background-color:#2f2f3a; border-radius:3px; margin-right:3px; border:1px solid #666;' title='#2f2f3a'></span><span style='display:inline-block; width:18px; height:18px; background-color:#cbcfd1; border-radius:3px; margin-right:3px; border:1px solid #666;' title='#cbcfd1'></span><span style='display:inline-block; width:18px; height:18px; background-color:#a4a6a6; border-radius:3px; margin-right:3px; border:1px solid #666;' title='#a4a6a6'></span><span style='display:inline-block; width:18px; height:18px; background-color:#796e65; border-radius:3px; margin-right:3px; border:1px solid #666;' title='#796e65'></span>,Navy Blue,Men,0.553,11.85,#373b4a,2,Palette 2 (Contemporary & Earthy Street),"[""#262126"", ""#595c68"", ""#373b4a"", ""#e09d93""]",False,Tier 3: Non-Priority / Neutral,Palette deviation (ΔE=11.8) exceeds target country baseline.
84,84,cz,BCBGeneration Krátké šaty 616935,BCBGeneration Krátké šaty 616935 Černá. K dispozici v dámské velikosti. US 8. Dámské   Oblečení   Krátké šaty,184,dresses,Dress,Dress,False,True,False,False,Black,0.0791,0.176,"['#222020', '#2f2c2c', '#e4e2db', '#82817f']",custom-tag,44.32,True,Relevant keyword 'šaty' found in name,"[""#232021"", ""#353232"", ""#e5e2dc"", ""#8c8a88""]","[[35, 32, 33], [53, 50, 50], [229, 226, 220], [140, 138, 136]]","Black, Grey, White",<span style='display:inline-block; width:18px; height:18px; background-color:#232021; border-radius:3px; margin-right:3px; border:1px solid #666;' title='#232021'></span><span style='display:inline-block; width:18px; height:18px; background-color:#353232; border-radius:3px; margin-right:3px; border:1px solid #666;' title='#353232'></span><span style='display:inline-block; width:18px; height:18px; background-color:#e5e2dc; border-radius:3px; margin-right:3px; border:1px solid #666;' title='#e5e2dc'></span><span style='display:inline-block; width:18px; height:18px; background-color:#8c8a88; border-radius:3px; margin-right:3px; border:1px solid #666;' title='#8c8a88'></span>,Black,Women,0.544,12.18,#181011,2,Palette 2 (Contemporary & Earthy Street),"[""#424654"", ""#606681"", ""#97aad6"", ""#181011""]",False,Tier 3: Non-Priority / Neutral,Palette deviation (ΔE=12.2) exceeds target country baseline.
86,86,cz,El Naturalista Kotníkové boty NIDO,El Naturalista Kotníkové boty NIDO Černá. K dispozici v dámské velikosti. 36. Vyjímatelná stélka Recyklace: tento model obsahuje zip a recyklovanou gumovou podrážku. Interiér boty bez chromu. Společnost El Naturalista se zavázala snižovat dopad své výroby. Dámské   Boty   Kotníkové boty,78521,womens-boots-and-booties,Ankle boot,Ankle boot,True,True,True,True,Grey,0.2005,0.3653,"['#2f2e2a', '#665646', '#af9674', '#d8cbb8']",custom-tag,40.34,True,Relevant keyword 'kotníkové boty' found in name,"[""#2f2e2a"", ""#665646"", ""#b09775"", ""#d9ccb9""]","[[47, 46, 42], [102, 86, 70], [176, 151, 117], [217, 204, 185]]","Grey, Brown, Orange",<span style='display:inline-block; width:18px; height:18px; background-color:#2f2e2a; border-radius:3px; margin-right:3px; border:1px solid #666;' title='#2f2e2a'></span><span style='display:inline-block; width:18px; height:18px; background-color:#665646; border-radius:3px; margin-right:3px; border:1px solid #666;' title='#665646'></span><span style='display:inline-block; width:18px; height:18px; background-color:#b09775; border-radius:3px; margin-right:3px; border:1px solid #666;' title='#b09775'></span><span style='display:inline-block; width:18px; height:18px; background-color:#d9ccb9; border-radius:3px; margin-right:3px; border:1px solid #666;' title='#d9ccb9'></span>,Grey,Unisex,0.5315,12.64,#262126,2,Palette 2 (Contemporary & Earthy Street),"[""#bca6a9"", ""#8b919e"", ""#0f0d0f"", ""#262126""]",False,Tier 3: Non-Priority / Neutral,Palette deviation (ΔE=12.6) exceeds target country baseline.
87,87,cz,Fluchos Mokasíny LUCA,Fluchos Mokasíny LUCA Černá. K dispozici v pánské velikosti. 39. Pánské   Boty   Mokasíny,680,men-dress-shoes,Bag,Bag,True,False,False,False,Grey,0.0582,0.4133,"['#5d6060', '#3e3e3e', '#8b8f90', '#cfd4d3']",custom-tag,61.22,False,Product class not explicitly described in name,"[""#5d6061"", ""#3f3f3e"", ""#8b8f90"", ""#cfd4d4""]","[[93, 96, 97], [63, 63, 62], [139, 143, 144], [207, 212, 212]]",Grey,<span style='display:inline-block; width:18px; height:18px; background-color:#5d6061; border-radius:3px; margin-right:3px; border:1px solid #666;' title='#5d6061'></span><span style='display:inline-block; width:18px; height:18px; background-color:#3f3f3e; border-radius:3px; margin-right:3px; border:1px solid #666;' title='#3f3f3e'></span><span style='display:inline-block; width:18px; height:18px; background-color:#8b8f90; border-radius:3px; margin-right:3px; border:1px solid #666;' title='#8b8f90'></span><span style='display:inline-block; width:18px; height:18px; background-color:#cfd4d4; border-radius:3px; margin-right:3px; border:1px solid #666;' title='#cfd4d4'></span>,Grey,Men,0.5695,11.26,#595c68,2,Palette 2 (Contemporary & Earthy Street),"[""#262126"", ""#595c68"", ""#373b4a"", ""#e09d93""]",False,Tier 3: Non-Priority / Neutral,Palette deviation (ΔE=11.3) exceeds target country baseline.
88,88,cz,DKaren Dámský župan Diana violet fialový,Dámský župan Diana fialový s kapucí v délce nad kolena. Dámský župan Diana fialový s kapucí v délce nad kolena.  Materiál: 100% polyester,437,womens-bathrobes,Coat,Coat,True,True,True,True,Grey,0.1676,0.6634,"['#e0ded9', '#756d83', '#a8a4a9', '#3d303f']",custom-tag,45.61,True,Relevant keyword 'župan' found in name,"[""#dddbd6"", ""#6d647c"", ""#9a959f"", ""#392c39""]","[[221, 219, 214], [109, 100, 124], [154, 149, 159], [57, 44, 57]]","Grey, Purple, Pink/Magenta",<span style='display:inline-block; width:18px; height:18px; background-color:#dddbd6; border-radius:3px; margin-right:3px; border:1px solid #666;' title='#dddbd6'></span><span style='display:inline-block; width:18px; height:18px; background-color:#6d647c; border-radius:3px; margin-right:3px; border:1px solid #666;' title='#6d647c'></span><span style='display:inline-block; width:18px; height:18px; background-color:#9a959f; border-radius:3px; margin-right:3px; border:1px solid #666;' title='#9a959f'></span><span style='display:inline-block; width:18px; height:18px; background-color:#392c39; border-radius:3px; margin-right:3px; border:1px solid #666;' title='#392c39'></span>,Grey,Unisex,0.4566,15.68,#efebe9,1,Palette 1 (Core & Classic Neutrals),"[""#ede8eb"", ""#efebe9"", ""#d6cccf"", ""#b7c1be""]",False,Tier 3: Non-Priority / Neutral,Palette deviation (ΔE=15.7) exceeds target country baseline.
89,89,cz,DKaren Dámský župan Diana vanilkový,"Luxusní župan Diana značky Dkaren v vanilkové barvě. Župan je velmi příjemný a jemný na dotek.   Luxusní župan Diana značky Dkaren v vanilkové barvě. Župan je velmi příjemný a jemný na dotek. Župan je vyroben z příjemného měkkého materiálu s delším vlasem tzv.Lama, který se snadno udržuje a rychle schne. Zdobí ho kapuce, po stranách má všité kapsy a zavazuje se na pásek. Doporučujeme.    Materiál: 100% polyester",437,womens-bathrobes,Ankle boot,Ankle boot,True,True,True,False,White,0.0835,0.6722,"['#e1ded9', '#a29fa2', '#726869', '#1c1716']",custom-tag,63.83,False,Product class not explicitly described in name,"[""#e2dfd9"", ""#726769"", ""#a29fa2"", ""#1d1716""]","[[226, 223, 217], [114, 103, 105], [162, 159, 162], [29, 23, 22]]","White, Grey, Black",<span style='display:inline-block; width:18px; height:18px; background-color:#e2dfd9; border-radius:3px; margin-right:3px; border:1px solid #666;' title='#e2dfd9'></span><span style='display:inline-block; width:18px; height:18px; background-color:#726769; border-radius:3px; margin-right:3px; border:1px solid #666;' title='#726769'></span><span style='display:inline-block; width:18px; height:18px; background-color:#a29fa2; border-radius:3px; margin-right:3px; border:1px solid #666;' title='#a29fa2'></span><span style='display:inline-block; width:18px; height:18px; background-color:#1d1716; border-radius:3px; margin-right:3px; border:1px solid #666;' title='#1d1716'></span>,White,Unisex,0.473,14.97,#efebe9,1,Palette 1 (Core & Classic Neutrals),"[""#ede8eb"", ""#efebe9"", ""#d6cccf"", ""#b7c1be""]",False,Tier 3: Non-Priority / Neutral,Palette deviation (ΔE=15.0) exceeds target country baseline.
91,91,cz,Naf Naf Krátké šaty KEUR,Naf Naf Krátké šaty KEUR Černá. K dispozici v dámské velikosti. DE 34. Dámské   Oblečení   Krátké šaty,184,dresses,Dress,Dress,False,True,False,False,Grey,0.0241,0.215,"['#363638', '#2c2c2d', '#838380', '#d3d3d3']",custom-tag,49.81,True,Relevant keyword 'šaty' found in name,"[""#363637"", ""#2d2d2d"", ""#7e7e7b"", ""#d9d9d8""]","[[54, 54, 55], [45, 45, 45], [126, 126, 123], [217, 217, 216]]",Grey,<span style='display:inline-block; width:18px; height:18px; background-color:#363637; border-radius:3px; margin-right:3px; border:1px solid #666;' title='#363637'></span><span style='display:inline-block; width:18px; height:18px; background-color:#2d2d2d; border-radius:3px; margin-right:3px; border:1px solid #666;' title='#2d2d2d'></span><span style='display:inline-block; width:18px; height:18px; background-color:#7e7e7b; border-radius:3px; margin-right:3px; border:1px solid #666;' title='#7e7e7b'></span><span style='display:inline-block; width:18px; height:18px; background-color:#d9d9d8; border-radius:3px; margin-right:3px; border:1px solid #666;' title='#d9d9d8'></span>,Grey,Women,0.4924,14.17,#424654,2,Palette 2 (Contemporary & Earthy Street),"[""#424654"", ""#606681"", ""#97aad6"", ""#181011""]",False,Tier 3: Non-Priority / Neutral,Palette deviation (ΔE=14.2) exceeds target country baseline.
92,92,cz,Livia Corsetti Bodystocking Josslyn S L černá,"Kategorie: Dámské erotické prádloTyp: BodystockingVýrobce: Livia Corsetti FashionBody Livia Corsetti Josslyn se vzorem materiálu v horní části těla a rozšiřování dolů vyzdvihuje a zdůrazňuje vlastnosti ženského těla. Velmi sexy a zajímavé řešení dokáže probudit představivost a přidává pikantost. Vlastnosti:otevřený rozkrokelastická tkaninauniverzální velikost S L - ideálně se hodí pro lidi, kteří nosí velikost S, M a Lbodystocking je také ve velikosti XL XXL Materiál: 90% Polyamid, 10% ElastanTabulka velikostí Livia CorsettiVelikostObvod přes prsaObvod pasuObvod bokůS M84-9262-7488-98L XL93-10075-8299-109S L84-9662-7888-104XL XXL97-10479-88105-117S84-8862-6888-93M89-9269-7494-98L93-9675-7899-104XL97-10079-82105-109XXL101-10483-90110-117XXXL105-10891-100118-122",430,corsets-and-garter-belts,T-shirt/top,T-shirt/top,False,True,False,True,Grey,0.1151,0.5139,"['#a89c95', '#4f4d4d', '#dbd0c8', '#27201d']",custom-tag,58.13,False,Product class not explicitly described in name,"[""#4f4e4d"", ""#a89c95"", ""#d9cfc7"", ""#271f1c""]","[[79, 78, 77], [168, 156, 149], [217, 207, 199], [39, 31, 28]]","Grey, Brown",<span style='display:inline-block; width:18px; height:18px; background-color:#4f4e4d; border-radius:3px; margin-right:3px; border:1px solid #666;' title='#4f4e4d'></span><span style='display:inline-block; width:18px; height:18px; background-color:#a89c95; border-radius:3px; margin-right:3px; border:1px solid #666;' title='#a89c95'></span><span style='display:inline-block; width:18px; height:18px; background-color:#d9cfc7; border-radius:3px; margin-right:3px; border:1px solid #666;' title='#d9cfc7'></span><span style='display:inline-block; width:18px; height:18px; background-color:#271f1c; border-radius:3px; margin-right:3px; border:1px solid #666;' title='#271f1c'></span>,Grey,Women,0.4909,14.23,#181011,2,Palette 2 (Contemporary & Earthy Street),"[""#424654"", ""#606681"", ""#97aad6"", ""#181011""]",False,Tier 3: Non-Priority / Neutral,Palette deviation (ΔE=14.2) exceeds target country baseline.
93,93,cz,Beauty Night Dorothy black Erotická souprava S M černá,"Kategorie: Dámské erotické prádloTyp: Erotické korzety Výrobce: Beauty Night FashionElegantní souprava Dorothy Beauty Night fashion. Souprava je vyrobena v kombinaci lesklé látky a jemného tylu. Košíčky jsou vyztuženy kosticemi. Přední část zdobí rafinované šněrování. V dolní části jsou gumové podvazkové pásy. Tanga jsou součástí soupravy. Produkt je balený v dárkovém pytlíčku, který je ideální pro skladování. V elegantní krabičce s obrázkem zboží, které je uvnitř balení a s logem Beauty Night Fashion.Materiál: 88% poliester, 12% elastanZkontrolujte svou velikost - Tabulka velikostí Beauty Night Fashion",430,corsets-and-garter-belts,Bag,Bag,False,True,False,True,Red,0.3919,0.4793,"['#271915', '#e2e3c7', '#989596', '#d0992e']",custom-tag,85.78,False,Product class not explicitly described in name,"[""#271915"", ""#dedfc5"", ""#8e8a8d"", ""#d19a2e""]","[[39, 25, 21], [222, 223, 197], [142, 138, 141], [209, 154, 46]]","Red, Grey, Orange",<span style='display:inline-block; width:18px; height:18px; background-color:#271915; border-radius:3px; margin-right:3px; border:1px solid #666;' title='#271915'></span><span style='display:inline-block; width:18px; height:18px; background-color:#dedfc5; border-radius:3px; margin-right:3px; border:1px solid #666;' title='#dedfc5'></span><span style='display:inline-block; width:18px; height:18px; background-color:#8e8a8d; border-radius:3px; margin-right:3px; border:1px solid #666;' title='#8e8a8d'></span><span style='display:inline-block; width:18px; height:18px; background-color:#d19a2e; border-radius:3px; margin-right:3px; border:1px solid #666;' title='#d19a2e'></span>,Red,Women,0.3785,19.43,#181011,2,Palette 2 (Contemporary & Earthy Street),"[""#424654"", ""#606681"", ""#97aad6"", ""#181011""]",False,Tier 3: Non-Priority / Neutral,Palette deviation (ΔE=19.4) exceeds target country baseline.
94,94,cz,Andalea MC 9003 Pánské boxerky L XL červená,"Kategorie: Pánské erotické prádlo Typ: Sexy boxerky Výrobce: AndaleaBoxerky plné žáru a temperamentu od firmy Andalea. Klasický model byl ušit z netradiční latexové, sexy červené látky. Jestli má Tvůj muž smysl pro humor, je odvážný, má rád převleky, nebo prostě pro Tebe udělá vše, tak je tento model pro něj přímo stvořený! Všimněte si zajímavých černých detailů: vodorovné gumičky, která přidržuje celek, a svislého lemování, které spolu se zipem zvýrazňuje mužské přednosti. Velmi přitažlivé, že ano? Takovéto nové, lehce prudérní převtělení muže zve ke společným hrátkám! Nový úhel pohledu na pánské spodní prádlo!Zkontrolujte svou velikost - Tabulka velikostí Andalea",6133,mens-undergarments,Trouser,Trouser,True,False,False,False,White,0.1454,0.8816,"['#ede1e0', '#9b0f23', '#390a0c', '#da646e']",custom-tag,30.41,True,Relevant keyword 'boxerky' found in name,"[""#ede1e0"", ""#9d0e23"", ""#3b0b0d"", ""#d6616a""]","[[237, 225, 224], [157, 14, 35], [59, 11, 13], [214, 97, 106]]","White, Red",<span style='display:inline-block; width:18px; height:18px; background-color:#ede1e0; border-radius:3px; margin-right:3px; border:1px solid #666;' title='#ede1e0'></span><span style='display:inline-block; width:18px; height:18px; background-color:#9d0e23; border-radius:3px; margin-right:3px; border:1px solid #666;' title='#9d0e23'></span><span style='display:inline-block; width:18px; height:18px; background-color:#3b0b0d; border-radius:3px; margin-right:3px; border:1px solid #666;' title='#3b0b0d'></span><span style='display:inline-block; width:18px; height:18px; background-color:#d6616a; border-radius:3px; margin-right:3px; border:1px solid #666;' title='#d6616a'></span>,White,Men,0.4195,17.37,#ede8eb,1,Palette 1 (Core & Classic Neutrals),"[""#ede8eb"", ""#b7c1be"", ""#8b919e"", ""#0f0d0f""]",False,Tier 3: Non-Priority / Neutral,Palette deviation (ΔE=17.4) exceeds target country baseline.
95,95,cz,Irall Desiree černá Sukně L černá,"Sexy mini sukně je vyrobená z kvalitní, lesklé látky V-lack. Sukně je velmi smylná. Složení: 80% polyamid, 20% elastan.",234,womens-skirts,Dress,Dress,True,True,True,True,White,0.1377,0.6724,"['#f6f3eb', '#29201c', '#d5cbc1', '#807a73']",custom-tag,59.52,True,Relevant keyword 'sukně' found in name,"[""#f7f3ec"", ""#2a211c"", ""#d5ccc2"", ""#817b73""]","[[247, 243, 236], [42, 33, 28], [213, 204, 194], [129, 123, 115]]","White, Brown, Grey",<span style='display:inline-block; width:18px; height:18px; background-color:#f7f3ec; border-radius:3px; margin-right:3px; border:1px solid #666;' title='#f7f3ec'></span><span style='display:inline-block; width:18px; height:18px; background-color:#2a211c; border-radius:3px; margin-right:3px; border:1px solid #666;' title='#2a211c'></span><span style='display:inline-block; width:18px; height:18px; background-color:#d5ccc2; border-radius:3px; margin-right:3px; border:1px solid #666;' title='#d5ccc2'></span><span style='display:inline-block; width:18px; height:18px; background-color:#817b73; border-radius:3px; margin-right:3px; border:1px solid #666;' title='#817b73'></span>,White,Unisex,0.5405,12.3,#efebe9,1,Palette 1 (Core & Classic Neutrals),"[""#ede8eb"", ""#efebe9"", ""#d6cccf"", ""#b7c1be""]",False,Tier 3: Non-Priority / Neutral,Palette deviation (ΔE=12.3) exceeds target country baseline.
97,97,cz,Naf Naf Krátké šaty LYJO,Naf Naf Krátké šaty LYJO Černá. K dispozici v dámské velikosti. DE 32. Dámské   Oblečení   Krátké šaty,184,dresses,Dress,Dress,False,True,False,False,Grey,0.068,0.2517,"['#343131', '#413e3f', '#807c7a', '#e1dedc']",custom-tag,59.32,True,Relevant keyword 'šaty' found in name,"[""#353232"", ""#423f40"", ""#847f7d"", ""#dedbd9""]","[[53, 50, 50], [66, 63, 64], [132, 127, 125], [222, 219, 217]]",Grey,<span style='display:inline-block; width:18px; height:18px; background-color:#353232; border-radius:3px; margin-right:3px; border:1px solid #666;' title='#353232'></span><span style='display:inline-block; width:18px; height:18px; background-color:#423f40; border-radius:3px; margin-right:3px; border:1px solid #666;' title='#423f40'></span><span style='display:inline-block; width:18px; height:18px; background-color:#847f7d; border-radius:3px; margin-right:3px; border:1px solid #666;' title='#847f7d'></span><span style='display:inline-block; width:18px; height:18px; background-color:#dedbd9; border-radius:3px; margin-right:3px; border:1px solid #666;' title='#dedbd9'></span>,Grey,Women,0.4701,15.09,#424654,2,Palette 2 (Contemporary & Earthy Street),"[""#424654"", ""#606681"", ""#97aad6"", ""#181011""]",False,Tier 3: Non-Priority / Neutral,Palette deviation (ΔE=15.1) exceeds target country baseline.
100,100,cz,Naf Naf Krátké šaty LYLOMA,Naf Naf Krátké šaty LYLOMA Černá. K dispozici v dámské velikosti. DE 34. Dámské   Oblečení   Krátké šaty,184,dresses,Shirt,Shirt,False,True,False,False,Black,0.1035,0.1785,"['#262226', '#2e2a2d', '#c9c8c9', '#706e6f']",custom-tag,78.61,False,Product class not explicitly described in name,"[""#272427"", ""#312e30"", ""#d9d8d9"", ""#898788""]","[[39, 36, 39], [49, 46, 48], [217, 216, 217], [137, 135, 136]]",Grey,<span style='display:inline-block; width:18px; height:18px; background-color:#272427; border-radius:3px; margin-right:3px; border:1px solid #666;' title='#272427'></span><span style='display:inline-block; width:18px; height:18px; background-color:#312e30; border-radius:3px; margin-right:3px; border:1px solid #666;' title='#312e30'></span><span style='display:inline-block; width:18px; height:18px; background-color:#d9d8d9; border-radius:3px; margin-right:3px; border:1px solid #666;' title='#d9d8d9'></span><span style='display:inline-block; width:18px; height:18px; background-color:#898788; border-radius:3px; margin-right:3px; border:1px solid #666;' title='#898788'></span>,Grey,Women,0.523,12.96,#181011,2,Palette 2 (Contemporary & Earthy Street),"[""#424654"", ""#606681"", ""#97aad6"", ""#181011""]",False,Tier 3: Non-Priority / Neutral,Palette deviation (ΔE=13.0) exceeds target country baseline.
101,101,cz,Dámský overal Katrus K178 tyrkysový,"Dámský sportovní overal, v pase na stažení, po stranách na bocích kapsy a na prsou kapsička. Zapínání na zip. Příjemný mate",853,womens-jumpsuits,Dress,Dress,True,True,True,False,White,0.0712,0.9086,"['#e3f1ed', '#d5dfd9', '#b4aba1', '#372822']",custom-tag,27.95,False,Product class not explicitly described in name,"[""#e3f1ed"", ""#d5dfd8"", ""#b7afa5"", ""#382722""]","[[227, 241, 237], [213, 223, 216], [183, 175, 165], [56, 39, 34]]","White, Grey, Pink",<span style='display:inline-block; width:18px; height:18px; background-color:#e3f1ed; border-radius:3px; margin-right:3px; border:1px solid #666;' title='#e3f1ed'></span><span style='display:inline-block; width:18px; height:18px; background-color:#d5dfd8; border-radius:3px; margin-right:3px; border:1px solid #666;' title='#d5dfd8'></span><span style='display:inline-block; width:18px; height:18px; background-color:#b7afa5; border-radius:3px; margin-right:3px; border:1px solid #666;' title='#b7afa5'></span><span style='display:inline-block; width:18px; height:18px; background-color:#382722; border-radius:3px; margin-right:3px; border:1px solid #666;' title='#382722'></span>,White,Unisex,0.5395,12.34,#efebe9,1,Palette 1 (Core & Classic Neutrals),"[""#ede8eb"", ""#efebe9"", ""#d6cccf"", ""#b7c1be""]",False,Tier 3: Non-Priority / Neutral,Palette deviation (ΔE=12.3) exceeds target country baseline.
102,102,cz,Dámské šaty Kartes KM52 černé,"Krásné elegantní šaty klasického pouzdrového střihu, vrchní díl z krajky podšité béžovou látkou, úzká",184,dresses,Dress,Dress,False,True,False,True,Purple,0.1329,0.4978,"['#2f2b33', '#ece8e8', '#191519', '#807371']",custom-tag,31.17,True,Relevant keyword 'šaty' found in name,"[""#2f2b33"", ""#ece9e8"", ""#1a161a"", ""#7e716f""]","[[47, 43, 51], [236, 233, 232], [26, 22, 26], [126, 113, 111]]","Purple, White, Black, Grey",<span style='display:inline-block; width:18px; height:18px; background-color:#2f2b33; border-radius:3px; margin-right:3px; border:1px solid #666;' title='#2f2b33'></span><span style='display:inline-block; width:18px; height:18px; background-color:#ece9e8; border-radius:3px; margin-right:3px; border:1px solid #666;' title='#ece9e8'></span><span style='display:inline-block; width:18px; height:18px; background-color:#1a161a; border-radius:3px; margin-right:3px; border:1px solid #666;' title='#1a161a'></span><span style='display:inline-block; width:18px; height:18px; background-color:#7e716f; border-radius:3px; margin-right:3px; border:1px solid #666;' title='#7e716f'></span>,Purple,Women,0.5181,13.15,#202531,3,Palette 3 (Vibrant Statement & Accents),"[""#202531"", ""#cec05e"", ""#8f543e"", ""#51261a""]",False,Tier 3: Non-Priority / Neutral,Palette deviation (ΔE=13.2) exceeds target country baseline.
103,103,cz,Dámský overal Figl M236 bílohnědý,"Elegantní dámský overal volnějšího střihu, v pase do gumy, za krkem na zavázání. Barva: bílá hnědá",853,womens-jumpsuits,Dress,Dress,True,True,True,False,White,0.1025,0.8168,"['#eeedeb', '#ba9f9e', '#9e8182', '#2f1d16']",custom-tag,46.38,False,Product class not explicitly described in name,"[""#efeeeb"", ""#bca1a0"", ""#a28586"", ""#301e17""]","[[239, 238, 235], [188, 161, 160], [162, 133, 134], [48, 30, 23]]","White, Grey, Pink, Brown",<span style='display:inline-block; width:18px; height:18px; background-color:#efeeeb; border-radius:3px; margin-right:3px; border:1px solid #666;' title='#efeeeb'></span><span style='display:inline-block; width:18px; height:18px; background-color:#bca1a0; border-radius:3px; margin-right:3px; border:1px solid #666;' title='#bca1a0'></span><span style='display:inline-block; width:18px; height:18px; background-color:#a28586; border-radius:3px; margin-right:3px; border:1px solid #666;' title='#a28586'></span><span style='display:inline-block; width:18px; height:18px; background-color:#301e17; border-radius:3px; margin-right:3px; border:1px solid #666;' title='#301e17'></span>,White,Unisex,0.56,11.6,#efebe9,1,Palette 1 (Core & Classic Neutrals),"[""#ede8eb"", ""#efebe9"", ""#d6cccf"", ""#b7c1be""]",False,Tier 3: Non-Priority / Neutral,Palette deviation (ΔE=11.6) exceeds target country baseline.
104,104,cz,Dámský overal Figl M236 oranžovošedý,"Elegantní dámský overal volnějšího střihu, v pase do gumy, za krkem na zavázání. Barva: oranžová šedá",853,womens-jumpsuits,Dress,Dress,True,True,True,False,Grey,0.1392,0.6469,"['#807387', '#edeff1', '#e2b3b0', '#32211d']",custom-tag,36.08,False,Product class not explicitly described in name,"[""#807387"", ""#edeff1"", ""#e1b3b0"", ""#39251f""]","[[128, 115, 135], [237, 239, 241], [225, 179, 176], [57, 37, 31]]","Grey, White, Pink, Red",<span style='display:inline-block; width:18px; height:18px; background-color:#807387; border-radius:3px; margin-right:3px; border:1px solid #666;' title='#807387'></span><span style='display:inline-block; width:18px; height:18px; background-color:#edeff1; border-radius:3px; margin-right:3px; border:1px solid #666;' title='#edeff1'></span><span style='display:inline-block; width:18px; height:18px; background-color:#e1b3b0; border-radius:3px; margin-right:3px; border:1px solid #666;' title='#e1b3b0'></span><span style='display:inline-block; width:18px; height:18px; background-color:#39251f; border-radius:3px; margin-right:3px; border:1px solid #666;' title='#39251f'></span>,Grey,Unisex,0.4886,14.32,#262126,2,Palette 2 (Contemporary & Earthy Street),"[""#bca6a9"", ""#8b919e"", ""#0f0d0f"", ""#262126""]",False,Tier 3: Non-Priority / Neutral,Palette deviation (ΔE=14.3) exceeds target country baseline.
105,105,cz,Dámský overal Figl M236 bílozelený,"Elegantní dámský overal volnějšího střihu, v pase do gumy, za krkem na zavázání. Barva: bílá zelená",853,womens-jumpsuits,Dress,Dress,True,True,True,False,Grey,0.0627,0.6961,"['#8e9085', '#f0f0ee', '#70726a', '#c9c3bc']",custom-tag,46.73,False,Product class not explicitly described in name,"[""#8e9085"", ""#f0f0ee"", ""#70726a"", ""#cac1b9""]","[[142, 144, 133], [240, 240, 238], [112, 114, 106], [202, 193, 185]]","Grey, White",<span style='display:inline-block; width:18px; height:18px; background-color:#8e9085; border-radius:3px; margin-right:3px; border:1px solid #666;' title='#8e9085'></span><span style='display:inline-block; width:18px; height:18px; background-color:#f0f0ee; border-radius:3px; margin-right:3px; border:1px solid #666;' title='#f0f0ee'></span><span style='display:inline-block; width:18px; height:18px; background-color:#70726a; border-radius:3px; margin-right:3px; border:1px solid #666;' title='#70726a'></span><span style='display:inline-block; width:18px; height:18px; background-color:#cac1b9; border-radius:3px; margin-right:3px; border:1px solid #666;' title='#cac1b9'></span>,Grey,Unisex,0.4721,15.01,#bca6a9,2,Palette 2 (Contemporary & Earthy Street),"[""#bca6a9"", ""#8b919e"", ""#0f0d0f"", ""#262126""]",False,Tier 3: Non-Priority / Neutral,Palette deviation (ΔE=15.0) exceeds target country baseline.
107,107,cz,Dámská halenka Katrus K008 modrá,Elegantní jednoduchá dámská halenka - kabátek v nepřehlédnutelné barvě. Barva: modráMateriál:,6,womens-blouses-and-shirts,Shirt,Shirt,True,True,True,True,White,0.3685,0.8051,"['#e3e1e5', '#0946b0', '#393043', '#9194ad']",custom-tag,35.85,True,Relevant keyword 'halenka' found in name,"[""#e3e1e5"", ""#0946b0"", ""#3b3244"", ""#8f92ab""]","[[227, 225, 229], [9, 70, 176], [59, 50, 68], [143, 146, 171]]","White, Blue, Purple",<span style='display:inline-block; width:18px; height:18px; background-color:#e3e1e5; border-radius:3px; margin-right:3px; border:1px solid #666;' title='#e3e1e5'></span><span style='display:inline-block; width:18px; height:18px; background-color:#0946b0; border-radius:3px; margin-right:3px; border:1px solid #666;' title='#0946b0'></span><span style='display:inline-block; width:18px; height:18px; background-color:#3b3244; border-radius:3px; margin-right:3px; border:1px solid #666;' title='#3b3244'></span><span style='display:inline-block; width:18px; height:18px; background-color:#8f92ab; border-radius:3px; margin-right:3px; border:1px solid #666;' title='#8f92ab'></span>,White,Unisex,0.4041,18.12,#ede8eb,1,Palette 1 (Core & Classic Neutrals),"[""#ede8eb"", ""#efebe9"", ""#d6cccf"", ""#b7c1be""]",False,Tier 3: Non-Priority / Neutral,Palette deviation (ΔE=18.1) exceeds target country baseline.
109,109,cz,Dámská halenka Katrus K133 smetanová,"Krásná bavlněná halenka s volnými rameny, kolem výstřihu, v dolním lemu a na rukávech guma. Barva: smetanová",6,womens-blouses-and-shirts,Shirt,Shirt,True,True,True,False,White,0.0807,0.8543,"['#ece8e6', '#182338', '#b8aaa3', '#33425a']",custom-tag,30.1,True,Relevant keyword 'halenka' found in name,"[""#ece8e6"", ""#182238"", ""#b8a9a1"", ""#32425b""]","[[236, 232, 230], [24, 34, 56], [184, 169, 161], [50, 66, 91]]","White, Navy Blue, Grey",<span style='display:inline-block; width:18px; height:18px; background-color:#ece8e6; border-radius:3px; margin-right:3px; border:1px solid #666;' title='#ece8e6'></span><span style='display:inline-block; width:18px; height:18px; background-color:#182238; border-radius:3px; margin-right:3px; border:1px solid #666;' title='#182238'></span><span style='display:inline-block; width:18px; height:18px; background-color:#b8a9a1; border-radius:3px; margin-right:3px; border:1px solid #666;' title='#b8a9a1'></span><span style='display:inline-block; width:18px; height:18px; background-color:#32425b; border-radius:3px; margin-right:3px; border:1px solid #666;' title='#32425b'></span>,White,Unisex,0.5009,13.83,#efebe9,1,Palette 1 (Core & Classic Neutrals),"[""#ede8eb"", ""#efebe9"", ""#d6cccf"", ""#b7c1be""]",False,Tier 3: Non-Priority / Neutral,Palette deviation (ΔE=13.8) exceeds target country baseline.
113,113,cz,NoName Luxusní stylové plavky se zlatým lemováním fialové,"Dámské dvoudílné fialové plavky - bikiny.   Plavky jsou dvoudílné, podšité, s vyjímatelnými vycpávkami, zavazování za krkem, zapínání na zádech. Díky perfektnímu střihu horní díl skvěle vytvaruje každé poprsí. Zdobené zlatým pleteným lemem. Na velikost košíčků 1-2.   Materiál: 90% polyester, 10% Elastan   Rozměry: vrchní díl: obvod 72-95cm, výška 14cm spodní díl: obvod 62-84cm pro obvod přes boky max 95cm",201,bikinis,Bag,Bag,False,True,False,True,Pink/Magenta,0.6319,0.4805,"['#7b2664', '#653925', '#9a5964', '#f1e1d6']",custom-tag,100.0,False,Product class not explicitly described in name,"[""#7b2664"", ""#653925"", ""#9a5964"", ""#f1e1d6""]","[[123, 38, 100], [101, 57, 37], [154, 89, 100], [241, 225, 214]]","Pink/Magenta, Brown, Red, White",<span style='display:inline-block; width:18px; height:18px; background-color:#7b2664; border-radius:3px; margin-right:3px; border:1px solid #666;' title='#7b2664'></span><span style='display:inline-block; width:18px; height:18px; background-color:#653925; border-radius:3px; margin-right:3px; border:1px solid #666;' title='#653925'></span><span style='display:inline-block; width:18px; height:18px; background-color:#9a5964; border-radius:3px; margin-right:3px; border:1px solid #666;' title='#9a5964'></span><span style='display:inline-block; width:18px; height:18px; background-color:#f1e1d6; border-radius:3px; margin-right:3px; border:1px solid #666;' title='#f1e1d6'></span>,Pink/Magenta,Women,0.1513,37.77,#51261a,3,Palette 3 (Vibrant Statement & Accents),"[""#202531"", ""#cec05e"", ""#8f543e"", ""#51261a""]",False,Tier 3: Non-Priority / Neutral,Palette deviation (ΔE=37.8) exceeds target country baseline.
114,114,cz,Dámská halenka pruhy F&F,"Dámská strečová halenka s tříčtvrtečním rukávem.   Komfortní, velmi příjemný materiál,který v kombinaci s delším provedením nepřidává na objemu. Efektně provedený lodičkový výstřih s bočními vsadkami.  Rozměry : obvod přes prsa 94cm obvod pas 87cm, obvod spodního okraje 101cm délka 70,5cm  Materiál: 95%bavlna,5% elastan",6,womens-blouses-and-shirts,Shirt,Shirt,True,True,True,True,Grey,0.2446,0.5854,"['#d3dbd9', '#1c2239', '#abb1b4', '#6f5670']",custom-tag,50.53,True,Relevant keyword 'halenka' found in name,"[""#d3dbd9"", ""#1c2239"", ""#a6abaf"", ""#6e536d""]","[[211, 219, 217], [28, 34, 57], [166, 171, 175], [110, 83, 109]]","Grey, Navy Blue, Pink/Magenta",<span style='display:inline-block; width:18px; height:18px; background-color:#d3dbd9; border-radius:3px; margin-right:3px; border:1px solid #666;' title='#d3dbd9'></span><span style='display:inline-block; width:18px; height:18px; background-color:#1c2239; border-radius:3px; margin-right:3px; border:1px solid #666;' title='#1c2239'></span><span style='display:inline-block; width:18px; height:18px; background-color:#a6abaf; border-radius:3px; margin-right:3px; border:1px solid #666;' title='#a6abaf'></span><span style='display:inline-block; width:18px; height:18px; background-color:#6e536d; border-radius:3px; margin-right:3px; border:1px solid #666;' title='#6e536d'></span>,Grey,Unisex,0.4196,17.37,#ede8eb,1,Palette 1 (Core & Classic Neutrals),"[""#ede8eb"", ""#efebe9"", ""#d6cccf"", ""#b7c1be""]",False,Tier 3: Non-Priority / Neutral,Palette deviation (ΔE=17.4) exceeds target country baseline.
115,115,cz,American Retro Krátké šaty JOSEPH,American Retro Krátké šaty JOSEPH Černá. K dispozici v dámské velikosti. DE 32. Dámské   Oblečení   Krátké šaty,184,dresses,Shirt,Shirt,False,True,False,False,Grey,0.0702,0.149,"['#262628', '#18181a', '#bebdbe', '#6a6769']",custom-tag,78.33,False,Product class not explicitly described in name,"[""#272629"", ""#19191b"", ""#7e787a"", ""#c7c5c7""]","[[39, 38, 41], [25, 25, 27], [126, 120, 122], [199, 197, 199]]","Grey, Black",<span style='display:inline-block; width:18px; height:18px; background-color:#272629; border-radius:3px; margin-right:3px; border:1px solid #666;' title='#272629'></span><span style='display:inline-block; width:18px; height:18px; background-color:#19191b; border-radius:3px; margin-right:3px; border:1px solid #666;' title='#19191b'></span><span style='display:inline-block; width:18px; height:18px; background-color:#7e787a; border-radius:3px; margin-right:3px; border:1px solid #666;' title='#7e787a'></span><span style='display:inline-block; width:18px; height:18px; background-color:#c7c5c7; border-radius:3px; margin-right:3px; border:1px solid #666;' title='#c7c5c7'></span>,Grey,Women,0.5458,12.11,#181011,2,Palette 2 (Contemporary & Earthy Street),"[""#424654"", ""#606681"", ""#97aad6"", ""#181011""]",False,Tier 3: Non-Priority / Neutral,Palette deviation (ΔE=12.1) exceeds target country baseline.
116,116,cz,Beauty Night Eveline white Erotické šaty XXL bílá,"Kategorie: Dámské erotické prádloTyp: Erotické šatyVýrobce: Beauty Night FashionElegantní a sexy šaty Eveline Beauty Night fashion jsou vyrobeny z příjemného pružného materiálu obepínajícího postavu. Měkké podprsenkové košíčky vyztuženy kosticemi zdobí černý lem z elastického saténu. Mezi košíčky je koketní mašlička. Zadní část tvoří hluboký výstřih zdobený nápaditým šněrováním. K šatům jsou napevno přišity černé podvazkové pásky, které mohou být použity pro přidržení punčocháčů. Punčocháče nejsou součástí balení. V případě, že nejsou punčocháče použity podvazky z pod volánku nevyčnívají. Jednoduchá tanga jsou součástí balení.Produkt je dodáván v dárkovém pytlíčku, který je ideální pro skladování a to vše je zabaleno v krabičce s fotografií příslušného zboží. Zkontrolujte svou velikost - Tabulka velikostí Beauty Night Fashion",39577,womens-hosiery,Shirt,Shirt,True,True,True,True,White,0.2252,0.6331,"['#ede8e8', '#25140f', '#cfbfba', '#685349']",custom-tag,63.73,False,Product class not explicitly described in name,"[""#eee9e9"", ""#26140f"", ""#d0c0bc"", ""#68554c""]","[[238, 233, 233], [38, 20, 15], [208, 192, 188], [104, 85, 76]]","White, Black, Grey, Orange",<span style='display:inline-block; width:18px; height:18px; background-color:#eee9e9; border-radius:3px; margin-right:3px; border:1px solid #666;' title='#eee9e9'></span><span style='display:inline-block; width:18px; height:18px; background-color:#26140f; border-radius:3px; margin-right:3px; border:1px solid #666;' title='#26140f'></span><span style='display:inline-block; width:18px; height:18px; background-color:#d0c0bc; border-radius:3px; margin-right:3px; border:1px solid #666;' title='#d0c0bc'></span><span style='display:inline-block; width:18px; height:18px; background-color:#68554c; border-radius:3px; margin-right:3px; border:1px solid #666;' title='#68554c'></span>,White,Unisex,0.5324,12.61,#efebe9,1,Palette 1 (Core & Classic Neutrals),"[""#ede8eb"", ""#efebe9"", ""#d6cccf"", ""#b7c1be""]",False,Tier 3: Non-Priority / Neutral,Palette deviation (ΔE=12.6) exceeds target country baseline.
117,117,cz,Obsessive Souprava Punker dress S M černá,"Kategorie: Dámské erotické prádlo Typ: Sexy šaty Výrobce: ObsessiveFrivolní, sexy šatičky Punker dress Obsessive obsahuje top a mini sukni v jednom. Vrchní část je vyrobená ze síťoviny s volnými, širokými rukávy, spodní část je z příjemné, upnuté, elastické látky. Zadní strana je identická s přední.Součástí šatů jsou sexy tanga.Materiál: 90% Polyamid + 10% ElastanZkontrolujte svou velikost - Tabulka velikostí Obsessive",5382,panties-and-thongs,Bag,Bag,False,True,False,True,Purple,0.2851,0.2641,"['#584c5f', '#110b0c', '#352a2f', '#fdfbfd']",custom-tag,99.9,False,Product class not explicitly described in name,"[""#584c5f"", ""#110b0c"", ""#352a2f"", ""#fefbfe""]","[[88, 76, 95], [17, 11, 12], [53, 42, 47], [254, 251, 254]]","Purple, Black, Pink/Magenta, White",<span style='display:inline-block; width:18px; height:18px; background-color:#584c5f; border-radius:3px; margin-right:3px; border:1px solid #666;' title='#584c5f'></span><span style='display:inline-block; width:18px; height:18px; background-color:#110b0c; border-radius:3px; margin-right:3px; border:1px solid #666;' title='#110b0c'></span><span style='display:inline-block; width:18px; height:18px; background-color:#352a2f; border-radius:3px; margin-right:3px; border:1px solid #666;' title='#352a2f'></span><span style='display:inline-block; width:18px; height:18px; background-color:#fefbfe; border-radius:3px; margin-right:3px; border:1px solid #666;' title='#fefbfe'></span>,Purple,Women,0.5726,11.15,#181011,2,Palette 2 (Contemporary & Earthy Street),"[""#424654"", ""#606681"", ""#97aad6"", ""#181011""]",False,Tier 3: Non-Priority / Neutral,Palette deviation (ΔE=11.2) exceeds target country baseline.
120,120,cz,Naf Naf Krátké šaty ECAPS,Naf Naf Krátké šaty ECAPS ruznobarevne. K dispozici v dámské velikosti. DE 34. Dámské   Oblečení   Krátké šaty,184,dresses,T-shirt/top,T-shirt/top,False,True,False,True,Navy Blue,0.2332,0.4932,"['#2a2e35', '#5e7162', '#dfe2cc', '#9ca892']",custom-tag,80.59,False,Product class not explicitly described in name,"[""#2b2e34"", ""#5f7263"", ""#a0a792"", ""#e0e3ce""]","[[43, 46, 52], [95, 114, 99], [160, 167, 146], [224, 227, 206]]","Navy Blue, Green, Grey, White",<span style='display:inline-block; width:18px; height:18px; background-color:#2b2e34; border-radius:3px; margin-right:3px; border:1px solid #666;' title='#2b2e34'></span><span style='display:inline-block; width:18px; height:18px; background-color:#5f7263; border-radius:3px; margin-right:3px; border:1px solid #666;' title='#5f7263'></span><span style='display:inline-block; width:18px; height:18px; background-color:#a0a792; border-radius:3px; margin-right:3px; border:1px solid #666;' title='#a0a792'></span><span style='display:inline-block; width:18px; height:18px; background-color:#e0e3ce; border-radius:3px; margin-right:3px; border:1px solid #666;' title='#e0e3ce'></span>,Navy Blue,Women,0.4446,16.21,#202531,3,Palette 3 (Vibrant Statement & Accents),"[""#202531"", ""#cec05e"", ""#8f543e"", ""#51261a""]",False,Tier 3: Non-Priority / Neutral,Palette deviation (ΔE=16.2) exceeds target country baseline.
123,123,cz,Zelené šaty MOE 053,"Prodloužené šaty s dlouhým rukávem jsou příjemné, pohodlné a trendy! Díky měkkému materiálu se v nich budeš cítit skvěle během celého dne, přední část je zdobená kapsou s motivem srdce, které je doplněno kovovým zlatým srdíčkem.",184,dresses,Dress,Dress,False,True,False,False,Grey,0.0513,0.8236,"['#dddcda', '#7c7455', '#281d0a', '#4f452c']",custom-tag,34.12,True,Relevant keyword 'šaty' found in name,"[""#dddcda"", ""#70694a"", ""#322711"", ""#b6af9f""]","[[221, 220, 218], [112, 105, 74], [50, 39, 17], [182, 175, 159]]","Grey, Yellow, Brown",<span style='display:inline-block; width:18px; height:18px; background-color:#dddcda; border-radius:3px; margin-right:3px; border:1px solid #666;' title='#dddcda'></span><span style='display:inline-block; width:18px; height:18px; background-color:#70694a; border-radius:3px; margin-right:3px; border:1px solid #666;' title='#70694a'></span><span style='display:inline-block; width:18px; height:18px; background-color:#322711; border-radius:3px; margin-right:3px; border:1px solid #666;' title='#322711'></span><span style='display:inline-block; width:18px; height:18px; background-color:#b6af9f; border-radius:3px; margin-right:3px; border:1px solid #666;' title='#b6af9f'></span>,Grey,Women,0.552,11.88,#efebe9,1,Palette 1 (Core & Classic Neutrals),"[""#efebe9"", ""#d6cccf"", ""#bca6a9"", ""#9e8284""]",False,Tier 3: Non-Priority / Neutral,Palette deviation (ΔE=11.9) exceeds target country baseline.
126,126,cz,Obsessive VÝPRODEJ Kalhotky Monita shorties - bílá - L XL,"Nádherné, sněhobílé šortky s roztomilým zdobením!",386,women-s-shorts,Trouser,Trouser,True,True,True,False,Grey,0.041,0.8173,"['#bfbdbf', '#d7d4d5', '#edebec', '#4f2612']",custom-tag,49.11,True,Relevant keyword 'kalhotky' found in name,"[""#bfbdbf"", ""#d7d4d5"", ""#edebec"", ""#4d2512""]","[[191, 189, 191], [215, 212, 213], [237, 235, 236], [77, 37, 18]]","Grey, White, Brown",<span style='display:inline-block; width:18px; height:18px; background-color:#bfbdbf; border-radius:3px; margin-right:3px; border:1px solid #666;' title='#bfbdbf'></span><span style='display:inline-block; width:18px; height:18px; background-color:#d7d4d5; border-radius:3px; margin-right:3px; border:1px solid #666;' title='#d7d4d5'></span><span style='display:inline-block; width:18px; height:18px; background-color:#edebec; border-radius:3px; margin-right:3px; border:1px solid #666;' title='#edebec'></span><span style='display:inline-block; width:18px; height:18px; background-color:#4d2512; border-radius:3px; margin-right:3px; border:1px solid #666;' title='#4d2512'></span>,Grey,Unisex,0.5888,10.59,#ede8eb,1,Palette 1 (Core & Classic Neutrals),"[""#ede8eb"", ""#efebe9"", ""#d6cccf"", ""#b7c1be""]",False,Tier 3: Non-Priority / Neutral,Palette deviation (ΔE=10.6) exceeds target country baseline.
127,127,cz,Beauty Night Fashion Erotický kostým Sussie - černá-bílá - S M,"Smyslný, sexy kostým zdůrazňující ženskou krásu Sussie Beauty Night Fashion je vyroben z velké části z černé a bílé elastické látky. Neobvykle smyslně působí volánková krajka v dekoltu, ozdobená černými mašličkami. Soupravu tvoří top, mini sukně a tanga. Produkt je balený v dárkovém pytlíčku, který je ideální pro skladování. V elegantní krabičce s obrázkem zboží co je uvnitř a s logem Beauty Night.",5382,panties-and-thongs,Shirt,Shirt,False,True,False,True,White,0.2632,0.663,"['#e9e8e2', '#120c0a', '#7a571f', '#c9c4b4']",custom-tag,81.18,False,Product class not explicitly described in name,"[""#e8e6e0"", ""#77551d"", ""#130c09"", ""#c4bfad""]","[[232, 230, 224], [119, 85, 29], [19, 12, 9], [196, 191, 173]]","White, Orange, Black, Grey",<span style='display:inline-block; width:18px; height:18px; background-color:#e8e6e0; border-radius:3px; margin-right:3px; border:1px solid #666;' title='#e8e6e0'></span><span style='display:inline-block; width:18px; height:18px; background-color:#77551d; border-radius:3px; margin-right:3px; border:1px solid #666;' title='#77551d'></span><span style='display:inline-block; width:18px; height:18px; background-color:#130c09; border-radius:3px; margin-right:3px; border:1px solid #666;' title='#130c09'></span><span style='display:inline-block; width:18px; height:18px; background-color:#c4bfad; border-radius:3px; margin-right:3px; border:1px solid #666;' title='#c4bfad'></span>,White,Women,0.5338,12.55,#efebe9,1,Palette 1 (Core & Classic Neutrals),"[""#efebe9"", ""#d6cccf"", ""#bca6a9"", ""#9e8284""]",False,Tier 3: Non-Priority / Neutral,Palette deviation (ΔE=12.6) exceeds target country baseline.
129,129,cz,Peněženka King 380 brown,Peněženka King 380 brown.  Dámská peněženka na zapínání na cvok.  Přihrádka na bankovky + přihrádka na karty + průhledná přihrádka.  Venkovní kapsa na cvok na drobné.  Rozměry: 12 cm x 9 cm x 3 cm,203,womens-wallets,Bag,Bag,True,True,True,True,Brown,0.6907,0.4254,"['#603518', '#744d28', '#fcf9f0', '#bea88a']",custom-tag,100.0,True,Relevant keyword 'peněženka' found in name,"[""#603518"", ""#754d28"", ""#fbf7ee"", ""#c5b095""]","[[96, 53, 24], [117, 77, 40], [251, 247, 238], [197, 176, 149]]","Brown, Orange, White, Beige/Khaki",<span style='display:inline-block; width:18px; height:18px; background-color:#603518; border-radius:3px; margin-right:3px; border:1px solid #666;' title='#603518'></span><span style='display:inline-block; width:18px; height:18px; background-color:#754d28; border-radius:3px; margin-right:3px; border:1px solid #666;' title='#754d28'></span><span style='display:inline-block; width:18px; height:18px; background-color:#fbf7ee; border-radius:3px; margin-right:3px; border:1px solid #666;' title='#fbf7ee'></span><span style='display:inline-block; width:18px; height:18px; background-color:#c5b095; border-radius:3px; margin-right:3px; border:1px solid #666;' title='#c5b095'></span>,Brown,Unisex,0.3676,20.01,#51261a,3,Palette 3 (Vibrant Statement & Accents),"[""#7f4534"", ""#51261a"", ""#1476bc"", ""#e7d311""]",False,Tier 3: Non-Priority / Neutral,Palette deviation (ΔE=20.0) exceeds target country baseline.
130,130,cz,Brýle Fallen Savage orange,Sluneční brýle Fallen Savage orange.  Stylové brýle se 100% UV ochranou.,207,womens-sunglasses,Bag,Bag,True,True,True,True,Grey,0.3515,0.7159,"['#837372', '#e87d56', '#fae4d6', '#622519']",custom-tag,44.1,False,Product class not explicitly described in name,"[""#827372"", ""#e87d56"", ""#fae2d4"", ""#62261a""]","[[130, 115, 114], [232, 125, 86], [250, 226, 212], [98, 38, 26]]","Grey, Orange, Red",<span style='display:inline-block; width:18px; height:18px; background-color:#827372; border-radius:3px; margin-right:3px; border:1px solid #666;' title='#827372'></span><span style='display:inline-block; width:18px; height:18px; background-color:#e87d56; border-radius:3px; margin-right:3px; border:1px solid #666;' title='#e87d56'></span><span style='display:inline-block; width:18px; height:18px; background-color:#fae2d4; border-radius:3px; margin-right:3px; border:1px solid #666;' title='#fae2d4'></span><span style='display:inline-block; width:18px; height:18px; background-color:#62261a; border-radius:3px; margin-right:3px; border:1px solid #666;' title='#62261a'></span>,Grey,Unisex,0.3411,21.51,#8b919e,2,Palette 2 (Contemporary & Earthy Street),"[""#bca6a9"", ""#8b919e"", ""#0f0d0f"", ""#262126""]",False,Tier 3: Non-Priority / Neutral,Palette deviation (ΔE=21.5) exceeds target country baseline.
131,131,cz,Peněženka Dakine Abigail avery,"Dámská peněženka Dakine Abigail avery.  Hlavní komora na cvok, uvnitř přihrádky  na doklady a na bankovky.  Na přední straně nášivka Dakine.  Potisk je u každé peněženky jinak rozložen.  Rozměry cca: 19 x 10 x 3 cm",203,womens-wallets,Bag,Bag,True,True,True,True,Pink/Magenta,0.3698,0.5143,"['#954b6b', '#362b2c', '#538b67', '#c9c3b3']",custom-tag,99.98,True,Relevant keyword 'peněženka' found in name,"[""#934a6c"", ""#352a2c"", ""#c6bfb0"", ""#4f8862""]","[[147, 74, 108], [53, 42, 44], [198, 191, 176], [79, 136, 98]]","Pink/Magenta, Pink, Grey, Green",<span style='display:inline-block; width:18px; height:18px; background-color:#934a6c; border-radius:3px; margin-right:3px; border:1px solid #666;' title='#934a6c'></span><span style='display:inline-block; width:18px; height:18px; background-color:#352a2c; border-radius:3px; margin-right:3px; border:1px solid #666;' title='#352a2c'></span><span style='display:inline-block; width:18px; height:18px; background-color:#c6bfb0; border-radius:3px; margin-right:3px; border:1px solid #666;' title='#c6bfb0'></span><span style='display:inline-block; width:18px; height:18px; background-color:#4f8862; border-radius:3px; margin-right:3px; border:1px solid #666;' title='#4f8862'></span>,Pink/Magenta,Unisex,0.1916,33.05,#262126,2,Palette 2 (Contemporary & Earthy Street),"[""#bca6a9"", ""#8b919e"", ""#0f0d0f"", ""#262126""]",False,Tier 3: Non-Priority / Neutral,Palette deviation (ΔE=33.1) exceeds target country baseline.
132,132,cz,SMITH'S Brýle Smith´S purple,Sluneční brýle Smith´S purple.  Stylové brýle s 400 UV ochranou.,207,womens-sunglasses,Bag,Bag,True,True,True,True,White,0.1353,0.7734,"['#e3e6e3', '#6c8b6b', '#774382', '#b696be']",custom-tag,54.19,False,Product class not explicitly described in name,"[""#e3e7e3"", ""#6b8b6b"", ""#784583"", ""#b493bc""]","[[227, 231, 227], [107, 139, 107], [120, 69, 131], [180, 147, 188]]","White, Green, Purple",<span style='display:inline-block; width:18px; height:18px; background-color:#e3e7e3; border-radius:3px; margin-right:3px; border:1px solid #666;' title='#e3e7e3'></span><span style='display:inline-block; width:18px; height:18px; background-color:#6b8b6b; border-radius:3px; margin-right:3px; border:1px solid #666;' title='#6b8b6b'></span><span style='display:inline-block; width:18px; height:18px; background-color:#784583; border-radius:3px; margin-right:3px; border:1px solid #666;' title='#784583'></span><span style='display:inline-block; width:18px; height:18px; background-color:#b493bc; border-radius:3px; margin-right:3px; border:1px solid #666;' title='#b493bc'></span>,White,Unisex,0.4878,14.36,#efebe9,1,Palette 1 (Core & Classic Neutrals),"[""#ede8eb"", ""#efebe9"", ""#d6cccf"", ""#b7c1be""]",False,Tier 3: Non-Priority / Neutral,Palette deviation (ΔE=14.4) exceeds target country baseline.
133,133,cz,Brýle Ion Lucid black-blue,"Sluneční brýle Ion Lucid black-blue.  Stylové, modré brýle se 100% UV ochranou.  Tloušťka skla je 1,8-2 mm, acetatový rám.  Brýle jsou vysoce odolné proti zlomení, poškrábaní a mají vodoodpuzující úpravu.  Součastí balení je ochranný pytlík, který slouží také na číštění brýlí.  Kategorie slunečního filtru 3.",207,womens-sunglasses,Bag,Bag,True,True,True,False,Grey,0.1464,0.7126,"['#b7bece', '#dddfe6', '#32343f', '#5d7193']",custom-tag,67.13,False,Product class not explicitly described in name,"[""#b7becd"", ""#dcdfe6"", ""#33353f"", ""#597396""]","[[183, 190, 205], [220, 223, 230], [51, 53, 63], [89, 115, 150]]","Grey, White, Navy Blue, Blue",<span style='display:inline-block; width:18px; height:18px; background-color:#b7becd; border-radius:3px; margin-right:3px; border:1px solid #666;' title='#b7becd'></span><span style='display:inline-block; width:18px; height:18px; background-color:#dcdfe6; border-radius:3px; margin-right:3px; border:1px solid #666;' title='#dcdfe6'></span><span style='display:inline-block; width:18px; height:18px; background-color:#33353f; border-radius:3px; margin-right:3px; border:1px solid #666;' title='#33353f'></span><span style='display:inline-block; width:18px; height:18px; background-color:#597396; border-radius:3px; margin-right:3px; border:1px solid #666;' title='#597396'></span>,Grey,Unisex,0.4729,14.98,#262126,2,Palette 2 (Contemporary & Earthy Street),"[""#bca6a9"", ""#8b919e"", ""#0f0d0f"", ""#262126""]",False,Tier 3: Non-Priority / Neutral,Palette deviation (ΔE=15.0) exceeds target country baseline.
134,134,cz,Brýle Independent Reget brown,Sluneční brýle Independent Reget brown.Stylové brýle se 100% UV ochranou.Součástí je čistící a ochraný pytlík s logem Independent.,207,womens-sunglasses,Sneaker,Sneaker,True,True,True,True,Red,0.3621,0.6644,"['#a66c5d', '#7b4d42', '#b89585', '#f9f5f1']",custom-tag,79.37,False,Product class not explicitly described in name,"[""#a66c5d"", ""#7b4d42"", ""#b89586"", ""#f9f4f0""]","[[166, 108, 93], [123, 77, 66], [184, 149, 134], [249, 244, 240]]","Red, Orange, White",<span style='display:inline-block; width:18px; height:18px; background-color:#a66c5d; border-radius:3px; margin-right:3px; border:1px solid #666;' title='#a66c5d'></span><span style='display:inline-block; width:18px; height:18px; background-color:#7b4d42; border-radius:3px; margin-right:3px; border:1px solid #666;' title='#7b4d42'></span><span style='display:inline-block; width:18px; height:18px; background-color:#b89586; border-radius:3px; margin-right:3px; border:1px solid #666;' title='#b89586'></span><span style='display:inline-block; width:18px; height:18px; background-color:#f9f4f0; border-radius:3px; margin-right:3px; border:1px solid #666;' title='#f9f4f0'></span>,Red,Unisex,0.3361,21.8,#7f4534,3,Palette 3 (Vibrant Statement & Accents),"[""#7f4534"", ""#51261a"", ""#1476bc"", ""#e7d311""]",False,Tier 3: Non-Priority / Neutral,Palette deviation (ΔE=21.8) exceeds target country baseline.
135,135,cz,Brýle Independent Reget charcoal,Sluneční brýle Independent Reget charcoal.Stylové brýle se 100% UV ochranou.Součástí je čistící a ochraný pytlík s logem Independent.,207,womens-sunglasses,Sneaker,Sneaker,True,True,True,True,Pink,0.1492,0.6138,"['#7c6265', '#978081', '#b4a4a3', '#f4f0ef']",custom-tag,83.9,False,Product class not explicitly described in name,"[""#7d6365"", ""#978181"", ""#b4a3a3"", ""#f4f0ef""]","[[125, 99, 101], [151, 129, 129], [180, 163, 163], [244, 240, 239]]","Pink, Grey, White",<span style='display:inline-block; width:18px; height:18px; background-color:#7d6365; border-radius:3px; margin-right:3px; border:1px solid #666;' title='#7d6365'></span><span style='display:inline-block; width:18px; height:18px; background-color:#978181; border-radius:3px; margin-right:3px; border:1px solid #666;' title='#978181'></span><span style='display:inline-block; width:18px; height:18px; background-color:#b4a3a3; border-radius:3px; margin-right:3px; border:1px solid #666;' title='#b4a3a3'></span><span style='display:inline-block; width:18px; height:18px; background-color:#f4f0ef; border-radius:3px; margin-right:3px; border:1px solid #666;' title='#f4f0ef'></span>,Pink,Unisex,0.3817,19.26,#bca6a9,2,Palette 2 (Contemporary & Earthy Street),"[""#bca6a9"", ""#8b919e"", ""#0f0d0f"", ""#262126""]",False,Tier 3: Non-Priority / Neutral,Palette deviation (ΔE=19.3) exceeds target country baseline.
138,138,cz,Klíčenka Nucelle zelená,Krásná trendy klíčenka.   Barva: zelená  Materiál: kůže,705,womens-keychains,Sandal,Sandal,True,True,True,True,Green,0.3237,0.7902,"['#77c7aa', '#9bcbbe', '#e0e2e6', '#676868']",custom-tag,95.56,False,Product class not explicitly described in name,"[""#77c7aa"", ""#9dc9bd"", ""#dee0e4"", ""#737a79""]","[[119, 199, 170], [157, 201, 189], [222, 224, 228], [115, 122, 121]]","Green, White, Grey",<span style='display:inline-block; width:18px; height:18px; background-color:#77c7aa; border-radius:3px; margin-right:3px; border:1px solid #666;' title='#77c7aa'></span><span style='display:inline-block; width:18px; height:18px; background-color:#9dc9bd; border-radius:3px; margin-right:3px; border:1px solid #666;' title='#9dc9bd'></span><span style='display:inline-block; width:18px; height:18px; background-color:#dee0e4; border-radius:3px; margin-right:3px; border:1px solid #666;' title='#dee0e4'></span><span style='display:inline-block; width:18px; height:18px; background-color:#737a79; border-radius:3px; margin-right:3px; border:1px solid #666;' title='#737a79'></span>,Green,Unisex,0.2999,24.09,#ede8eb,1,Palette 1 (Core & Classic Neutrals),"[""#ede8eb"", ""#efebe9"", ""#d6cccf"", ""#b7c1be""]",False,Tier 3: Non-Priority / Neutral,Palette deviation (ΔE=24.1) exceeds target country baseline.
139,139,cz,Klíčenka Nucelle modrá,Krásná trendy klíčenka.   Barva: modrá  Materiál: kůže,705,womens-keychains,Sandal,Sandal,True,True,True,True,Blue,0.5822,0.7689,"['#2882c7', '#e2e2eb', '#97a2b7', '#6b717e']",custom-tag,99.64,False,Product class not explicitly described in name,"[""#2782c7"", ""#e3e2eb"", ""#96a3bb"", ""#6c7281""]","[[39, 130, 199], [227, 226, 235], [150, 163, 187], [108, 114, 129]]","Blue, White, Navy Blue",<span style='display:inline-block; width:18px; height:18px; background-color:#2782c7; border-radius:3px; margin-right:3px; border:1px solid #666;' title='#2782c7'></span><span style='display:inline-block; width:18px; height:18px; background-color:#e3e2eb; border-radius:3px; margin-right:3px; border:1px solid #666;' title='#e3e2eb'></span><span style='display:inline-block; width:18px; height:18px; background-color:#96a3bb; border-radius:3px; margin-right:3px; border:1px solid #666;' title='#96a3bb'></span><span style='display:inline-block; width:18px; height:18px; background-color:#6c7281; border-radius:3px; margin-right:3px; border:1px solid #666;' title='#6c7281'></span>,Blue,Unisex,0.4394,16.45,#1476bc,3,Palette 3 (Vibrant Statement & Accents),"[""#7f4534"", ""#51261a"", ""#1476bc"", ""#e7d311""]",False,Tier 3: Non-Priority / Neutral,Palette deviation (ΔE=16.4) exceeds target country baseline.
141,141,cz,Clarks Freckle Ice 203529304,48h v pracovní dny,520,womens-flats,Bag,Bag,True,True,True,True,Brown,0.6075,0.332,"['#2c140b', '#6d3e2a', '#e0dad7', '#9c8a84']",custom-tag,93.43,False,Product class not explicitly described in name,"[""#2c140b"", ""#6d3e2a"", ""#e0d9d6"", ""#9c8a83""]","[[44, 20, 11], [109, 62, 42], [224, 217, 214], [156, 138, 131]]","Brown, Orange, Grey",<span style='display:inline-block; width:18px; height:18px; background-color:#2c140b; border-radius:3px; margin-right:3px; border:1px solid #666;' title='#2c140b'></span><span style='display:inline-block; width:18px; height:18px; background-color:#6d3e2a; border-radius:3px; margin-right:3px; border:1px solid #666;' title='#6d3e2a'></span><span style='display:inline-block; width:18px; height:18px; background-color:#e0d9d6; border-radius:3px; margin-right:3px; border:1px solid #666;' title='#e0d9d6'></span><span style='display:inline-block; width:18px; height:18px; background-color:#9c8a83; border-radius:3px; margin-right:3px; border:1px solid #666;' title='#9c8a83'></span>,Brown,Unisex,0.4315,16.81,#bca6a9,2,Palette 2 (Contemporary & Earthy Street),"[""#bca6a9"", ""#8b919e"", ""#0f0d0f"", ""#262126""]",False,Tier 3: Non-Priority / Neutral,Palette deviation (ΔE=16.8) exceeds target country baseline.
142,142,cz,Moon Boot Nylon 14004400002,48h v pracovní dny,527,womens-snow-boots,Shirt,Shirt,True,True,True,True,Navy Blue,0.3611,0.4225,"['#242644', '#3e4160', '#e1e2dc', '#91949b']",custom-tag,74.61,False,Product class not explicitly described in name,"[""#252846"", ""#444864"", ""#e7ebed"", ""#b6b6ad""]","[[37, 40, 70], [68, 72, 100], [231, 235, 237], [182, 182, 173]]","Navy Blue, White, Grey",<span style='display:inline-block; width:18px; height:18px; background-color:#252846; border-radius:3px; margin-right:3px; border:1px solid #666;' title='#252846'></span><span style='display:inline-block; width:18px; height:18px; background-color:#444864; border-radius:3px; margin-right:3px; border:1px solid #666;' title='#444864'></span><span style='display:inline-block; width:18px; height:18px; background-color:#e7ebed; border-radius:3px; margin-right:3px; border:1px solid #666;' title='#e7ebed'></span><span style='display:inline-block; width:18px; height:18px; background-color:#b6b6ad; border-radius:3px; margin-right:3px; border:1px solid #666;' title='#b6b6ad'></span>,Navy Blue,Unisex,0.4016,18.25,#bca6a9,2,Palette 2 (Contemporary & Earthy Street),"[""#bca6a9"", ""#8b919e"", ""#0f0d0f"", ""#262126""]",False,Tier 3: Non-Priority / Neutral,Palette deviation (ΔE=18.2) exceeds target country baseline.
143,143,cz,R.Polański 0720 N,48h v pracovní dny,501,heels,Sandal,Sandal,False,True,False,True,Brown,0.1975,0.4612,"['#322c27', '#605c5a', '#b0997e', '#dccfbe']",custom-tag,33.69,False,Product class not explicitly described in name,"[""#312b26"", ""#5f5b58"", ""#af9980"", ""#dcd0c0""]","[[49, 43, 38], [95, 91, 88], [175, 153, 128], [220, 208, 192]]","Brown, Grey, Beige/Khaki",<span style='display:inline-block; width:18px; height:18px; background-color:#312b26; border-radius:3px; margin-right:3px; border:1px solid #666;' title='#312b26'></span><span style='display:inline-block; width:18px; height:18px; background-color:#5f5b58; border-radius:3px; margin-right:3px; border:1px solid #666;' title='#5f5b58'></span><span style='display:inline-block; width:18px; height:18px; background-color:#af9980; border-radius:3px; margin-right:3px; border:1px solid #666;' title='#af9980'></span><span style='display:inline-block; width:18px; height:18px; background-color:#dcd0c0; border-radius:3px; margin-right:3px; border:1px solid #666;' title='#dcd0c0'></span>,Brown,Women,0.4033,18.16,#181011,2,Palette 2 (Contemporary & Earthy Street),"[""#424654"", ""#606681"", ""#97aad6"", ""#181011""]",False,Tier 3: Non-Priority / Neutral,Palette deviation (ΔE=18.2) exceeds target country baseline.
144,144,cz,Geox J Piuma Bal F J11B0F 03902 C9999 D,48h v pracovní dny,520,womens-flats,Bag,Bag,True,True,True,False,Grey,0.0719,0.2451,"['#393839', '#121112', '#7a787a', '#d5d4d4']",custom-tag,76.25,False,Product class not explicitly described in name,"[""#3b393b"", ""#141214"", ""#7f7d7f"", ""#d8d6d7""]","[[59, 57, 59], [20, 18, 20], [127, 125, 127], [216, 214, 215]]","Grey, Black",<span style='display:inline-block; width:18px; height:18px; background-color:#3b393b; border-radius:3px; margin-right:3px; border:1px solid #666;' title='#3b393b'></span><span style='display:inline-block; width:18px; height:18px; background-color:#141214; border-radius:3px; margin-right:3px; border:1px solid #666;' title='#141214'></span><span style='display:inline-block; width:18px; height:18px; background-color:#7f7d7f; border-radius:3px; margin-right:3px; border:1px solid #666;' title='#7f7d7f'></span><span style='display:inline-block; width:18px; height:18px; background-color:#d8d6d7; border-radius:3px; margin-right:3px; border:1px solid #666;' title='#d8d6d7'></span>,Grey,Unisex,0.5861,10.69,#0f0d0f,2,Palette 2 (Contemporary & Earthy Street),"[""#bca6a9"", ""#8b919e"", ""#0f0d0f"", ""#262126""]",False,Tier 3: Non-Priority / Neutral,Palette deviation (ΔE=10.7) exceeds target country baseline.
145,145,cz,Moraj DP 1100-002 Dámské tílko L grey melange,"Pohodlné tílko typu boxer Moraj DP 1100-002 vyrobené z bavlny s dodatkem elastanu.Košilka je prodyšná a elastická. Vyrobené z kvalitní, čisté bavlny, díky čemuž je model prodyšný a pružný. Střih i materiál zvolen tak, že si triko zachovává svůj tvar i po opakovaném praní. Složení: 95% bavlna, 5% elastan.",53403,womens-tops-tank-tops-and-t-shirts,Bag,Bag,True,True,True,False,Grey,0.1098,0.5427,"['#dedde0', '#afaeb2', '#090707', '#5d5c62']",custom-tag,82.3,False,Product class not explicitly described in name,"[""#dedde0"", ""#b1b0b5"", ""#090707"", ""#605f65""]","[[222, 221, 224], [177, 176, 181], [9, 7, 7], [96, 95, 101]]","Grey, Black",<span style='display:inline-block; width:18px; height:18px; background-color:#dedde0; border-radius:3px; margin-right:3px; border:1px solid #666;' title='#dedde0'></span><span style='display:inline-block; width:18px; height:18px; background-color:#b1b0b5; border-radius:3px; margin-right:3px; border:1px solid #666;' title='#b1b0b5'></span><span style='display:inline-block; width:18px; height:18px; background-color:#090707; border-radius:3px; margin-right:3px; border:1px solid #666;' title='#090707'></span><span style='display:inline-block; width:18px; height:18px; background-color:#605f65; border-radius:3px; margin-right:3px; border:1px solid #666;' title='#605f65'></span>,Grey,Unisex,0.4694,15.13,#ede8eb,1,Palette 1 (Core & Classic Neutrals),"[""#ede8eb"", ""#efebe9"", ""#d6cccf"", ""#b7c1be""]",False,Tier 3: Non-Priority / Neutral,Palette deviation (ΔE=15.1) exceeds target country baseline.
148,148,cz,"LM moda Plavky bez ramínek, bikiny, zelené s kruhy","Krásné elegantní plavky s kovovými doplňky    Materiál:100% polyester    Rozměry neroztažené  max roztažené:podprsenka: cca 66cm   90cmkalhotky: boky 66cm   88cm, výška 18 22 cm přední, zadní část",201,bikinis,T-shirt/top,T-shirt/top,False,True,False,False,Grey,0.1968,0.678,"['#c3c2b4', '#afb0a3', '#044f26', '#637c63']",custom-tag,40.34,False,Product class not explicitly described in name,"[""#c3c2b4"", ""#afb0a3"", ""#054e25"", ""#657e66""]","[[195, 194, 180], [175, 176, 163], [5, 78, 37], [101, 126, 102]]","Grey, Green",<span style='display:inline-block; width:18px; height:18px; background-color:#c3c2b4; border-radius:3px; margin-right:3px; border:1px solid #666;' title='#c3c2b4'></span><span style='display:inline-block; width:18px; height:18px; background-color:#afb0a3; border-radius:3px; margin-right:3px; border:1px solid #666;' title='#afb0a3'></span><span style='display:inline-block; width:18px; height:18px; background-color:#054e25; border-radius:3px; margin-right:3px; border:1px solid #666;' title='#054e25'></span><span style='display:inline-block; width:18px; height:18px; background-color:#657e66; border-radius:3px; margin-right:3px; border:1px solid #666;' title='#657e66'></span>,Grey,Women,0.4326,16.76,#d6cccf,1,Palette 1 (Core & Classic Neutrals),"[""#efebe9"", ""#d6cccf"", ""#bca6a9"", ""#9e8284""]",False,Tier 3: Non-Priority / Neutral,Palette deviation (ΔE=16.8) exceeds target country baseline.
151,151,cz,"LM moda A Pouzdrové společenské šaty, černé krátké DL644","Dámské společenské šaty. Zajímavé společenské šaty, horní díl šatů je ozdoben krajkou, vzadu zapínání na zip. Šaty jsou z pevného pružného materiálu.     Velikost M celková délka šatů je cca 92 cm, přes prsa 84 -88 cm, pas 66 cm, boky 96 cm     Velikost L celková délka šatů je cca 94 cm, přes prsa 88-90, pas 70 cm, boky 100 cm     Velikost XL celková délka šatů je cca 96 cm, přes prsa 98-102, pas 84 cm, boky 102 cm složení: 95%Polyester+5%Spandex",184,dresses,Dress,Dress,False,True,False,False,Grey,0.1584,0.2959,"['#2d2a30', '#f8eee8', '#62575b', '#b8a7a4']",custom-tag,69.41,True,Relevant keyword 'šaty' found in name,"[""#2d2a30"", ""#f5ece6"", ""#5e5458"", ""#b09d9b""]","[[45, 42, 48], [245, 236, 230], [94, 84, 88], [176, 157, 155]]","Grey, White",<span style='display:inline-block; width:18px; height:18px; background-color:#2d2a30; border-radius:3px; margin-right:3px; border:1px solid #666;' title='#2d2a30'></span><span style='display:inline-block; width:18px; height:18px; background-color:#f5ece6; border-radius:3px; margin-right:3px; border:1px solid #666;' title='#f5ece6'></span><span style='display:inline-block; width:18px; height:18px; background-color:#5e5458; border-radius:3px; margin-right:3px; border:1px solid #666;' title='#5e5458'></span><span style='display:inline-block; width:18px; height:18px; background-color:#b09d9b; border-radius:3px; margin-right:3px; border:1px solid #666;' title='#b09d9b'></span>,Grey,Women,0.4677,15.2,#202531,3,Palette 3 (Vibrant Statement & Accents),"[""#202531"", ""#cec05e"", ""#8f543e"", ""#51261a""]",False,Tier 3: Non-Priority / Neutral,Palette deviation (ΔE=15.2) exceeds target country baseline.
152,152,cz,Ever Pretty plesové šaty s flitry zelené 9672 GR,"Luxusní šaty na ples, vhodné i do tanečních. Zdobené našitými flitry. Šaty mají mírnou vlečku. Vložené vycpávky, je možné vzít bez podprsenky.    Skladem uvedené velikosti dodání 1-3dny - ostatní jsou k objednání - dodání 7-10dní    délka šatiček je cca 150cm    Barva: zelené",184,dresses,Dress,Dress,False,True,False,True,Cyan/Turquoise,0.8274,0.3408,"['#03433b', '#e5dfd6', '#3a7065', '#95aca3']",custom-tag,99.74,True,Relevant keyword 'šaty' found in name,"[""#03433a"", ""#e3dfd6"", ""#366d62"", ""#95a69e""]","[[3, 67, 58], [227, 223, 214], [54, 109, 98], [149, 166, 158]]","Cyan/Turquoise, White, Grey",<span style='display:inline-block; width:18px; height:18px; background-color:#03433a; border-radius:3px; margin-right:3px; border:1px solid #666;' title='#03433a'></span><span style='display:inline-block; width:18px; height:18px; background-color:#e3dfd6; border-radius:3px; margin-right:3px; border:1px solid #666;' title='#e3dfd6'></span><span style='display:inline-block; width:18px; height:18px; background-color:#366d62; border-radius:3px; margin-right:3px; border:1px solid #666;' title='#366d62'></span><span style='display:inline-block; width:18px; height:18px; background-color:#95a69e; border-radius:3px; margin-right:3px; border:1px solid #666;' title='#95a69e'></span>,Cyan/Turquoise,Women,0.2628,26.72,#424654,2,Palette 2 (Contemporary & Earthy Street),"[""#424654"", ""#606681"", ""#97aad6"", ""#181011""]",False,Tier 3: Non-Priority / Neutral,Palette deviation (ΔE=26.7) exceeds target country baseline.
153,153,cz,LM moda A Šaty černé vyšité vzory bodycon s rukávy OH170,"Dámské elegantní šaty černé s vyšitými vzory a flitry Pevný materiál elegantně řešené ve výstřihu. Uvedené velikosti jsou neroztažené a maximálně roztažené. Sexy model vhodný pro večerní nošení - na párty či večírky a plesy.     Velikost M: prsa: 80-90   břicho: 70-80   boky: 86-100 cm, celková délka: 91cm    Velikost L: prsa: 84-96   břicho: 74-84   boky: 90-110 cm, celková délka: 94cm     složení: 100% polyester",184,dresses,Dress,Dress,False,True,False,True,Brown,0.1202,0.3312,"['#2b2624', '#84827f', '#f1eeeb', '#5d5854']",custom-tag,53.4,True,Relevant keyword 'šaty' found in name,"[""#2a2524"", ""#84817e"", ""#f1eeeb"", ""#5c5753""]","[[42, 37, 36], [132, 129, 126], [241, 238, 235], [92, 87, 83]]","Grey, White",<span style='display:inline-block; width:18px; height:18px; background-color:#2a2524; border-radius:3px; margin-right:3px; border:1px solid #666;' title='#2a2524'></span><span style='display:inline-block; width:18px; height:18px; background-color:#84817e; border-radius:3px; margin-right:3px; border:1px solid #666;' title='#84817e'></span><span style='display:inline-block; width:18px; height:18px; background-color:#f1eeeb; border-radius:3px; margin-right:3px; border:1px solid #666;' title='#f1eeeb'></span><span style='display:inline-block; width:18px; height:18px; background-color:#5c5753; border-radius:3px; margin-right:3px; border:1px solid #666;' title='#5c5753'></span>,Grey,Women,0.496,14.02,#181011,2,Palette 2 (Contemporary & Earthy Street),"[""#424654"", ""#606681"", ""#97aad6"", ""#181011""]",False,Tier 3: Non-Priority / Neutral,Palette deviation (ΔE=14.0) exceeds target country baseline.
154,154,cz,Made in Italy Plesové šaty hnědé se zdobením štrasem,"Dámské elegantní plesové či večerní šaty   Jemné šatičky na ramínka, zdobené štrasem. Vzadu mají žabičkové řasené, ramínka jsou upravitelné. Vhodné pro plesovou sezonu či do tanečních.  Universal velikost vhodná pro S,M,L  Made in Italy  složení: 100% polyester",184,dresses,Dress,Dress,False,True,False,True,Red,0.6849,0.4372,"['#64261e', '#3a0e0c', '#cd7c5c', '#f2e2db']",custom-tag,51.14,True,Relevant keyword 'šaty' found in name,"[""#64261e"", ""#3a0e0b"", ""#cd7c5c"", ""#f2e2da""]","[[100, 38, 30], [58, 14, 11], [205, 124, 92], [242, 226, 218]]","Red, Orange, White",<span style='display:inline-block; width:18px; height:18px; background-color:#64261e; border-radius:3px; margin-right:3px; border:1px solid #666;' title='#64261e'></span><span style='display:inline-block; width:18px; height:18px; background-color:#3a0e0b; border-radius:3px; margin-right:3px; border:1px solid #666;' title='#3a0e0b'></span><span style='display:inline-block; width:18px; height:18px; background-color:#cd7c5c; border-radius:3px; margin-right:3px; border:1px solid #666;' title='#cd7c5c'></span><span style='display:inline-block; width:18px; height:18px; background-color:#f2e2da; border-radius:3px; margin-right:3px; border:1px solid #666;' title='#f2e2da'></span>,Red,Women,0.4814,14.62,#51261a,3,Palette 3 (Vibrant Statement & Accents),"[""#202531"", ""#cec05e"", ""#8f543e"", ""#51261a""]",False,Tier 3: Non-Priority / Neutral,Palette deviation (ΔE=14.6) exceeds target country baseline.
155,155,cz,LM moda A Minišaty elegantní černo růžové LM612,"Dámské minišaty jemné šaty, s prošitím které opticky zužuje Vaší postavu. Vzadu na zapínání na zip s krajkou.     Velikost M    Prsa cm Pascm Bokycm    M 86-98 70-80 91-99 ochylka + - 1cm     složení: 95% Polyester- 5% Elastane",184,dresses,Dress,Dress,False,True,False,False,White,0.1396,0.6627,"['#e5ebe9', '#241f23', '#ef7cba', '#ab587b']",custom-tag,65.55,True,Relevant keyword 'šaty' found in name,"[""#e4ebe8"", ""#231f23"", ""#ef79b8"", ""#a35977""]","[[228, 235, 232], [35, 31, 35], [239, 121, 184], [163, 89, 119]]","White, Black, Pink/Magenta",<span style='display:inline-block; width:18px; height:18px; background-color:#e4ebe8; border-radius:3px; margin-right:3px; border:1px solid #666;' title='#e4ebe8'></span><span style='display:inline-block; width:18px; height:18px; background-color:#231f23; border-radius:3px; margin-right:3px; border:1px solid #666;' title='#231f23'></span><span style='display:inline-block; width:18px; height:18px; background-color:#ef79b8; border-radius:3px; margin-right:3px; border:1px solid #666;' title='#ef79b8'></span><span style='display:inline-block; width:18px; height:18px; background-color:#a35977; border-radius:3px; margin-right:3px; border:1px solid #666;' title='#a35977'></span>,White,Women,0.4848,14.48,#efebe9,1,Palette 1 (Core & Classic Neutrals),"[""#efebe9"", ""#d6cccf"", ""#bca6a9"", ""#9e8284""]",False,Tier 3: Non-Priority / Neutral,Palette deviation (ΔE=14.5) exceeds target country baseline.
156,156,cz,Dámské elegantní Ever Pretty plesové šaty fialové 8441,"Luxusní šaty na ples, vhodné i do tanečních. Zdobené luxusní krajkou. Vložené vycpávky, je možné vzít bez podprsenky.    Skladem uvedené velikosti dodání 1-3dny - ostatní jsou k objednání - dodání 7-10dní    délka šatiček je cca 150cm",184,dresses,Dress,Dress,False,True,False,True,Purple,0.4922,0.2368,"['#22142b', '#554555', '#9e8b95', '#f2eaea']",custom-tag,99.68,True,Relevant keyword 'šaty' found in name,"[""#22142b"", ""#534253"", ""#9a8690"", ""#efe6e6""]","[[34, 20, 43], [83, 66, 83], [154, 134, 144], [239, 230, 230]]","Purple, Pink/Magenta, Grey, White",<span style='display:inline-block; width:18px; height:18px; background-color:#22142b; border-radius:3px; margin-right:3px; border:1px solid #666;' title='#22142b'></span><span style='display:inline-block; width:18px; height:18px; background-color:#534253; border-radius:3px; margin-right:3px; border:1px solid #666;' title='#534253'></span><span style='display:inline-block; width:18px; height:18px; background-color:#9a8690; border-radius:3px; margin-right:3px; border:1px solid #666;' title='#9a8690'></span><span style='display:inline-block; width:18px; height:18px; background-color:#efe6e6; border-radius:3px; margin-right:3px; border:1px solid #666;' title='#efe6e6'></span>,Purple,Women,0.4095,17.86,#424654,2,Palette 2 (Contemporary & Earthy Street),"[""#424654"", ""#606681"", ""#97aad6"", ""#181011""]",False,Tier 3: Non-Priority / Neutral,Palette deviation (ΔE=17.9) exceeds target country baseline.
158,158,cz,Ever Pretty šifonové šaty krátké tmavě modré 3266,"Jemné šifonové šaty na ramínka s květinou a volánkem dolů. Šatičky mají vycpávky na prsou.    složení: šifon    je možné objednat jiné barvy v tomto modelu: tyrkysová, fialová, lososová, tmavě modrá, bílá, bordo, černá, sv. fialová, zelená, růžová, tm. modrá",184,dresses,Sandal,Sandal,False,True,False,True,Navy Blue,0.3729,0.3701,"['#272943', '#6c6c7e', '#b9b0b2', '#f1e6e2']",custom-tag,69.65,False,Product class not explicitly described in name,"[""#262943"", ""#6a6a7b"", ""#f0e6e3"", ""#b7aeb1""]","[[38, 41, 67], [106, 106, 123], [240, 230, 227], [183, 174, 177]]","Navy Blue, Grey, White",<span style='display:inline-block; width:18px; height:18px; background-color:#262943; border-radius:3px; margin-right:3px; border:1px solid #666;' title='#262943'></span><span style='display:inline-block; width:18px; height:18px; background-color:#6a6a7b; border-radius:3px; margin-right:3px; border:1px solid #666;' title='#6a6a7b'></span><span style='display:inline-block; width:18px; height:18px; background-color:#f0e6e3; border-radius:3px; margin-right:3px; border:1px solid #666;' title='#f0e6e3'></span><span style='display:inline-block; width:18px; height:18px; background-color:#b7aeb1; border-radius:3px; margin-right:3px; border:1px solid #666;' title='#b7aeb1'></span>,Navy Blue,Women,0.4201,17.35,#606681,2,Palette 2 (Contemporary & Earthy Street),"[""#424654"", ""#606681"", ""#97aad6"", ""#181011""]",False,Tier 3: Non-Priority / Neutral,Palette deviation (ΔE=17.3) exceeds target country baseline.
160,160,cz,LM moda A Elegantní černé šaty netradiční 423,- Material: 97% Polyester a 3% Spandex                   Size           US Size           UK Size           EU Size           AU Size           Shoulder           Sleeve           Chest           Waist           Length                 XS          S2          6-8          32-34          6          37.5 cm          14.6 inch          15.5 cm          6 inch          78 cm          30.4 inch          62 cm          24.2 inch          97.5 cm          38 inch                S          S6          8-10          36-38          10          38.5 cm          15 inch          16.5 cm          6.4 inch          80 cm          31.2 inch          64 cm          25 inch          98.5 cm          38.4 inch                M          M8-10          12-14          40-42          12          39 cm          15.2 inch          17.5 cm          6.8 inch          84 cm          32.8 inch          68 cm          26.5 inch          101 cm          39.4 inch                L          L12          16-18          44-46          16          39.5 cm          15.4 inch          18.5 cm          7.2 inch          90 cm          35.1 inch          72 cm          28.1 inch          103 cm          40.2 inch                XL          XL16          20-22          48-50          20          41 cm          16 inch          19.5 cm          7.6 inch          96 cm          37.4 inch          76 cm          29.6 inch          105 cm          41 inch,184,dresses,Shirt,Shirt,False,True,False,False,Black,0.1844,0.1916,"['#1f1e19', '#d8cbc1', '#f9f5f1', '#7d746f']",custom-tag,64.86,False,Product class not explicitly described in name,"[""#201e1a"", ""#d7cbc2"", ""#f9f5f1"", ""#7f7671""]","[[32, 30, 26], [215, 203, 194], [249, 245, 241], [127, 118, 113]]","Black, Grey, White",<span style='display:inline-block; width:18px; height:18px; background-color:#201e1a; border-radius:3px; margin-right:3px; border:1px solid #666;' title='#201e1a'></span><span style='display:inline-block; width:18px; height:18px; background-color:#d7cbc2; border-radius:3px; margin-right:3px; border:1px solid #666;' title='#d7cbc2'></span><span style='display:inline-block; width:18px; height:18px; background-color:#f9f5f1; border-radius:3px; margin-right:3px; border:1px solid #666;' title='#f9f5f1'></span><span style='display:inline-block; width:18px; height:18px; background-color:#7f7671; border-radius:3px; margin-right:3px; border:1px solid #666;' title='#7f7671'></span>,Black,Women,0.4889,14.31,#181011,2,Palette 2 (Contemporary & Earthy Street),"[""#424654"", ""#606681"", ""#97aad6"", ""#181011""]",False,Tier 3: Non-Priority / Neutral,Palette deviation (ΔE=14.3) exceeds target country baseline.
162,162,cz,Andalea MC 9049 Pánské boxerky L XL červená,"Kategorie: Pánské erotické prádlo Typ: Sexy boxerky Výrobce: AndaleaBoxerky hvězd, troufáme si vydat takovéto prohlášení! Je řeč o boxerkách od firmy Andalea z lesklé pleteniny pikantně červené barvy. Sexy a přitahující ženskou pozornost. Překvapivým kontrastním prvkem je bílé lemování obepínající mužské poklady a na gumičkách na bedrech. Zajisté je to netradiční nabídka, ale jsme si jistí, že si najdou své příznivce. Perfektní sladění materiálů, sexy zip sám prosí o to, aby ho někdo rozepnul…! Pánské erotické spodní prádlo, které zajistí zábavnou atmosféru ve Vaší ložnici!Zkontrolujte svou velikost - Tabulka velikostí Andalea",6133,mens-undergarments,Trouser,Trouser,True,False,False,False,White,0.1439,0.889,"['#ece0df', '#760816', '#c1384a', '#eb838a']",custom-tag,28.14,True,Relevant keyword 'boxerky' found in name,"[""#ecdfdf"", ""#710615"", ""#b7273b"", ""#e2757e""]","[[236, 223, 223], [113, 6, 21], [183, 39, 59], [226, 117, 126]]","White, Red",<span style='display:inline-block; width:18px; height:18px; background-color:#ecdfdf; border-radius:3px; margin-right:3px; border:1px solid #666;' title='#ecdfdf'></span><span style='display:inline-block; width:18px; height:18px; background-color:#710615; border-radius:3px; margin-right:3px; border:1px solid #666;' title='#710615'></span><span style='display:inline-block; width:18px; height:18px; background-color:#b7273b; border-radius:3px; margin-right:3px; border:1px solid #666;' title='#b7273b'></span><span style='display:inline-block; width:18px; height:18px; background-color:#e2757e; border-radius:3px; margin-right:3px; border:1px solid #666;' title='#e2757e'></span>,White,Men,0.3725,19.75,#ede8eb,1,Palette 1 (Core & Classic Neutrals),"[""#ede8eb"", ""#b7c1be"", ""#8b919e"", ""#0f0d0f""]",False,Tier 3: Non-Priority / Neutral,Palette deviation (ΔE=19.7) exceeds target country baseline.
163,163,cz,Legíny gWINNER Push-Up Leggins Anti Cellulite,Funkční legíny gWINNER Anti Cellulitte.,373,womens-pants,Dress,Dress,True,True,True,False,Grey,0.172,0.3367,"['#2d2b2f', '#ece2df', '#7d7172', '#e43b3f']",custom-tag,95.63,False,Product class not explicitly described in name,"[""#2d2c2f"", ""#eee4e0"", ""#887a79"", ""#e6393d""]","[[45, 44, 47], [238, 228, 224], [136, 122, 121], [230, 57, 61]]","Grey, White, Red",<span style='display:inline-block; width:18px; height:18px; background-color:#2d2c2f; border-radius:3px; margin-right:3px; border:1px solid #666;' title='#2d2c2f'></span><span style='display:inline-block; width:18px; height:18px; background-color:#eee4e0; border-radius:3px; margin-right:3px; border:1px solid #666;' title='#eee4e0'></span><span style='display:inline-block; width:18px; height:18px; background-color:#887a79; border-radius:3px; margin-right:3px; border:1px solid #666;' title='#887a79'></span><span style='display:inline-block; width:18px; height:18px; background-color:#e6393d; border-radius:3px; margin-right:3px; border:1px solid #666;' title='#e6393d'></span>,Grey,Unisex,0.488,14.35,#262126,2,Palette 2 (Contemporary & Earthy Street),"[""#bca6a9"", ""#8b919e"", ""#0f0d0f"", ""#262126""]",False,Tier 3: Non-Priority / Neutral,Palette deviation (ΔE=14.3) exceeds target country baseline.
165,165,cz,Peněženka Guess Katlina Slim Clutch černá,"Dámská peněženka Guess Katlina Slim Clutch z kolekce podzim 2012      - přední strana zdobena logem Guess a kamínky   - vnější kapsa na zip   - 13 kapes na karty   - ID okno   - 3 kapsy na papírové bankovky   - kovové komponenty ve stříbrném tónu   - umělá kůže s reliéfem   - jednoduchá, elegantní",204,handbags,Bag,Bag,True,True,True,False,Grey,0.034,0.6141,"['#d9d5d1', '#2c2b2c', '#1a1a1a', '#a29f9d']",custom-tag,99.99,True,Relevant keyword 'peněženka' found in name,"[""#d9d5d1"", ""#2a2a2b"", ""#191919"", ""#a19e9b""]","[[217, 213, 209], [42, 42, 43], [25, 25, 25], [161, 158, 155]]","Grey, Black",<span style='display:inline-block; width:18px; height:18px; background-color:#d9d5d1; border-radius:3px; margin-right:3px; border:1px solid #666;' title='#d9d5d1'></span><span style='display:inline-block; width:18px; height:18px; background-color:#2a2a2b; border-radius:3px; margin-right:3px; border:1px solid #666;' title='#2a2a2b'></span><span style='display:inline-block; width:18px; height:18px; background-color:#191919; border-radius:3px; margin-right:3px; border:1px solid #666;' title='#191919'></span><span style='display:inline-block; width:18px; height:18px; background-color:#a19e9b; border-radius:3px; margin-right:3px; border:1px solid #666;' title='#a19e9b'></span>,Grey,Unisex,0.496,14.02,#0f0d0f,2,Palette 2 (Contemporary & Earthy Street),"[""#bca6a9"", ""#8b919e"", ""#0f0d0f"", ""#262126""]",False,Tier 3: Non-Priority / Neutral,Palette deviation (ΔE=14.0) exceeds target country baseline.
166,166,cz,Mikina Guess Washed Lounge Logo Hoodie šedá,Dámská pohodlná mikina pro volný čas Guess Washed Lounge Logo Hoodie z kolekce podzim 2013    - dlouhé rukávy - logo Guess na rukávu  - dvě přední kapsy   - kapuce   - zapínání na zip   - praní v pračce,236,womens-sweatshirts,Dress,Dress,True,True,True,False,Grey,0.0377,0.559,"['#777675', '#a19f9e', '#efece8', '#4a423c']",custom-tag,63.9,False,Product class not explicitly described in name,"[""#777675"", ""#a1a09f"", ""#f0ede9"", ""#48413c""]","[[119, 118, 117], [161, 160, 159], [240, 237, 233], [72, 65, 60]]","Grey, White, Brown",<span style='display:inline-block; width:18px; height:18px; background-color:#777675; border-radius:3px; margin-right:3px; border:1px solid #666;' title='#777675'></span><span style='display:inline-block; width:18px; height:18px; background-color:#a1a09f; border-radius:3px; margin-right:3px; border:1px solid #666;' title='#a1a09f'></span><span style='display:inline-block; width:18px; height:18px; background-color:#f0ede9; border-radius:3px; margin-right:3px; border:1px solid #666;' title='#f0ede9'></span><span style='display:inline-block; width:18px; height:18px; background-color:#48413c; border-radius:3px; margin-right:3px; border:1px solid #666;' title='#48413c'></span>,Grey,Unisex,0.4864,14.42,#bca6a9,2,Palette 2 (Contemporary & Earthy Street),"[""#bca6a9"", ""#8b919e"", ""#0f0d0f"", ""#262126""]",False,Tier 3: Non-Priority / Neutral,Palette deviation (ΔE=14.4) exceeds target country baseline.
167,167,cz,Halenka Guess Flutter-Sleeve Pintuck Top,"Lehká, pohodlná dámská bavlněná halenka Guess Flutter-Sleeve Pintuck Top z kolekce jaro 2014           - široký kulatý výstřih    - krátké zvonové rukávy    - hluboký výstřih i na zadním dílu    - háčkovaný detail ve výstřihu    - v pase šňůrka na stáhnutí    - lehká, pohodlná halenka    - příjemné nošení    - ruční praní",6,womens-blouses-and-shirts,Bag,Bag,True,True,True,False,White,0.0811,0.8245,"['#eaefed', '#c1c5c3', '#828d8a', '#492e1f']",custom-tag,62.73,False,Product class not explicitly described in name,"[""#eaefed"", ""#c0c5c3"", ""#4b2e1e"", ""#858d89""]","[[234, 239, 237], [192, 197, 195], [75, 46, 30], [133, 141, 137]]","White, Grey, Brown",<span style='display:inline-block; width:18px; height:18px; background-color:#eaefed; border-radius:3px; margin-right:3px; border:1px solid #666;' title='#eaefed'></span><span style='display:inline-block; width:18px; height:18px; background-color:#c0c5c3; border-radius:3px; margin-right:3px; border:1px solid #666;' title='#c0c5c3'></span><span style='display:inline-block; width:18px; height:18px; background-color:#4b2e1e; border-radius:3px; margin-right:3px; border:1px solid #666;' title='#4b2e1e'></span><span style='display:inline-block; width:18px; height:18px; background-color:#858d89; border-radius:3px; margin-right:3px; border:1px solid #666;' title='#858d89'></span>,White,Unisex,0.5946,10.4,#b7c1be,1,Palette 1 (Core & Classic Neutrals),"[""#ede8eb"", ""#efebe9"", ""#d6cccf"", ""#b7c1be""]",False,Tier 3: Non-Priority / Neutral,Palette deviation (ΔE=10.4) exceeds target country baseline.
168,168,cz,Katana Peněženka kožená pánská,"Vnitřní uspořádání:      - kapsa na mince se zapíná na patent   -    zipová kapsička např. na platební kartu vedle kapsy na mince       -    ve vnitřním prostoru obsahujícím dokladovou část, která se zajistí zápinkou nalezneme:          -    1 přihrádka na papírové bankovky       -    10 přihrádek na kreditní karty       -    2 průhledné síťované přihrádky na doklady              Barevné provedení:    hnědá     Materiál:    hovězí useň     Rozměry:    zavřená 10 x 12,5 cm     otevřená 15,5 x 21 cm",203,womens-wallets,Bag,Bag,True,True,True,True,Red,0.3547,0.4054,"['#4b2d2b', '#e9ece3', '#b4adb1', '#7b6363']",custom-tag,64.45,True,Relevant keyword 'peněženka' found in name,"[""#4b2d2b"", ""#eaece3"", ""#b4acb0"", ""#79615f""]","[[75, 45, 43], [234, 236, 227], [180, 172, 176], [121, 97, 95]]","Red, White, Grey, Pink",<span style='display:inline-block; width:18px; height:18px; background-color:#4b2d2b; border-radius:3px; margin-right:3px; border:1px solid #666;' title='#4b2d2b'></span><span style='display:inline-block; width:18px; height:18px; background-color:#eaece3; border-radius:3px; margin-right:3px; border:1px solid #666;' title='#eaece3'></span><span style='display:inline-block; width:18px; height:18px; background-color:#b4acb0; border-radius:3px; margin-right:3px; border:1px solid #666;' title='#b4acb0'></span><span style='display:inline-block; width:18px; height:18px; background-color:#79615f; border-radius:3px; margin-right:3px; border:1px solid #666;' title='#79615f'></span>,Red,Unisex,0.4334,16.72,#bca6a9,2,Palette 2 (Contemporary & Earthy Street),"[""#bca6a9"", ""#8b919e"", ""#0f0d0f"", ""#262126""]",False,Tier 3: Non-Priority / Neutral,Palette deviation (ΔE=16.7) exceeds target country baseline.
169,169,cz,Anais - Erotické kalhotky Kitten XXL bílá,"Kategorie: Dámské erotické prádlo Typ: Kalhotky s otvorem Výrobce: Anais Apparel Luxury LingerieKalhotky Anais Kitten s otevřeným rozkrokem. Jsou vyrobeny z jemné, měkké krajky. Kalhotky jsou v přední části zdobeny mašlí. Barva: bílá, černá.Složení: 80% poliamid, 20% elastanZkontrolujte svou velikost - Tabulka velikostí Anais",5382,panties-and-thongs,Shirt,Shirt,False,True,False,False,Grey,0.0518,0.6462,"['#857f80', '#bab5b4', '#ebe5e3', '#352a28']",custom-tag,90.94,False,Product class not explicitly described in name,"[""#857f7f"", ""#bab4b3"", ""#ebe5e3"", ""#352a28""]","[[133, 127, 127], [186, 180, 179], [235, 229, 227], [53, 42, 40]]","Grey, White, Pink",<span style='display:inline-block; width:18px; height:18px; background-color:#857f7f; border-radius:3px; margin-right:3px; border:1px solid #666;' title='#857f7f'></span><span style='display:inline-block; width:18px; height:18px; background-color:#bab4b3; border-radius:3px; margin-right:3px; border:1px solid #666;' title='#bab4b3'></span><span style='display:inline-block; width:18px; height:18px; background-color:#ebe5e3; border-radius:3px; margin-right:3px; border:1px solid #666;' title='#ebe5e3'></span><span style='display:inline-block; width:18px; height:18px; background-color:#352a28; border-radius:3px; margin-right:3px; border:1px solid #666;' title='#352a28'></span>,Grey,Women,0.5599,11.6,#efebe9,1,Palette 1 (Core & Classic Neutrals),"[""#efebe9"", ""#d6cccf"", ""#bca6a9"", ""#9e8284""]",False,Tier 3: Non-Priority / Neutral,Palette deviation (ΔE=11.6) exceeds target country baseline.
171,171,cz,Veneziana Calze Punčochy 2-S Nero,"Samodržící punčochy vhodné k podvazkovému pásu. Jsou vyrobené z lycry, smyslně průsvitné. Na horním okraji zesílené zakončení.Složení: 88% polyamid, 12% elastan.",39577,womens-hosiery,Bag,Bag,True,True,True,True,Grey,0.2129,0.5643,"['#9aacb3', '#798f97', '#191e26', '#48575c']",custom-tag,99.99,False,Product class not explicitly described in name,"[""#9badb4"", ""#7a9198"", ""#1a1f28"", ""#48565b""]","[[155, 173, 180], [122, 145, 152], [26, 31, 40], [72, 86, 91]]","Grey, Cyan/Turquoise, Navy Blue",<span style='display:inline-block; width:18px; height:18px; background-color:#9badb4; border-radius:3px; margin-right:3px; border:1px solid #666;' title='#9badb4'></span><span style='display:inline-block; width:18px; height:18px; background-color:#7a9198; border-radius:3px; margin-right:3px; border:1px solid #666;' title='#7a9198'></span><span style='display:inline-block; width:18px; height:18px; background-color:#1a1f28; border-radius:3px; margin-right:3px; border:1px solid #666;' title='#1a1f28'></span><span style='display:inline-block; width:18px; height:18px; background-color:#48565b; border-radius:3px; margin-right:3px; border:1px solid #666;' title='#48565b'></span>,Grey,Unisex,0.5666,11.36,#262126,2,Palette 2 (Contemporary & Earthy Street),"[""#bca6a9"", ""#8b919e"", ""#0f0d0f"", ""#262126""]",False,Tier 3: Non-Priority / Neutral,Palette deviation (ΔE=11.4) exceeds target country baseline.
181,181,cz,Livia Corsetti Sarit Rukavičky Univerzální černá,"Kategorie: Dámské erotické prádlo Typ: Rukavičky Výrobce: Livia Corsetti FashionNádherné rukavičky Sarit značky LIVCO CORSETTI. Rukavičky jsou černé barvy a jsou ze síťovaného materiálu, který je zdoben saténovými stuhami. Rukavičky budou vhodným doplňkem k jakémukoliv erotickému spodnímu prádlu a jsou vhodné i jako dárek, protože jsou baleny v luxusní krabičce.Zkontrolujte svou velikost - Tabulka velikostí Livia Corsetti Fashion",430,corsets-and-garter-belts,T-shirt/top,T-shirt/top,False,True,False,True,Black,0.3602,0.3801,"['#261711', '#98928a', '#c9c5c0', '#5e4439']",custom-tag,59.79,False,Product class not explicitly described in name,"[""#261711"", ""#9a958d"", ""#cecac4"", ""#63493f""]","[[38, 23, 17], [154, 149, 141], [206, 202, 196], [99, 73, 63]]","Black, Grey, Brown",<span style='display:inline-block; width:18px; height:18px; background-color:#261711; border-radius:3px; margin-right:3px; border:1px solid #666;' title='#261711'></span><span style='display:inline-block; width:18px; height:18px; background-color:#9a958d; border-radius:3px; margin-right:3px; border:1px solid #666;' title='#9a958d'></span><span style='display:inline-block; width:18px; height:18px; background-color:#cecac4; border-radius:3px; margin-right:3px; border:1px solid #666;' title='#cecac4'></span><span style='display:inline-block; width:18px; height:18px; background-color:#63493f; border-radius:3px; margin-right:3px; border:1px solid #666;' title='#63493f'></span>,Black,Women,0.5091,13.5,#181011,2,Palette 2 (Contemporary & Earthy Street),"[""#424654"", ""#606681"", ""#97aad6"", ""#181011""]",False,Tier 3: Non-Priority / Neutral,Palette deviation (ΔE=13.5) exceeds target country baseline.
183,183,cz,Andalea Loretta Korzet 50 52 bílá,"Kategorie: Erotické spodní prádlo XXXL Typ: Sexy korzety XXXL Výrobce: AndaleaNeuvěřitelně svůdný krajkový korzet, kterému žádný muž neodolá! Zadní část korzetu tvoří šněrování na bílou saténovou stuhu – sexy, ale praktické zároveň, korzet se totiž dá velikostně přizpůsobit, a padne tak jako ulitý. Jemná elastická krajka tělo obepne a zdůrazní tak ženské tvary. Prádlo je na užší, délkově nastavitelná ramínka, takže padne opravdu každé postavě. Korzet má ve spodní části upínání na podvazky. V sadě najdete také bílá síťkovaná tanga s tenkými elastickými šňůrkami.Zkontrolujte svou velikost - Tabulka velikostí Andalea",430,corsets-and-garter-belts,T-shirt/top,T-shirt/top,False,True,False,True,Grey,0.2279,0.6734,"['#a3a7a7', '#cbd2da', '#422611', '#846233']",custom-tag,59.59,False,Product class not explicitly described in name,"[""#a2a6a6"", ""#cad0d8"", ""#402510"", ""#826033""]","[[162, 166, 166], [202, 208, 216], [64, 37, 16], [130, 96, 51]]","Grey, Brown, Orange",<span style='display:inline-block; width:18px; height:18px; background-color:#a2a6a6; border-radius:3px; margin-right:3px; border:1px solid #666;' title='#a2a6a6'></span><span style='display:inline-block; width:18px; height:18px; background-color:#cad0d8; border-radius:3px; margin-right:3px; border:1px solid #666;' title='#cad0d8'></span><span style='display:inline-block; width:18px; height:18px; background-color:#402510; border-radius:3px; margin-right:3px; border:1px solid #666;' title='#402510'></span><span style='display:inline-block; width:18px; height:18px; background-color:#826033; border-radius:3px; margin-right:3px; border:1px solid #666;' title='#826033'></span>,Grey,Women,0.4681,15.18,#d6cccf,1,Palette 1 (Core & Classic Neutrals),"[""#efebe9"", ""#d6cccf"", ""#bca6a9"", ""#9e8284""]",False,Tier 3: Non-Priority / Neutral,Palette deviation (ΔE=15.2) exceeds target country baseline.
184,184,cz,Andalea Brigitte Korzet 50 52 černá,"Kategorie: Erotické spodní prádlo XXXL Typ: Sexy korzety XXXL Výrobce: AndaleaČerná a červená korzet. Korzet z černé kabelem latesku širokou saténovou stuhou červenou. Od podvazku klipy našity na ramenou je černá elastická páska prolamované, přidání neobvyklý efekt.Sada obsahuje černé kalhotky tanga.Zkontrolujte svou velikost - Tabulka velikostí Andalea",430,corsets-and-garter-belts,Shirt,Shirt,False,True,False,True,Black,0.4821,0.3469,"['#231617', '#901e37', '#4b3f47', '#d2a1aa']",custom-tag,69.6,False,Product class not explicitly described in name,"[""#231617"", ""#901f38"", ""#4b3d44"", ""#d1a5ac""]","[[35, 22, 23], [144, 31, 56], [75, 61, 68], [209, 165, 172]]","Black, Red, Pink/Magenta, Pink",<span style='display:inline-block; width:18px; height:18px; background-color:#231617; border-radius:3px; margin-right:3px; border:1px solid #666;' title='#231617'></span><span style='display:inline-block; width:18px; height:18px; background-color:#901f38; border-radius:3px; margin-right:3px; border:1px solid #666;' title='#901f38'></span><span style='display:inline-block; width:18px; height:18px; background-color:#4b3d44; border-radius:3px; margin-right:3px; border:1px solid #666;' title='#4b3d44'></span><span style='display:inline-block; width:18px; height:18px; background-color:#d1a5ac; border-radius:3px; margin-right:3px; border:1px solid #666;' title='#d1a5ac'></span>,Black,Women,0.5351,12.51,#181011,2,Palette 2 (Contemporary & Earthy Street),"[""#424654"", ""#606681"", ""#97aad6"", ""#181011""]",False,Tier 3: Non-Priority / Neutral,Palette deviation (ΔE=12.5) exceeds target country baseline.
185,185,cz,Andalea Ester Korzet 50 52 černá,"Kategorie: Erotické spodní prádlo XXXL Typ: Sexy korzety XXXL Výrobce: AndaleaJedním tahem začarujete jeho svět. Překypující erotikou korzet zdobený krajkou zajisté rozpálí touhu v nejednom muži. Korzet je z látky, která imituje latex. Přitahující pozornost červený zip vám umožní jedním pohybem ukázat mnohem, mnohem více...Komplet doplňuje límeček na zapínání.Zkontrolujte svou velikost - Tabulka velikostí Andalea",430,corsets-and-garter-belts,Bag,Bag,False,True,False,True,White,0.4309,0.7502,"['#e9dcd8', '#290c08', '#e80907', '#d16c49']",custom-tag,92.88,False,Product class not explicitly described in name,"[""#e9ddd8"", ""#2a0c08"", ""#e70907"", ""#d46f4c""]","[[233, 221, 216], [42, 12, 8], [231, 9, 7], [212, 111, 76]]","White, Red, Orange",<span style='display:inline-block; width:18px; height:18px; background-color:#e9ddd8; border-radius:3px; margin-right:3px; border:1px solid #666;' title='#e9ddd8'></span><span style='display:inline-block; width:18px; height:18px; background-color:#2a0c08; border-radius:3px; margin-right:3px; border:1px solid #666;' title='#2a0c08'></span><span style='display:inline-block; width:18px; height:18px; background-color:#e70907; border-radius:3px; margin-right:3px; border:1px solid #666;' title='#e70907'></span><span style='display:inline-block; width:18px; height:18px; background-color:#d46f4c; border-radius:3px; margin-right:3px; border:1px solid #666;' title='#d46f4c'></span>,White,Women,0.3381,21.69,#efebe9,1,Palette 1 (Core & Classic Neutrals),"[""#efebe9"", ""#d6cccf"", ""#bca6a9"", ""#9e8284""]",False,Tier 3: Non-Priority / Neutral,Palette deviation (ΔE=21.7) exceeds target country baseline.
186,186,cz,Esotiq Marisa 31231 -50X Dámské pyžamo L jako na fotografii,"Velmi pohodlné dámské pyžamko. Skládá se z tílka a šortek. Tílko je ozdobeno zajímavým potiskem, šortky jsou pruhované. V pase je elastická guma, která se přizpůsobí Vašim křivkám. Šortky mají navíc praktické kapsičky. Tento model využijete na spaní, ale i běžné nošení.Složení: 95% bavlna, 5% elastan.",386,women-s-shorts,Trouser,Trouser,True,True,True,True,White,0.1839,0.7513,"['#d7e5ea', '#a47e86', '#7b5560', '#bfc1c7']",custom-tag,50.15,False,Product class not explicitly described in name,"[""#d7e5eb"", ""#7c5762"", ""#a57f87"", ""#c0c3c9""]","[[215, 229, 235], [124, 87, 98], [165, 127, 135], [192, 195, 201]]","White, Pink/Magenta, Pink, Grey",<span style='display:inline-block; width:18px; height:18px; background-color:#d7e5eb; border-radius:3px; margin-right:3px; border:1px solid #666;' title='#d7e5eb'></span><span style='display:inline-block; width:18px; height:18px; background-color:#7c5762; border-radius:3px; margin-right:3px; border:1px solid #666;' title='#7c5762'></span><span style='display:inline-block; width:18px; height:18px; background-color:#a57f87; border-radius:3px; margin-right:3px; border:1px solid #666;' title='#a57f87'></span><span style='display:inline-block; width:18px; height:18px; background-color:#c0c3c9; border-radius:3px; margin-right:3px; border:1px solid #666;' title='#c0c3c9'></span>,White,Unisex,0.5326,12.6,#b7c1be,1,Palette 1 (Core & Classic Neutrals),"[""#ede8eb"", ""#efebe9"", ""#d6cccf"", ""#b7c1be""]",False,Tier 3: Non-Priority / Neutral,Palette deviation (ΔE=12.6) exceeds target country baseline.
187,187,cz,Axami V-5391 Praise me Podprsenka 75D černo-stříbrná,"V efektní podprsence V-5391 Praise Me si budete připadat neuvěřitelně sexy. Model má dvojitou tylovou vrstvu a stříbrnou krajku na košíčcích. Má standartní, nastavitelná ramínka zapínání na háčky a zavazuje se za krkem. Dokonalá volba pro ženy, které chtějí oslnit a fascinovat. Stříbrná výšivka je velice elegantní a sofistikovaná. Doporučujeme také podvazkový pás V-5392 a tanga V-5398.Složení: 67% polyamid, 13% bavlna, 10% polyuretan, 5% polyestér, 5% elastan.",430,corsets-and-garter-belts,T-shirt/top,T-shirt/top,False,True,False,True,Red,0.254,0.5598,"['#271716', '#c3c4c8', '#eaeaeb', '#71472f']",custom-tag,57.41,False,Product class not explicitly described in name,"[""#261717"", ""#c3c4c7"", ""#eaeaeb"", ""#6e452e""]","[[38, 23, 23], [195, 196, 199], [234, 234, 235], [110, 69, 46]]","Black, Grey, White, Orange",<span style='display:inline-block; width:18px; height:18px; background-color:#261717; border-radius:3px; margin-right:3px; border:1px solid #666;' title='#261717'></span><span style='display:inline-block; width:18px; height:18px; background-color:#c3c4c7; border-radius:3px; margin-right:3px; border:1px solid #666;' title='#c3c4c7'></span><span style='display:inline-block; width:18px; height:18px; background-color:#eaeaeb; border-radius:3px; margin-right:3px; border:1px solid #666;' title='#eaeaeb'></span><span style='display:inline-block; width:18px; height:18px; background-color:#6e452e; border-radius:3px; margin-right:3px; border:1px solid #666;' title='#6e452e'></span>,Black,Women,0.509,13.51,#181011,2,Palette 2 (Contemporary & Earthy Street),"[""#424654"", ""#606681"", ""#97aad6"", ""#181011""]",False,Tier 3: Non-Priority / Neutral,Palette deviation (ΔE=13.5) exceeds target country baseline.
188,188,cz,Livia Corsetti Bodystocking Zita red S L červená,"Kategorie: Dámské erotické prádloTyp: BodystockingVýrobce: Livia Corsetti FashionSexy červený bodystocking ZITA LivCo zdoben květinovými vzory má svůdný otvor v rozkroku, který zasahuje k pupíku a nad zadeček. Na prsou je zdoben šněrováním. Vlastnosti:otevřený rozkrokelastická tkaninauniverzální velikost - ideálně se hodí pro lidi, kteří nosí velikost S, M a L Materiál: 90% Polyamid, 10% ElastanTabulka velikostí Livia CorsettiVelikostObvod přes prsaObvod pasuObvod bokůS M84-9262-7488-98L XL93-10075-8299-109S L84-9662-7888-104XL XXL97-10479-88105-117S84-8862-6888-93M89-9269-7494-98L93-9675-7899-104XL97-10079-82105-109XXL101-10483-90110-117XXXL105-10891-100118-122",430,corsets-and-garter-belts,T-shirt/top,T-shirt/top,False,True,False,True,Black,0.2857,0.2971,"['#231f1d', '#3d3635', '#a62325', '#bb5b52']",custom-tag,52.38,False,Product class not explicitly described in name,"[""#231f1d"", ""#3d3434"", ""#a72325"", ""#bb564d""]","[[35, 31, 29], [61, 52, 52], [167, 35, 37], [187, 86, 77]]","Black, Grey, Red",<span style='display:inline-block; width:18px; height:18px; background-color:#231f1d; border-radius:3px; margin-right:3px; border:1px solid #666;' title='#231f1d'></span><span style='display:inline-block; width:18px; height:18px; background-color:#3d3434; border-radius:3px; margin-right:3px; border:1px solid #666;' title='#3d3434'></span><span style='display:inline-block; width:18px; height:18px; background-color:#a72325; border-radius:3px; margin-right:3px; border:1px solid #666;' title='#a72325'></span><span style='display:inline-block; width:18px; height:18px; background-color:#bb564d; border-radius:3px; margin-right:3px; border:1px solid #666;' title='#bb564d'></span>,Black,Women,0.4945,14.08,#202531,3,Palette 3 (Vibrant Statement & Accents),"[""#202531"", ""#cec05e"", ""#8f543e"", ""#51261a""]",False,Tier 3: Non-Priority / Neutral,Palette deviation (ΔE=14.1) exceeds target country baseline.
190,190,cz,Andalea MC 9006 Pánské boxerky L XL červená,"Kategorie: Pánské erotické prádlo Typ: Sexy boxerky Výrobce: AndaleaNovinkou na trhu se spodním prádlem je série elastických boxerek se zipem, které jsou navrhnuty tak, aby se v nich každý cítil velmi pohodlně. Představujeme Vám boxerky od firmy Andalea, které svým jednoduchým střihem připomínají sportovní spodní prádlo. Byly ušity z hladké, červené látky s černými doplňky. Potrhují majitelovu mužnost. Navíc svým ohnivým provedením se stříbřitým zipem uprostřed, jsou příkladem bezostyšného přístupu k pánskému spodnímu prádlu. Doslova v okamžiku odhalí to, co mají zahalovat! Ocení je muži, kteří mají rádi své pohodlí. Uplatní se, hledáte-li nějaké okořenění svých schůzek. Přinesou moment překvapení.Zkontrolujte svou velikost - Tabulka velikostí Andalea",6133,mens-undergarments,Trouser,Trouser,True,False,False,False,White,0.1741,0.8595,"['#e8d8d8', '#dfd0d0', '#ab0720', '#5a060d']",custom-tag,32.83,True,Relevant keyword 'boxerky' found in name,"[""#e5d5d5"", ""#aa031c"", ""#54050b"", ""#aa5e63""]","[[229, 213, 213], [170, 3, 28], [84, 5, 11], [170, 94, 99]]","White, Red",<span style='display:inline-block; width:18px; height:18px; background-color:#e5d5d5; border-radius:3px; margin-right:3px; border:1px solid #666;' title='#e5d5d5'></span><span style='display:inline-block; width:18px; height:18px; background-color:#aa031c; border-radius:3px; margin-right:3px; border:1px solid #666;' title='#aa031c'></span><span style='display:inline-block; width:18px; height:18px; background-color:#54050b; border-radius:3px; margin-right:3px; border:1px solid #666;' title='#54050b'></span><span style='display:inline-block; width:18px; height:18px; background-color:#aa5e63; border-radius:3px; margin-right:3px; border:1px solid #666;' title='#aa5e63'></span>,White,Men,0.3576,20.57,#ede8eb,1,Palette 1 (Core & Classic Neutrals),"[""#ede8eb"", ""#b7c1be"", ""#8b919e"", ""#0f0d0f""]",False,Tier 3: Non-Priority / Neutral,Palette deviation (ΔE=20.6) exceeds target country baseline.
194,194,cz,Andalea MC 9044 Pánské boxerky L XL černá,"Kategorie: Pánské erotické prádlo Typ: Sexy boxerky Výrobce: AndaleaMnoho žen přitahují muži v uniformách. Erotické kostýmy uniformovaných složek jsou velmi známé. Hasič se pyšní největší důvěrou společnosti. Po olympijských hrách v Soči ještě získal na popularitě… Boxerky Andalea jsou ideálním návrhem pro muže, kteří nemají rádi erotické maškarády, ale v každodenním životě rádi nosí právě tento typ spodního prádla. Producent připravil latexové černé boxerky, které perfektně přiléhají k postavě. Reflexní pruhy jim přidávají na profesionální eleganci a vhodná nášivka prozrazuje hasičskou inspiraci!Zkontrolujte svou velikost - Tabulka velikostí Andalea",6133,mens-undergarments,Trouser,Trouser,True,False,False,False,White,0.1377,0.8349,"['#eddfdc', '#1b1213', '#ed4848', '#725d56']",custom-tag,44.0,True,Relevant keyword 'boxerky' found in name,"[""#eddfdd"", ""#1c1212"", ""#ed4244"", ""#7b665e""]","[[237, 223, 221], [28, 18, 18], [237, 66, 68], [123, 102, 94]]","White, Black, Red, Orange",<span style='display:inline-block; width:18px; height:18px; background-color:#eddfdd; border-radius:3px; margin-right:3px; border:1px solid #666;' title='#eddfdd'></span><span style='display:inline-block; width:18px; height:18px; background-color:#1c1212; border-radius:3px; margin-right:3px; border:1px solid #666;' title='#1c1212'></span><span style='display:inline-block; width:18px; height:18px; background-color:#ed4244; border-radius:3px; margin-right:3px; border:1px solid #666;' title='#ed4244'></span><span style='display:inline-block; width:18px; height:18px; background-color:#7b665e; border-radius:3px; margin-right:3px; border:1px solid #666;' title='#7b665e'></span>,White,Men,0.4939,14.11,#ede8eb,1,Palette 1 (Core & Classic Neutrals),"[""#ede8eb"", ""#b7c1be"", ""#8b919e"", ""#0f0d0f""]",False,Tier 3: Non-Priority / Neutral,Palette deviation (ΔE=14.1) exceeds target country baseline.
197,197,cz,Andalea Elephant red Pánská tanga L XL červená,"Kategorie: Pánské erotické prádlo Typ: Pánská tanga Výrobce: AndaleaTanga k popukání ve tvaru slona, která rozveselí každou ženu! Zhotovená z červeného, jemného materiálu vysoké kvality. Celek je obšitý tenkým, černým lemováním. Na přední části mají chobot, malá očka, velké uši a trošku kožíšku uloženého do tvaru hřívy. Spojení, která jsou tvořena elastickými gumičkami, přidávají na pohodlí. Skvělý dárek pro každého muže. Kombinace tohoto typu spodního prádla s motivem slona splní svůj účel při mnoha příležitostech. Počínaje dárkem k osmnáctinám až po loučení se svobodou. Úsměv, který tento model vyčaruje na rtech milované, je jistý. Hodí se ke každému muži, který ocení nevšední humor.Zkontrolujte svou velikost - Tabulka velikostí Andalea",6133,mens-undergarments,Bag,Bag,True,False,False,True,Red,0.3741,0.6167,"['#e42d3b', '#403231', '#8e8d90', '#c1c0c0']",custom-tag,99.95,False,Product class not explicitly described in name,"[""#e42c3b"", ""#403231"", ""#8d8d90"", ""#c1c0c0""]","[[228, 44, 59], [64, 50, 49], [141, 141, 144], [193, 192, 192]]","Red, Pink, Grey",<span style='display:inline-block; width:18px; height:18px; background-color:#e42c3b; border-radius:3px; margin-right:3px; border:1px solid #666;' title='#e42c3b'></span><span style='display:inline-block; width:18px; height:18px; background-color:#403231; border-radius:3px; margin-right:3px; border:1px solid #666;' title='#403231'></span><span style='display:inline-block; width:18px; height:18px; background-color:#8d8d90; border-radius:3px; margin-right:3px; border:1px solid #666;' title='#8d8d90'></span><span style='display:inline-block; width:18px; height:18px; background-color:#c1c0c0; border-radius:3px; margin-right:3px; border:1px solid #666;' title='#c1c0c0'></span>,Red,Men,0.1182,42.71,#7f4534,3,Palette 3 (Vibrant Statement & Accents),"[""#b9745f"", ""#7f4534"", ""#1476bc"", ""#e7d311""]",False,Tier 3: Non-Priority / Neutral,Palette deviation (ΔE=42.7) exceeds target country baseline.
198,198,cz,Andalea Ginger Komplet 38 40 černo-bílá,"Kategorie: Erotické spodní prádlo XXXL Typ: Erotické komplety XXXL Výrobce: AndaleaÚžasné zážitky a lákavý vzhled díky oblečení? Ano, je to možné! Oblečením této soupravičky firmy Andalea rozpálíte všechny smysly každého muže. Ušitá z latexové hebké látky v kombinaci s tylovou prosvítající sukýnkou způsobí, že se každá žena pocítí jako bohyně. Korzet černé barvy úžasně zeštíhlí postavu a podvazky, které jsou součástí korzetu, přidají špetku pikantérie. Slaďounká a dráždivá sukýnka navodí atmosféru nevinnosti, ale nenechte se zmást touto iluzí, protože z každé ženy, která si oblékne tento model, se stane skutečná hříšnice. Součástí soupravičky jsou bílé tanga. Doporučujeme ženám, které se nebojí odvážných návrhů. Toto erotické spodní prádlo si přímo zamiluje každá domina.Zkontrolujte svou velikost - Tabulka velikostí Andalea",430,corsets-and-garter-belts,Shirt,Shirt,False,True,False,True,Black,0.4389,0.2483,"['#241511', '#442f2b', '#796c6e', '#d5c9cf']",custom-tag,60.55,False,Product class not explicitly described in name,"[""#241511"", ""#432f2b"", ""#786b6d"", ""#d8ccd2""]","[[36, 21, 17], [67, 47, 43], [120, 107, 109], [216, 204, 210]]","Black, Pink, Grey",<span style='display:inline-block; width:18px; height:18px; background-color:#241511; border-radius:3px; margin-right:3px; border:1px solid #666;' title='#241511'></span><span style='display:inline-block; width:18px; height:18px; background-color:#432f2b; border-radius:3px; margin-right:3px; border:1px solid #666;' title='#432f2b'></span><span style='display:inline-block; width:18px; height:18px; background-color:#786b6d; border-radius:3px; margin-right:3px; border:1px solid #666;' title='#786b6d'></span><span style='display:inline-block; width:18px; height:18px; background-color:#d8ccd2; border-radius:3px; margin-right:3px; border:1px solid #666;' title='#d8ccd2'></span>,Black,Women,0.5834,10.78,#181011,2,Palette 2 (Contemporary & Earthy Street),"[""#424654"", ""#606681"", ""#97aad6"", ""#181011""]",False,Tier 3: Non-Priority / Neutral,Palette deviation (ΔE=10.8) exceeds target country baseline.
199,199,cz,Andalea M 1050 Podvazkový pás 38 40 černo-červená,"Kategorie: Erotické spodní prádlo XXXL Typ: Sexy podvazkové pásy XXXL Výrobce: AndaleaSexy podvazkový pás je zhotoven z jemné, černé krajky a obepínajícího tělo, červeného latexu. Zadní část tvoří korzetové vázání, které kormě toho, že umožňuje ideální sladění s postavou, tak krásně zvýrazňuje a podtrhuje zadeček. Model je tak svůdný, že žádný muž nebude schopný odolat ženě, která si oblékne tak přitažlivé spodní prádélko.Zkontrolujte svou velikost - Tabulka velikostí Andalea",430,corsets-and-garter-belts,T-shirt/top,T-shirt/top,False,True,False,False,White,0.1208,0.9112,"['#f4e6e5', '#913338', '#371514', '#d36b6b']",custom-tag,46.26,False,Product class not explicitly described in name,"[""#f4e6e5"", ""#8c3035"", ""#311414"", ""#c9706c""]","[[244, 230, 229], [140, 48, 53], [49, 20, 20], [201, 112, 108]]","White, Red",<span style='display:inline-block; width:18px; height:18px; background-color:#f4e6e5; border-radius:3px; margin-right:3px; border:1px solid #666;' title='#f4e6e5'></span><span style='display:inline-block; width:18px; height:18px; background-color:#8c3035; border-radius:3px; margin-right:3px; border:1px solid #666;' title='#8c3035'></span><span style='display:inline-block; width:18px; height:18px; background-color:#311414; border-radius:3px; margin-right:3px; border:1px solid #666;' title='#311414'></span><span style='display:inline-block; width:18px; height:18px; background-color:#c9706c; border-radius:3px; margin-right:3px; border:1px solid #666;' title='#c9706c'></span>,White,Women,0.4949,14.07,#efebe9,1,Palette 1 (Core & Classic Neutrals),"[""#efebe9"", ""#d6cccf"", ""#bca6a9"", ""#9e8284""]",False,Tier 3: Non-Priority / Neutral,Palette deviation (ΔE=14.1) exceeds target country baseline.
200,200,cz,Andalea M 1052 Podvazkový pás 38 40 černá,"Kategorie: Erotické spodní prádlo XXXL Typ: Sexy podvazkové pásy XXXL Výrobce: AndaleaNadčasový styl v neobvyklém vydání, to je skvělá nabídka od firmy Andalea pro ženy plus size, které si kromě netradičních řešení cení také klasickou krásu, eleganci a komfort. Model M 1052 v sobě perfektně spojuje všechny tyto vlastnosti. Podvazkový pás byl ušit z černého, obepínajícího tělo latexu a smyslné krajky, která vytváří květinový vzor. Pás perfektně přiléhá k tělu a korzetové vázání v zadní části pomáhá udržet tvar postavy a podtrhuje krásu ženského zadečku. V kombinaci s punčochami se švem si díky tomuto modelu podmaníš každého muže!Zkontrolujte svou velikost - Tabulka velikostí Andalea",430,corsets-and-garter-belts,Trouser,Trouser,False,True,False,True,Black,0.2479,0.2983,"['#201a16', '#584d46', '#f5f3f1', '#a49f9b']",custom-tag,82.49,False,Product class not explicitly described in name,"[""#201a16"", ""#584d46"", ""#f5f3f1"", ""#a39e9b""]","[[32, 26, 22], [88, 77, 70], [245, 243, 241], [163, 158, 155]]","Black, Brown, White, Grey",<span style='display:inline-block; width:18px; height:18px; background-color:#201a16; border-radius:3px; margin-right:3px; border:1px solid #666;' title='#201a16'></span><span style='display:inline-block; width:18px; height:18px; background-color:#584d46; border-radius:3px; margin-right:3px; border:1px solid #666;' title='#584d46'></span><span style='display:inline-block; width:18px; height:18px; background-color:#f5f3f1; border-radius:3px; margin-right:3px; border:1px solid #666;' title='#f5f3f1'></span><span style='display:inline-block; width:18px; height:18px; background-color:#a39e9b; border-radius:3px; margin-right:3px; border:1px solid #666;' title='#a39e9b'></span>,Black,Women,0.555,11.78,#181011,2,Palette 2 (Contemporary & Earthy Street),"[""#424654"", ""#606681"", ""#97aad6"", ""#181011""]",False,Tier 3: Non-Priority / Neutral,Palette deviation (ΔE=11.8) exceeds target country baseline.
201,201,cz,Andalea E 2026 Podvazkový pás 38 40 černá,"Kategorie: Erotické spodní prádlo XXXL Typ: Sexy podvazkové pásy XXXL Výrobce: AndaleaDravá, a přitom jemně přitažlivá nabídka pro ženy plus size, které se rády ztotožňují s rolí zkušené svůdnice, ale zůstávají pořád také nevinnými koketkami. Podvazkový pás od firmy Andalea byl zhotoven z obepínajícího tělo latexu výrazně černé barvy. Spodní část soupravičky byla ozdobena širokým volánkem a celek tak připomíná sukýnku školní uniformy. Zadní část byla zkrášlená korzetovým vázáním, které umožňuje perfektní sladění s postavou, odhaluje kousíček těla a krásně zvýrazňuje zadeček.Zkontrolujte svou velikost - Tabulka velikostí Andalea",430,corsets-and-garter-belts,T-shirt/top,T-shirt/top,False,True,False,False,White,0.105,0.8373,"['#ebdbda', '#dccdcc', '#1c1319', '#854d51']",custom-tag,51.37,False,Product class not explicitly described in name,"[""#ebdbda"", ""#dbcccb"", ""#1d141a"", ""#955055""]","[[235, 219, 218], [219, 204, 203], [29, 20, 26], [149, 80, 85]]","White, Grey, Black, Red",<span style='display:inline-block; width:18px; height:18px; background-color:#ebdbda; border-radius:3px; margin-right:3px; border:1px solid #666;' title='#ebdbda'></span><span style='display:inline-block; width:18px; height:18px; background-color:#dbcccb; border-radius:3px; margin-right:3px; border:1px solid #666;' title='#dbcccb'></span><span style='display:inline-block; width:18px; height:18px; background-color:#1d141a; border-radius:3px; margin-right:3px; border:1px solid #666;' title='#1d141a'></span><span style='display:inline-block; width:18px; height:18px; background-color:#955055; border-radius:3px; margin-right:3px; border:1px solid #666;' title='#955055'></span>,White,Women,0.5428,12.22,#d6cccf,1,Palette 1 (Core & Classic Neutrals),"[""#efebe9"", ""#d6cccf"", ""#bca6a9"", ""#9e8284""]",False,Tier 3: Non-Priority / Neutral,Palette deviation (ΔE=12.2) exceeds target country baseline.
202,202,cz,Axami V-5238 Notice me Tanga S červená,"Tanga Axami V-5238:svůdná tangaperfektní střihjemné zdobení tečkami na průhledném tylusaténová mašledo soupravy lze doporučit podprsenku V-5231 a podvazkový pás V-5232Složení: 76% polyester, 14% bavlna, 10% spandex.",430,corsets-and-garter-belts,T-shirt/top,T-shirt/top,False,True,False,True,Red,0.6887,0.9003,"['#db1932', '#ea4956', '#eb7f85', '#fce1e4']",custom-tag,49.01,False,Product class not explicitly described in name,"[""#db1831"", ""#ea4755"", ""#ec7d82"", ""#fbdee1""]","[[219, 24, 49], [234, 71, 85], [236, 125, 130], [251, 222, 225]]","Red, White",<span style='display:inline-block; width:18px; height:18px; background-color:#db1831; border-radius:3px; margin-right:3px; border:1px solid #666;' title='#db1831'></span><span style='display:inline-block; width:18px; height:18px; background-color:#ea4755; border-radius:3px; margin-right:3px; border:1px solid #666;' title='#ea4755'></span><span style='display:inline-block; width:18px; height:18px; background-color:#ec7d82; border-radius:3px; margin-right:3px; border:1px solid #666;' title='#ec7d82'></span><span style='display:inline-block; width:18px; height:18px; background-color:#fbdee1; border-radius:3px; margin-right:3px; border:1px solid #666;' title='#fbdee1'></span>,Red,Women,0.0906,48.03,#8f543e,3,Palette 3 (Vibrant Statement & Accents),"[""#202531"", ""#cec05e"", ""#8f543e"", ""#51261a""]",False,Tier 3: Non-Priority / Neutral,Palette deviation (ΔE=48.0) exceeds target country baseline.
203,203,cz,Anais - Dámská tanga Charming XXL černá,"Kategorie: Dámské erotické prádlo Typ: Erotické tanga Výrobce: Anais Apparel Luxury LingerieVelmi svůdná šňůrková dámská tanga Anais Charming v černé barvě na zadečku s přitažlivou krajkou.Složení: 80% poliamid, 20% elastanZkontrolujte svou velikost - Tabulka velikostí Anais",5382,panties-and-thongs,Bag,Bag,False,True,False,False,Grey,0.1102,0.5783,"['#a29c98', '#c7bfbb', '#615b55', '#261812']",custom-tag,99.99,False,Product class not explicitly described in name,"[""#a29c98"", ""#615b54"", ""#c7bfbb"", ""#261812""]","[[162, 156, 152], [97, 91, 84], [199, 191, 187], [38, 24, 18]]","Grey, Black",<span style='display:inline-block; width:18px; height:18px; background-color:#a29c98; border-radius:3px; margin-right:3px; border:1px solid #666;' title='#a29c98'></span><span style='display:inline-block; width:18px; height:18px; background-color:#615b54; border-radius:3px; margin-right:3px; border:1px solid #666;' title='#615b54'></span><span style='display:inline-block; width:18px; height:18px; background-color:#c7bfbb; border-radius:3px; margin-right:3px; border:1px solid #666;' title='#c7bfbb'></span><span style='display:inline-block; width:18px; height:18px; background-color:#261812; border-radius:3px; margin-right:3px; border:1px solid #666;' title='#261812'></span>,Grey,Women,0.5043,13.69,#d6cccf,1,Palette 1 (Core & Classic Neutrals),"[""#efebe9"", ""#d6cccf"", ""#bca6a9"", ""#9e8284""]",False,Tier 3: Non-Priority / Neutral,Palette deviation (ΔE=13.7) exceeds target country baseline.
204,204,cz,Anais - Fanny Kalhotky XXL černá,"Kategorie: Dámské erotické prádlo Typ: Erotické kalhotky Výrobce: Anais Apparel Luxury LingerieLuxusně vyhlížející erotické kalhotky Fanny panty Anais jsou vhodné nejen pro romantický večer. Zadní část je otevřená, zdobená elastickými šňůrkami, které jsou doplněné větší mašličkou. Kalhotky jsou vyrobené z vysoce kvalitní a jemné krajky s květinovým vzorem. Kalhotky opticky vymodelují Váš zadeček.Vhodné jako dárek! Zboží je vždy baleno v pevné krabici s logem firmy. Prádlo této značky potěší každou ženu! Značka Anais představuje neobvyklý luxus spodního prádla navrženého pro smyslné a osobité ženy. Kolekce prádla odráží poslední trendy a požadavky ve světě módy.Složení: 80% poliamid, 20% elastanZkontrolujte svou velikost - Tabulka velikostí Anais",5382,panties-and-thongs,Shirt,Shirt,False,True,False,True,Red,0.6506,0.3694,"['#750204', '#1e1413', '#79392a', '#f1eceb']",custom-tag,88.85,False,Product class not explicitly described in name,"[""#750204"", ""#1f1413"", ""#793a2a"", ""#f1edec""]","[[117, 2, 4], [31, 20, 19], [121, 58, 42], [241, 237, 236]]","Red, Black, White",<span style='display:inline-block; width:18px; height:18px; background-color:#750204; border-radius:3px; margin-right:3px; border:1px solid #666;' title='#750204'></span><span style='display:inline-block; width:18px; height:18px; background-color:#1f1413; border-radius:3px; margin-right:3px; border:1px solid #666;' title='#1f1413'></span><span style='display:inline-block; width:18px; height:18px; background-color:#793a2a; border-radius:3px; margin-right:3px; border:1px solid #666;' title='#793a2a'></span><span style='display:inline-block; width:18px; height:18px; background-color:#f1edec; border-radius:3px; margin-right:3px; border:1px solid #666;' title='#f1edec'></span>,Red,Women,0.2341,29.04,#8f543e,3,Palette 3 (Vibrant Statement & Accents),"[""#202531"", ""#cec05e"", ""#8f543e"", ""#51261a""]",False,Tier 3: Non-Priority / Neutral,Palette deviation (ΔE=29.0) exceeds target country baseline.
207,207,cz,ANAIS - Erotická tanga Inspires XXL černá,"Kategorie: Dámské erotické prádlo Typ: Kalhotky s otvorem Výrobce: Anais Apparel Luxury LingerieNestyďte se! Buďte odvážná! Jste krásná a Vaše tělo potřebuje nějakou ozdobu, co takhle tyto decentní string- tanga? Ano! Tyto string tanga ozdobí Váš kouzelný zadeček. V přední části je náročně zpracovaná krajka. Otvor v rozkroku a na zadní části zadečku nenechá Vašeho přítele chladným. Tak podrážděte oko svého miláčka s těmito dravými strig-tangami.Složení: 80% poliamid, 20% elastanZkontrolujte svou velikost - Tabulka velikostí Anais",5382,panties-and-thongs,Bag,Bag,False,True,False,True,White,0.2367,0.9561,"['#fce3e3', '#f8acb2', '#c86a52', '#661f13']",custom-tag,64.4,False,Product class not explicitly described in name,"[""#fce3e3"", ""#f8acb2"", ""#c66850"", ""#5d190d""]","[[252, 227, 227], [248, 172, 178], [198, 104, 80], [93, 25, 13]]","White, Pink, Red",<span style='display:inline-block; width:18px; height:18px; background-color:#fce3e3; border-radius:3px; margin-right:3px; border:1px solid #666;' title='#fce3e3'></span><span style='display:inline-block; width:18px; height:18px; background-color:#f8acb2; border-radius:3px; margin-right:3px; border:1px solid #666;' title='#f8acb2'></span><span style='display:inline-block; width:18px; height:18px; background-color:#c66850; border-radius:3px; margin-right:3px; border:1px solid #666;' title='#c66850'></span><span style='display:inline-block; width:18px; height:18px; background-color:#5d190d; border-radius:3px; margin-right:3px; border:1px solid #666;' title='#5d190d'></span>,White,Women,0.4483,16.04,#efebe9,1,Palette 1 (Core & Classic Neutrals),"[""#efebe9"", ""#d6cccf"", ""#bca6a9"", ""#9e8284""]",False,Tier 3: Non-Priority / Neutral,Palette deviation (ΔE=16.0) exceeds target country baseline.
208,208,cz,Anais Isida Chemise noční košilka + tanga XXL černá,"Kategorie: Dámské erotické prádlo Typ: Erotické košilky Výrobce: Anais Apparel Luxury LingerieErotická souprava Anais Isida chemise se skládá z nádherné otevřené košilky s volánky a velkou mašlí mezi dekoltem a tang s mašličkami. Komplet je průhledný, košíčky mají krásnou výšivku a střih podprsenky.Složení: 80% poliamid, 20% elastanZkontrolujte svou velikost - Tabulka velikostí Anais",5223,women-s-nightgowns,T-shirt/top,T-shirt/top,True,True,True,False,Grey,0.1128,0.5716,"['#d9d5d5', '#706b68', '#231a17', '#938e8a']",custom-tag,34.76,False,Product class not explicitly described in name,"[""#d9d5d5"", ""#706b68"", ""#221916"", ""#928d8a""]","[[217, 213, 213], [112, 107, 104], [34, 25, 22], [146, 141, 138]]","Grey, Black",<span style='display:inline-block; width:18px; height:18px; background-color:#d9d5d5; border-radius:3px; margin-right:3px; border:1px solid #666;' title='#d9d5d5'></span><span style='display:inline-block; width:18px; height:18px; background-color:#706b68; border-radius:3px; margin-right:3px; border:1px solid #666;' title='#706b68'></span><span style='display:inline-block; width:18px; height:18px; background-color:#221916; border-radius:3px; margin-right:3px; border:1px solid #666;' title='#221916'></span><span style='display:inline-block; width:18px; height:18px; background-color:#928d8a; border-radius:3px; margin-right:3px; border:1px solid #666;' title='#928d8a'></span>,Grey,Unisex,0.4823,14.58,#d6cccf,1,Palette 1 (Core & Classic Neutrals),"[""#ede8eb"", ""#efebe9"", ""#d6cccf"", ""#b7c1be""]",False,Tier 3: Non-Priority / Neutral,Palette deviation (ΔE=14.6) exceeds target country baseline.
209,169,cz,Anais - Erotické kalhotky Kitten XXL černá,"Kategorie: Dámské erotické prádlo Typ: Kalhotky s otvorem Výrobce: Anais Apparel Luxury LingerieKalhotky Anais Kitten s otevřeným rozkrokem. Jsou vyrobeny z jemné, měkké krajky. Kalhotky jsou v přední části zdobeny mašlí. Barva: bílá, černá.Složení: 80% poliamid, 20% elastanZkontrolujte svou velikost - Tabulka velikostí Anais",5382,panties-and-thongs,Shirt,Shirt,False,True,False,False,Grey,0.0518,0.6462,"['#857e7f', '#bab4b3', '#ebe6e4', '#2a1e1b']",custom-tag,90.94,False,Product class not explicitly described in name,"[""#857e7f"", ""#bab5b4"", ""#ebe6e3"", ""#352a27""]","[[133, 126, 127], [186, 181, 180], [235, 230, 227], [53, 42, 39]]","Grey, White, Pink",<span style='display:inline-block; width:18px; height:18px; background-color:#857e7f; border-radius:3px; margin-right:3px; border:1px solid #666;' title='#857e7f'></span><span style='display:inline-block; width:18px; height:18px; background-color:#bab5b4; border-radius:3px; margin-right:3px; border:1px solid #666;' title='#bab5b4'></span><span style='display:inline-block; width:18px; height:18px; background-color:#ebe6e3; border-radius:3px; margin-right:3px; border:1px solid #666;' title='#ebe6e3'></span><span style='display:inline-block; width:18px; height:18px; background-color:#352a27; border-radius:3px; margin-right:3px; border:1px solid #666;' title='#352a27'></span>,Grey,Women,0.5655,11.4,#efebe9,1,Palette 1 (Core & Classic Neutrals),"[""#efebe9"", ""#d6cccf"", ""#bca6a9"", ""#9e8284""]",False,Tier 3: Non-Priority / Neutral,Palette deviation (ΔE=11.4) exceeds target country baseline.
210,209,cz,Anais - erotická tanga Mysterious XXL černá,"Kategorie: Dámské erotické prádlo Typ: Erotické tanga Výrobce: Anais Apparel Luxury LingerieLuxusní dámská tanga Mysterious Anais si získají zajisté i vás. Tato tanga vás přesvědčí, že v jednoduchosti je krása. Jsou nápaditá, nevšední, prostě jedinečná a rozhodně nesmí chybět ve vašem šatníku.Složení: 80% poliamid, 20% elastanZkontrolujte svou velikost - Tabulka velikostí Anais",5382,panties-and-thongs,Bag,Bag,False,True,False,True,Pink,0.1384,0.4284,"['#2a2423', '#e4dedb', '#140b08', '#9a908c']",custom-tag,74.04,False,Product class not explicitly described in name,"[""#2a2423"", ""#e4dedb"", ""#140a07"", ""#908782""]","[[42, 36, 35], [228, 222, 219], [20, 10, 7], [144, 135, 130]]","Pink, White, Black, Grey",<span style='display:inline-block; width:18px; height:18px; background-color:#2a2423; border-radius:3px; margin-right:3px; border:1px solid #666;' title='#2a2423'></span><span style='display:inline-block; width:18px; height:18px; background-color:#e4dedb; border-radius:3px; margin-right:3px; border:1px solid #666;' title='#e4dedb'></span><span style='display:inline-block; width:18px; height:18px; background-color:#140a07; border-radius:3px; margin-right:3px; border:1px solid #666;' title='#140a07'></span><span style='display:inline-block; width:18px; height:18px; background-color:#908782; border-radius:3px; margin-right:3px; border:1px solid #666;' title='#908782'></span>,Pink,Women,0.5331,12.58,#181011,2,Palette 2 (Contemporary & Earthy Street),"[""#424654"", ""#606681"", ""#97aad6"", ""#181011""]",False,Tier 3: Non-Priority / Neutral,Palette deviation (ΔE=12.6) exceeds target country baseline.
211,210,cz,Anais Kalhotky Quinn XXL červená,"Kategorie: Dámské erotické prádlo Typ: Erotické kalhotky Výrobce: Anais Apparel Luxury LingerieSexy panty jsou dráždivé tím, že mají otevřený rozkrok a erotický nádech dodává průsvitný materiál s decentní krajkou. Zajímavý detail tvoří tři stříbrné kroužky, které spojují tenké červené pásky. Dominantní detail na tomto modelu je na zadní straně uprostřed velká červená mašle ze stužky. Quinn open panty by měla mít ve svém šatníku každá žena, která má ráda dobrodružství!Vhodné jako dárek! Zboží je vždy baleno v pevné krabici s logem firmy. Prádlo této značky potěší každou ženu! Značka Anais představuje neobvyklý luxus spodního prádla navrženého pro smyslné a osobité ženy. Kolekce prádla odráží poslední trendy a požadavky ve světě módy.Složení: 80% poliamid, 20% elastanZkontrolujte svou velikost - Tabulka velikostí Anais",5382,panties-and-thongs,Trouser,Trouser,False,True,False,True,White,0.3829,0.7514,"['#e8dfdd', '#cc2a2c', '#c8a197', '#391d13']",custom-tag,32.27,True,Relevant keyword 'kalhotky' found in name,"[""#e9dfde"", ""#ca2f2e"", ""#c8a69d"", ""#361b13""]","[[233, 223, 222], [202, 47, 46], [200, 166, 157], [54, 27, 19]]","White, Red, Pink",<span style='display:inline-block; width:18px; height:18px; background-color:#e9dfde; border-radius:3px; margin-right:3px; border:1px solid #666;' title='#e9dfde'></span><span style='display:inline-block; width:18px; height:18px; background-color:#ca2f2e; border-radius:3px; margin-right:3px; border:1px solid #666;' title='#ca2f2e'></span><span style='display:inline-block; width:18px; height:18px; background-color:#c8a69d; border-radius:3px; margin-right:3px; border:1px solid #666;' title='#c8a69d'></span><span style='display:inline-block; width:18px; height:18px; background-color:#361b13; border-radius:3px; margin-right:3px; border:1px solid #666;' title='#361b13'></span>,White,Women,0.4852,14.46,#efebe9,1,Palette 1 (Core & Classic Neutrals),"[""#efebe9"", ""#d6cccf"", ""#bca6a9"", ""#9e8284""]",False,Tier 3: Non-Priority / Neutral,Palette deviation (ΔE=14.5) exceeds target country baseline.
216,215,cz,TopMode Dámská riflová minisukně,"Dámská džinová mini sukně. Klasický střih a barva, zapínání vpředu. Materiál: 95% bavlna, 5% polyester.",234,womens-skirts,Trouser,Trouser,True,True,True,True,Navy Blue,0.6276,0.4249,"['#182b4e', '#395988', '#7f3b24', '#e8eae9']",custom-tag,66.6,False,Product class not explicitly described in name,"[""#182b4e"", ""#3c5d8c"", ""#e9ebe9"", ""#813b25""]","[[24, 43, 78], [60, 93, 140], [233, 235, 233], [129, 59, 37]]","Navy Blue, White, Red",<span style='display:inline-block; width:18px; height:18px; background-color:#182b4e; border-radius:3px; margin-right:3px; border:1px solid #666;' title='#182b4e'></span><span style='display:inline-block; width:18px; height:18px; background-color:#3c5d8c; border-radius:3px; margin-right:3px; border:1px solid #666;' title='#3c5d8c'></span><span style='display:inline-block; width:18px; height:18px; background-color:#e9ebe9; border-radius:3px; margin-right:3px; border:1px solid #666;' title='#e9ebe9'></span><span style='display:inline-block; width:18px; height:18px; background-color:#813b25; border-radius:3px; margin-right:3px; border:1px solid #666;' title='#813b25'></span>,Navy Blue,Unisex,0.2833,25.22,#262126,2,Palette 2 (Contemporary & Earthy Street),"[""#bca6a9"", ""#8b919e"", ""#0f0d0f"", ""#262126""]",False,Tier 3: Non-Priority / Neutral,Palette deviation (ΔE=25.2) exceeds target country baseline.
218,217,cz,TopMode Vroubkované mini šaty s krajkou,"Elegantní dámské šaty s ozdobným řasením po celých šatech a průhlednou krajkou na zádech. Materiál: 95% polyester, 5% elastan.",184,dresses,Shirt,Shirt,False,True,False,True,Orange,0.5739,0.6051,"['#8b4d28', '#e9ded4', '#be8f6e', '#4c250f']",custom-tag,64.46,False,Product class not explicitly described in name,"[""#8b4d28"", ""#e9ded4"", ""#be8f6e"", ""#4c250f""]","[[139, 77, 40], [233, 222, 212], [190, 143, 110], [76, 37, 15]]","Orange, White, Brown",<span style='display:inline-block; width:18px; height:18px; background-color:#8b4d28; border-radius:3px; margin-right:3px; border:1px solid #666;' title='#8b4d28'></span><span style='display:inline-block; width:18px; height:18px; background-color:#e9ded4; border-radius:3px; margin-right:3px; border:1px solid #666;' title='#e9ded4'></span><span style='display:inline-block; width:18px; height:18px; background-color:#be8f6e; border-radius:3px; margin-right:3px; border:1px solid #666;' title='#be8f6e'></span><span style='display:inline-block; width:18px; height:18px; background-color:#4c250f; border-radius:3px; margin-right:3px; border:1px solid #666;' title='#4c250f'></span>,Orange,Women,0.4866,14.41,#51261a,3,Palette 3 (Vibrant Statement & Accents),"[""#202531"", ""#cec05e"", ""#8f543e"", ""#51261a""]",False,Tier 3: Non-Priority / Neutral,Palette deviation (ΔE=14.4) exceeds target country baseline.
219,218,cz,SOFTLINE COLLECTION Dámská souprava Valerie black - černá - M L,"Dámská sexy souprava Valerie SoftLine collection se skládá z elegantního korzetu s podvazky, které má na přední straně dráždivé šněrování. Zapínání zezadu na háčky. Souprava je vyrobena z elastické krajkové látky, která se přizpůsobí Vaší postavě. Krajková tanga jsou součástí soupravy.",430,corsets-and-garter-belts,T-shirt/top,T-shirt/top,False,True,False,True,Blue,0.2256,0.619,"['#9bb2bf', '#1f1915', '#595f62', '#ced1cf']",custom-tag,32.39,False,Product class not explicitly described in name,"[""#9cb2bf"", ""#1f1815"", ""#575e62"", ""#cdd0cf""]","[[156, 178, 191], [31, 24, 21], [87, 94, 98], [205, 208, 207]]","Blue, Black, Grey",<span style='display:inline-block; width:18px; height:18px; background-color:#9cb2bf; border-radius:3px; margin-right:3px; border:1px solid #666;' title='#9cb2bf'></span><span style='display:inline-block; width:18px; height:18px; background-color:#1f1815; border-radius:3px; margin-right:3px; border:1px solid #666;' title='#1f1815'></span><span style='display:inline-block; width:18px; height:18px; background-color:#575e62; border-radius:3px; margin-right:3px; border:1px solid #666;' title='#575e62'></span><span style='display:inline-block; width:18px; height:18px; background-color:#cdd0cf; border-radius:3px; margin-right:3px; border:1px solid #666;' title='#cdd0cf'></span>,Blue,Women,0.4359,16.6,#181011,2,Palette 2 (Contemporary & Earthy Street),"[""#424654"", ""#606681"", ""#97aad6"", ""#181011""]",False,Tier 3: Non-Priority / Neutral,Palette deviation (ΔE=16.6) exceeds target country baseline.
220,219,cz,Luxury Elegantní vzdušný šátek,"Duhový dámský šátek je velmi originálním módním doplňkem, vhodný pro běžné nošení i do společnosti. Šátek má čtvercový rozměr, je překvapivě velký, dá se nosit i jako pareo, můžete jej zavázat na různé způsoby nebo jej nechat volně splývat. Hodí se i jako velký módní šátek do vlasů. Šátek má hřejivé tóny žlutavé, oranžové a jemňounce zelené. Je vysoce stylovým doplňkem pro každou příležitost.   100procent viscóza šifónový vzhled   Rozměry: 94 cm x 94 cm...",6372,womens-shawls-and-scarves,T-shirt/top,T-shirt/top,True,True,True,True,Green,0.4145,0.7934,"['#a9d48d', '#6cb970', '#75a437', '#e4f8e4']",custom-tag,82.12,False,Product class not explicitly described in name,"[""#9ad090"", ""#5da64d"", ""#e4f7e3"", ""#9fbb45""]","[[154, 208, 144], [93, 166, 77], [228, 247, 227], [159, 187, 69]]","Green, White",<span style='display:inline-block; width:18px; height:18px; background-color:#9ad090; border-radius:3px; margin-right:3px; border:1px solid #666;' title='#9ad090'></span><span style='display:inline-block; width:18px; height:18px; background-color:#5da64d; border-radius:3px; margin-right:3px; border:1px solid #666;' title='#5da64d'></span><span style='display:inline-block; width:18px; height:18px; background-color:#e4f7e3; border-radius:3px; margin-right:3px; border:1px solid #666;' title='#e4f7e3'></span><span style='display:inline-block; width:18px; height:18px; background-color:#9fbb45; border-radius:3px; margin-right:3px; border:1px solid #666;' title='#9fbb45'></span>,Green,Unisex,0.1484,38.15,#efebe9,1,Palette 1 (Core & Classic Neutrals),"[""#ede8eb"", ""#efebe9"", ""#d6cccf"", ""#b7c1be""]",False,Tier 3: Non-Priority / Neutral,Palette deviation (ΔE=38.2) exceeds target country baseline.
221,220,cz,Fashion Italy Módní šaty s páskem,"Šaty mají módní střih podtrhující postavu, zřasení na rukávcích a u výstřihu, v pase látkový páseček na zavázání na zadní partii, vpředu všitý lakovaný pásek s nevšedním třpytivým akcentem v podobě spony. Temně fialová barva. Velmi pružné, skvěle se přizpůsobí postavě.  Značka: Moda Italy   Univerzální velikost M L - šířka pod průramky 43 až 49 cm obvod 86 až 98 cm, délka 80 cm.",184,dresses,Shirt,Shirt,False,True,False,True,Pink/Magenta,0.4045,0.3787,"['#563a50', '#2a1520', '#8d638b', '#d5cac3']",custom-tag,90.39,False,Product class not explicitly described in name,"[""#573b51"", ""#291620"", ""#90658e"", ""#d5cac3""]","[[87, 59, 81], [41, 22, 32], [144, 101, 142], [213, 202, 195]]","Pink/Magenta, Grey",<span style='display:inline-block; width:18px; height:18px; background-color:#573b51; border-radius:3px; margin-right:3px; border:1px solid #666;' title='#573b51'></span><span style='display:inline-block; width:18px; height:18px; background-color:#291620; border-radius:3px; margin-right:3px; border:1px solid #666;' title='#291620'></span><span style='display:inline-block; width:18px; height:18px; background-color:#90658e; border-radius:3px; margin-right:3px; border:1px solid #666;' title='#90658e'></span><span style='display:inline-block; width:18px; height:18px; background-color:#d5cac3; border-radius:3px; margin-right:3px; border:1px solid #666;' title='#d5cac3'></span>,Pink/Magenta,Women,0.4398,16.43,#181011,2,Palette 2 (Contemporary & Earthy Street),"[""#424654"", ""#606681"", ""#97aad6"", ""#181011""]",False,Tier 3: Non-Priority / Neutral,Palette deviation (ΔE=16.4) exceeds target country baseline.
222,221,cz,Mayaadi Retro top s puntíky,"Bavlněný retro puntíkatý top má atraktivní střih, nabírané rukávky, černobílou barevnou kombinaci a na lemu rukávků černé pásky s možností zavázání. Přední partie má kulatý delší lem, zadní partie rovný kratší lem. Top se velmi dobře kombinuje, můžete ho využít k sukni i kalhotám.    Složení materiálu: 100 procent bavlna   Velikost S - šířka přes prsa 36 až 42 cm obvod přes prsa 72 až 84 cm, délka cca 53 až 54 cm.  Velikost M - šířka přes prsa 37 až 44 cm přes prsa 74 až 88 cm, délka 53 až 54 cm....",6,womens-blouses-and-shirts,Shirt,Shirt,True,True,True,False,White,0.1416,0.6748,"['#efebea', '#b3a9a8', '#281b14', '#7f7473']",custom-tag,31.2,False,Product class not explicitly described in name,"[""#f0edec"", ""#b9afae"", ""#2a1c15"", ""#867b7a""]","[[240, 237, 236], [185, 175, 174], [42, 28, 21], [134, 123, 122]]","White, Grey, Brown",<span style='display:inline-block; width:18px; height:18px; background-color:#f0edec; border-radius:3px; margin-right:3px; border:1px solid #666;' title='#f0edec'></span><span style='display:inline-block; width:18px; height:18px; background-color:#b9afae; border-radius:3px; margin-right:3px; border:1px solid #666;' title='#b9afae'></span><span style='display:inline-block; width:18px; height:18px; background-color:#2a1c15; border-radius:3px; margin-right:3px; border:1px solid #666;' title='#2a1c15'></span><span style='display:inline-block; width:18px; height:18px; background-color:#867b7a; border-radius:3px; margin-right:3px; border:1px solid #666;' title='#867b7a'></span>,White,Unisex,0.583,10.79,#efebe9,1,Palette 1 (Core & Classic Neutrals),"[""#ede8eb"", ""#efebe9"", ""#d6cccf"", ""#b7c1be""]",False,Tier 3: Non-Priority / Neutral,Palette deviation (ΔE=10.8) exceeds target country baseline.
223,222,cz,Emma Ashley Atraktivní šaty sexy střih,"Atypické šaty v odstínech zelené, s oválným hlubokým výstřihem na zadní partii, vzdušný materiál, módní vzor, pod prsy drobný tunýlek s nařasením, vsadka ve stejné barvě jako jsou šaty, lehce kulatý lem. Sexy průstřih na zádech.   Složení materiálu: 30procent polyester, 65procent bavlna, 5procent elasten - velmi pružný materiál   Univerzální velikost S M: šířka pod průramky 36 až 44 cm obvod 72 až 88 cm, délka 77 cm.",184,dresses,Dress,Dress,False,True,False,True,Yellow,0.2404,0.5516,"['#a19d86', '#6d6b4f', '#d6d1c7', '#2c2719']",custom-tag,49.34,True,Relevant keyword 'šaty' found in name,"[""#a39e89"", ""#6f6c50"", ""#d6d2c7"", ""#2e291a""]","[[163, 158, 137], [111, 108, 80], [214, 210, 199], [46, 41, 26]]","Beige/Khaki, Yellow, Grey",<span style='display:inline-block; width:18px; height:18px; background-color:#a39e89; border-radius:3px; margin-right:3px; border:1px solid #666;' title='#a39e89'></span><span style='display:inline-block; width:18px; height:18px; background-color:#6f6c50; border-radius:3px; margin-right:3px; border:1px solid #666;' title='#6f6c50'></span><span style='display:inline-block; width:18px; height:18px; background-color:#d6d2c7; border-radius:3px; margin-right:3px; border:1px solid #666;' title='#d6d2c7'></span><span style='display:inline-block; width:18px; height:18px; background-color:#2e291a; border-radius:3px; margin-right:3px; border:1px solid #666;' title='#2e291a'></span>,Beige/Khaki,Women,0.4046,18.1,#d6cccf,1,Palette 1 (Core & Classic Neutrals),"[""#efebe9"", ""#d6cccf"", ""#bca6a9"", ""#9e8284""]",False,Tier 3: Non-Priority / Neutral,Palette deviation (ΔE=18.1) exceeds target country baseline.
224,223,cz,Luxury Pruhované tričko – halenka,"Tričko má velmi originální střih, zřasené lemy, volánkový límeček a kapsičky, zapínání na transparentní knoflíky se stříbrnými lemy. Proužky v barvách šedý melír a zelená.   Materiál: bavlna 95procent viskóza, 5procent elasten.      Velikost S - šířka pod průramky 37 až 44 cm obvod 74 až 88 cm, délka 51 cm.",6,womens-blouses-and-shirts,Shirt,Shirt,True,True,True,True,White,0.219,0.6616,"['#dfe5d5', '#a3bc97', '#6b815e', '#353122']",custom-tag,43.34,True,Relevant keyword 'halenka' found in name,"[""#dee4d3"", ""#a1bb96"", ""#6b805d"", ""#363223""]","[[222, 228, 211], [161, 187, 150], [107, 128, 93], [54, 50, 35]]","White, Green, Yellow",<span style='display:inline-block; width:18px; height:18px; background-color:#dee4d3; border-radius:3px; margin-right:3px; border:1px solid #666;' title='#dee4d3'></span><span style='display:inline-block; width:18px; height:18px; background-color:#a1bb96; border-radius:3px; margin-right:3px; border:1px solid #666;' title='#a1bb96'></span><span style='display:inline-block; width:18px; height:18px; background-color:#6b805d; border-radius:3px; margin-right:3px; border:1px solid #666;' title='#6b805d'></span><span style='display:inline-block; width:18px; height:18px; background-color:#363223; border-radius:3px; margin-right:3px; border:1px solid #666;' title='#363223'></span>,White,Unisex,0.4173,17.48,#efebe9,1,Palette 1 (Core & Classic Neutrals),"[""#ede8eb"", ""#efebe9"", ""#d6cccf"", ""#b7c1be""]",False,Tier 3: Non-Priority / Neutral,Palette deviation (ΔE=17.5) exceeds target country baseline.
225,224,cz,City Goddess Luxusní korzet + brož,"Velmi přitažlivý saténový korzet má podélné kostice zpevňující postavu, skryté výztuže v oblasti prsou nemusíte již pod korzet nosit podprsenku, postranní zip, podšívku, horní partie a dolní lem má ozdobné volánky, sexy šněrování na zadním díle korigující šířku korzetu. Na těle perfektně sedí a vykouzlí dokonale luxusní vzhled a perfektní postavu. Překvapí Vás, jak svůdně dokáže vytvarovat siluetu. Jako dárek získáte odepínací brož.    Značka Goddes London, 100procent polyester satén.   Velikost S 36...",430,corsets-and-garter-belts,Bag,Bag,False,True,False,True,Grey,0.3219,0.5506,"['#dcd7d1', '#0f0c0a', '#8bac93', '#4e7556']",custom-tag,98.0,False,Product class not explicitly described in name,"[""#dbd7d0"", ""#0d0b08"", ""#87ac91"", ""#4c6e51""]","[[219, 215, 208], [13, 11, 8], [135, 172, 145], [76, 110, 81]]","Grey, Black, Green",<span style='display:inline-block; width:18px; height:18px; background-color:#dbd7d0; border-radius:3px; margin-right:3px; border:1px solid #666;' title='#dbd7d0'></span><span style='display:inline-block; width:18px; height:18px; background-color:#0d0b08; border-radius:3px; margin-right:3px; border:1px solid #666;' title='#0d0b08'></span><span style='display:inline-block; width:18px; height:18px; background-color:#87ac91; border-radius:3px; margin-right:3px; border:1px solid #666;' title='#87ac91'></span><span style='display:inline-block; width:18px; height:18px; background-color:#4c6e51; border-radius:3px; margin-right:3px; border:1px solid #666;' title='#4c6e51'></span>,Grey,Women,0.4439,16.25,#d6cccf,1,Palette 1 (Core & Classic Neutrals),"[""#efebe9"", ""#d6cccf"", ""#bca6a9"", ""#9e8284""]",False,Tier 3: Non-Priority / Neutral,Palette deviation (ΔE=16.2) exceeds target country baseline.
226,225,cz,City Goddess Saténový korzet,"Luxusní saténový korzet má podélné kostice pro svůdný dekolt, postranní zip, podšívku, na zadním díle sexy šněrování korigující šířku. Na těle perfektně sedí a vykouzlí dokonalou siluetu. Tento dámský korzet je originálním propojením pohodlného a propracovaného střihu a ultra ženského vzhledu kořeněného sexy detaily. Užijete si s ním vzácné příležitosti, ale i volné chvíle. Noste korzet k sukni do společnosti nebo k džínám ve všední den.   Víceúčelové využití: na společenské akce, na plesy, na běžné noše...",430,corsets-and-garter-belts,Bag,Bag,False,True,False,True,Grey,0.3209,0.4494,"['#d7cec8', '#0a0a05', '#3f3023', '#a59991']",custom-tag,99.24,False,Product class not explicitly described in name,"[""#d8cfc8"", ""#0a0a05"", ""#403224"", ""#aa9e97""]","[[216, 207, 200], [10, 10, 5], [64, 50, 36], [170, 158, 151]]","Grey, Black, Brown",<span style='display:inline-block; width:18px; height:18px; background-color:#d8cfc8; border-radius:3px; margin-right:3px; border:1px solid #666;' title='#d8cfc8'></span><span style='display:inline-block; width:18px; height:18px; background-color:#0a0a05; border-radius:3px; margin-right:3px; border:1px solid #666;' title='#0a0a05'></span><span style='display:inline-block; width:18px; height:18px; background-color:#403224; border-radius:3px; margin-right:3px; border:1px solid #666;' title='#403224'></span><span style='display:inline-block; width:18px; height:18px; background-color:#aa9e97; border-radius:3px; margin-right:3px; border:1px solid #666;' title='#aa9e97'></span>,Grey,Women,0.5037,13.72,#d6cccf,1,Palette 1 (Core & Classic Neutrals),"[""#efebe9"", ""#d6cccf"", ""#bca6a9"", ""#9e8284""]",False,Tier 3: Non-Priority / Neutral,Palette deviation (ΔE=13.7) exceeds target country baseline.
227,226,cz,Fashion Italy Leopardí společenské šaty,"Šaty mají sexy celoplošný leopardí vzor v hnědých tónech, atraktivní střih zvýrazňující ženské křivky, na zadní partii velmi pružné žabičkové řasení, nastavitelná ramínka, v oblasti prsou saténová vsadka. Šaty jsou dvouvrstvé nemusíte se tedy obávat, že by byly průhledné - spodní vrstva tvoří jemnou podšívku, vrchní vrstva má velmi luxusní šifonový vzhled. Šaty jsou vhodné pro každou společenskou příležitost. Nenucená kombinace saténu a šifonu působí velmi přitažlivě.   Značka Sense, materiál: šifón, s...",184,dresses,Bag,Bag,False,True,False,True,Brown,0.6905,0.4359,"['#29150b', '#a56133', '#6c3f21', '#db915d']",custom-tag,83.13,False,Product class not explicitly described in name,"[""#29150b"", ""#a56133"", ""#6d3f21"", ""#d9905d""]","[[41, 21, 11], [165, 97, 51], [109, 63, 33], [217, 144, 93]]","Brown, Orange",<span style='display:inline-block; width:18px; height:18px; background-color:#29150b; border-radius:3px; margin-right:3px; border:1px solid #666;' title='#29150b'></span><span style='display:inline-block; width:18px; height:18px; background-color:#a56133; border-radius:3px; margin-right:3px; border:1px solid #666;' title='#a56133'></span><span style='display:inline-block; width:18px; height:18px; background-color:#6d3f21; border-radius:3px; margin-right:3px; border:1px solid #666;' title='#6d3f21'></span><span style='display:inline-block; width:18px; height:18px; background-color:#d9905d; border-radius:3px; margin-right:3px; border:1px solid #666;' title='#d9905d'></span>,Brown,Women,0.4173,17.48,#8f543e,3,Palette 3 (Vibrant Statement & Accents),"[""#202531"", ""#cec05e"", ""#8f543e"", ""#51261a""]",False,Tier 3: Non-Priority / Neutral,Palette deviation (ΔE=17.5) exceeds target country baseline.
228,227,cz,Emma Ashley Módní šaty s flitry a páskem,"Šaty mají jasně modrou barvu, balónový střih nad prsa se zúženým dolním lemem, příjemný materiál, bez ramínek díky skryté pružné gumě se nemusíte obávat spadnutí šatů. Horní partie je posetá zářivými stříbrnými flitry, pod prsy je látkový páseček pro možnost zavázání. Krásné na večírek a do společnosti.   Značka Diva, 95procent viscose, 5procent elasthan   Velikost S - šířka přes prsa 28 až 41 cm obvod 56 až 82 cm, délka 70 cm.",184,dresses,Bag,Bag,False,True,False,True,Blue,0.3739,0.5957,"['#4263a7', '#494853', '#c1bdba', '#d68c5a']",custom-tag,86.08,False,Product class not explicitly described in name,"[""#4163a5"", ""#4a4752"", ""#c2bebb"", ""#db8d59""]","[[65, 99, 165], [74, 71, 82], [194, 190, 187], [219, 141, 89]]","Blue, Grey, Orange",<span style='display:inline-block; width:18px; height:18px; background-color:#4163a5; border-radius:3px; margin-right:3px; border:1px solid #666;' title='#4163a5'></span><span style='display:inline-block; width:18px; height:18px; background-color:#4a4752; border-radius:3px; margin-right:3px; border:1px solid #666;' title='#4a4752'></span><span style='display:inline-block; width:18px; height:18px; background-color:#c2bebb; border-radius:3px; margin-right:3px; border:1px solid #666;' title='#c2bebb'></span><span style='display:inline-block; width:18px; height:18px; background-color:#db8d59; border-radius:3px; margin-right:3px; border:1px solid #666;' title='#db8d59'></span>,Blue,Women,0.2702,26.17,#424654,2,Palette 2 (Contemporary & Earthy Street),"[""#424654"", ""#606681"", ""#97aad6"", ""#181011""]",False,Tier 3: Non-Priority / Neutral,Palette deviation (ΔE=26.2) exceeds target country baseline.
231,230,cz,Mayaadi Elastické sexy šaty,"Tyto tyrkysové šaty mají sexy vzhled, balonovou sukni s ukončením na skrytou gumu, v oblasti prsou saténovou vsadku, krátký rukáv, velmi efektní výstřih na zavazování, jemně modrou barvu s nádechem tyrkysové. Noste šaty do společnosti, ale i do kina, kavárny, do divadla. Hodí se kamkoli.     Značka L.O.U, příměs elastenu šaty jsou velmi pružné.   Velikost M - šířka přes prsa 43 až 47 cm obvod 86 až 94 cm, délka 80 cm měřeno od ramene.",184,dresses,Dress,Dress,False,True,False,True,Cyan/Turquoise,0.6422,0.4685,"['#088ab6', '#101110', '#73592e', '#c4b291']",custom-tag,45.36,True,Relevant keyword 'šaty' found in name,"[""#0889b6"", ""#101211"", ""#71562b"", ""#beab8a""]","[[8, 137, 182], [16, 18, 17], [113, 86, 43], [190, 171, 138]]","Cyan/Turquoise, Black, Orange, Beige/Khaki",<span style='display:inline-block; width:18px; height:18px; background-color:#0889b6; border-radius:3px; margin-right:3px; border:1px solid #666;' title='#0889b6'></span><span style='display:inline-block; width:18px; height:18px; background-color:#101211; border-radius:3px; margin-right:3px; border:1px solid #666;' title='#101211'></span><span style='display:inline-block; width:18px; height:18px; background-color:#71562b; border-radius:3px; margin-right:3px; border:1px solid #666;' title='#71562b'></span><span style='display:inline-block; width:18px; height:18px; background-color:#beab8a; border-radius:3px; margin-right:3px; border:1px solid #666;' title='#beab8a'></span>,Cyan/Turquoise,Women,0.2664,26.46,#181011,2,Palette 2 (Contemporary & Earthy Street),"[""#424654"", ""#606681"", ""#97aad6"", ""#181011""]",False,Tier 3: Non-Priority / Neutral,Palette deviation (ΔE=26.5) exceeds target country baseline.
232,231,cz,Emma Ashley Šifonové šaty se stuhou,"Nádherně barevné šaty mají dokonalý střih, který díky preciznímu zpracování skvěle sedí na těle. Šaty mají pod prsy širokou saténovou vsadku se saténovou stuhou pro zavázání, jemnou růžovou podšívku, zapínání na boku na skrytý zip, šifónový vzhled, růžový základ s potiskem motýlů se štrasovými akcenty. Pozor – praktický doplněk: k šatům jsou náhradní ramínka, která si můžete v případě potřeby připnout a z šatů střižených nad prsa si tak vytvoříte šaty na ramínka.   Šifonové šaty se stuhou jsou ideální j...",184,dresses,Dress,Dress,False,True,False,True,Pink/Magenta,0.5852,0.8635,"['#df0f5a', '#fad7dd', '#d76d80', '#7e2523']",custom-tag,39.59,True,Relevant keyword 'šaty' found in name,"[""#df0f5a"", ""#fad7de"", ""#d76c83"", ""#822627""]","[[223, 15, 90], [250, 215, 222], [215, 108, 131], [130, 38, 39]]","Pink/Magenta, Grey, Red",<span style='display:inline-block; width:18px; height:18px; background-color:#df0f5a; border-radius:3px; margin-right:3px; border:1px solid #666;' title='#df0f5a'></span><span style='display:inline-block; width:18px; height:18px; background-color:#fad7de; border-radius:3px; margin-right:3px; border:1px solid #666;' title='#fad7de'></span><span style='display:inline-block; width:18px; height:18px; background-color:#d76c83; border-radius:3px; margin-right:3px; border:1px solid #666;' title='#d76c83'></span><span style='display:inline-block; width:18px; height:18px; background-color:#822627; border-radius:3px; margin-right:3px; border:1px solid #666;' title='#822627'></span>,Pink/Magenta,Women,0.0954,47.0,#8f543e,3,Palette 3 (Vibrant Statement & Accents),"[""#202531"", ""#cec05e"", ""#8f543e"", ""#51261a""]",False,Tier 3: Non-Priority / Neutral,Palette deviation (ΔE=47.0) exceeds target country baseline.
233,232,cz,Apart Bavlněné dlouhé šaty,"Dlouhé šaty s roztančenými volány mají ultra ženský střih od prsou volný a vzdušný, mačkaný materiál tzv. crash optika, bohatou nadýchanou sukni, podšívku, zavinovací výstřih do V prodlužující siluetu, úzká nastavitelná ramínka, zlatá léga na lemu, na zadní partii pružný horní lem. Barvy: hnědá, tyrkysová, oranžová, růžová. Tato dokonale vyvážená kombinace barev a perfektního střihu dodává šatům okouzlující bohémský nádech.    Neokoukaný svěží styl Jemný „mačkaný“ materiál Střih prodlužující siluetu ...",184,dresses,Dress,Dress,False,True,False,True,White,0.3526,0.8575,"['#e4d7d1', '#d07e2c', '#d86c78', '#69bec1']",custom-tag,35.6,True,Relevant keyword 'šaty' found in name,"[""#e3d7d0"", ""#d07e2b"", ""#d66c77"", ""#68bbbe""]","[[227, 215, 208], [208, 126, 43], [214, 108, 119], [104, 187, 190]]","White, Orange, Red, Cyan/Turquoise",<span style='display:inline-block; width:18px; height:18px; background-color:#e3d7d0; border-radius:3px; margin-right:3px; border:1px solid #666;' title='#e3d7d0'></span><span style='display:inline-block; width:18px; height:18px; background-color:#d07e2b; border-radius:3px; margin-right:3px; border:1px solid #666;' title='#d07e2b'></span><span style='display:inline-block; width:18px; height:18px; background-color:#d66c77; border-radius:3px; margin-right:3px; border:1px solid #666;' title='#d66c77'></span><span style='display:inline-block; width:18px; height:18px; background-color:#68bbbe; border-radius:3px; margin-right:3px; border:1px solid #666;' title='#68bbbe'></span>,White,Women,0.437,16.56,#d6cccf,1,Palette 1 (Core & Classic Neutrals),"[""#efebe9"", ""#d6cccf"", ""#bca6a9"", ""#9e8284""]",False,Tier 3: Non-Priority / Neutral,Palette deviation (ΔE=16.6) exceeds target country baseline.
