item_id,image_id,produced_for_country,name,description,category,category_name,clothes_class_name_word,product_class_name,for_man,for_woman,for_unisex,is_colored,dominant_color,avg_saturation,avg_brightness,color_palette,label_source,classification_confidence,ready_to_sale,ready_to_sale_reason,palette_of_image,palette_of_image_rgb,palette_of_image_names,palette_of_image_html,palette_primary_color
0,0,cz,Casio Collection MTP-1259D-7BEF,,645,mens-watches,Bag,Bag,True,False,False,False,White,0.0967,0.6456,"['#eef2f2', '#a5b0b1', '#666f71', '#131617']",custom-tag,34.27,False,Product class not explicitly described in name,"[""#eef2f2"", ""#a7b1b2"", ""#677072"", ""#151819""]","[[238, 242, 242], [167, 177, 178], [103, 112, 114], [21, 24, 25]]","White, Grey, Black",<span style='display:inline-block; width:18px; height:18px; background-color:#eef2f2; border-radius:3px; margin-right:3px; border:1px solid #666;' title='#eef2f2'></span><span style='display:inline-block; width:18px; height:18px; background-color:#a7b1b2; border-radius:3px; margin-right:3px; border:1px solid #666;' title='#a7b1b2'></span><span style='display:inline-block; width:18px; height:18px; background-color:#677072; border-radius:3px; margin-right:3px; border:1px solid #666;' title='#677072'></span><span style='display:inline-block; width:18px; height:18px; background-color:#151819; border-radius:3px; margin-right:3px; border:1px solid #666;' title='#151819'></span>,White
3,3,cz,Casio Collection MTP-1303D-1AVEF,,645,mens-watches,Bag,Bag,True,False,False,False,Black,0.1492,0.4055,"['#07070a', '#e1e1e3', '#9fa1a5', '#56585c']",custom-tag,30.95,False,Product class not explicitly described in name,"[""#07070a"", ""#e3e3e5"", ""#a0a2a5"", ""#56585c""]","[[7, 7, 10], [227, 227, 229], [160, 162, 165], [86, 88, 92]]","Black, White, Grey",<span style='display:inline-block; width:18px; height:18px; background-color:#07070a; border-radius:3px; margin-right:3px; border:1px solid #666;' title='#07070a'></span><span style='display:inline-block; width:18px; height:18px; background-color:#e3e3e5; border-radius:3px; margin-right:3px; border:1px solid #666;' title='#e3e3e5'></span><span style='display:inline-block; width:18px; height:18px; background-color:#a0a2a5; border-radius:3px; margin-right:3px; border:1px solid #666;' title='#a0a2a5'></span><span style='display:inline-block; width:18px; height:18px; background-color:#56585c; border-radius:3px; margin-right:3px; border:1px solid #666;' title='#56585c'></span>,Black
5,5,cz,Hot Diamonds Náušnice Eternity Interlocking Stud DE309,,468,womens-earrings,Sandal,Sandal,True,True,True,True,White,0.1482,0.7153,"['#ebe5e2', '#c1b0aa', '#87706c', '#30232a']",custom-tag,87.18,False,Product class not explicitly described in name,"[""#ebe6e3"", ""#c0b0aa"", ""#88706c"", ""#30232a""]","[[235, 230, 227], [192, 176, 170], [136, 112, 108], [48, 35, 42]]","White, Grey, Pink, Pink/Magenta",<span style='display:inline-block; width:18px; height:18px; background-color:#ebe6e3; border-radius:3px; margin-right:3px; border:1px solid #666;' title='#ebe6e3'></span><span style='display:inline-block; width:18px; height:18px; background-color:#c0b0aa; border-radius:3px; margin-right:3px; border:1px solid #666;' title='#c0b0aa'></span><span style='display:inline-block; width:18px; height:18px; background-color:#88706c; border-radius:3px; margin-right:3px; border:1px solid #666;' title='#88706c'></span><span style='display:inline-block; width:18px; height:18px; background-color:#30232a; border-radius:3px; margin-right:3px; border:1px solid #666;' title='#30232a'></span>,White
7,7,cz,Shepherd Papuče ANTON,Shepherd Papuče ANTON Béžová. K dispozici v pánské velikosti. 41. Kožíšek z ovčí vlny vyjímatelná vložka Pánské   Boty   Papuče,40328,mens-boots,Ankle boot,Ankle boot,True,False,False,True,Beige/Khaki,0.2519,0.6147,"['#a5957b', '#8b7a63', '#544736', '#d7d4cc']",custom-tag,37.85,False,Product class not explicitly described in name,"[""#a5957b"", ""#8d7c65"", ""#584b39"", ""#d7d4cc""]","[[165, 149, 123], [141, 124, 101], [88, 75, 57], [215, 212, 204]]","Beige/Khaki, Orange, Brown, Grey",<span style='display:inline-block; width:18px; height:18px; background-color:#a5957b; border-radius:3px; margin-right:3px; border:1px solid #666;' title='#a5957b'></span><span style='display:inline-block; width:18px; height:18px; background-color:#8d7c65; border-radius:3px; margin-right:3px; border:1px solid #666;' title='#8d7c65'></span><span style='display:inline-block; width:18px; height:18px; background-color:#584b39; border-radius:3px; margin-right:3px; border:1px solid #666;' title='#584b39'></span><span style='display:inline-block; width:18px; height:18px; background-color:#d7d4cc; border-radius:3px; margin-right:3px; border:1px solid #666;' title='#d7d4cc'></span>,Beige/Khaki
8,8,cz,Vestis Dámský župan Milano 3130 - dle obrázku - S,"Dámský župan Milano Vestis s proužky. Župan s kapucí a s kapsami, materiál: coral fleece 280g m2. Župan je vhodný i za studených večerů, zahřeje Vás.",437,womens-bathrobes,Coat,Coat,True,True,True,True,Orange,0.5359,0.9066,"['#e36334', '#ec9268', '#f7dbd0', '#a84129']",custom-tag,32.6,True,Relevant keyword 'župan' found in name,"[""#e46838"", ""#ed9469"", ""#f7dbd0"", ""#b74223""]","[[228, 104, 56], [237, 148, 105], [247, 219, 208], [183, 66, 35]]","Orange, Red",<span style='display:inline-block; width:18px; height:18px; background-color:#e46838; border-radius:3px; margin-right:3px; border:1px solid #666;' title='#e46838'></span><span style='display:inline-block; width:18px; height:18px; background-color:#ed9469; border-radius:3px; margin-right:3px; border:1px solid #666;' title='#ed9469'></span><span style='display:inline-block; width:18px; height:18px; background-color:#f7dbd0; border-radius:3px; margin-right:3px; border:1px solid #666;' title='#f7dbd0'></span><span style='display:inline-block; width:18px; height:18px; background-color:#b74223; border-radius:3px; margin-right:3px; border:1px solid #666;' title='#b74223'></span>,Orange
9,9,cz,Modré plavky s kytičkami H Natalie,"Krásné barevné dvoudílné plavky s jemným vzorem, efektně přepřížená podprsenka, košíčky s tenkými vyjímatelný",201,bikinis,T-shirt/top,T-shirt/top,False,True,False,True,Blue,0.4127,0.7364,"['#6c95a9', '#cee0e3', '#c5754d', '#703e2f']",custom-tag,40.33,False,Product class not explicitly described in name,"[""#6c95a9"", ""#cee0e3"", ""#c5754d"", ""#703e2f""]","[[108, 149, 169], [206, 224, 227], [197, 117, 77], [112, 62, 47]]","Blue, White, Orange, Red",<span style='display:inline-block; width:18px; height:18px; background-color:#6c95a9; border-radius:3px; margin-right:3px; border:1px solid #666;' title='#6c95a9'></span><span style='display:inline-block; width:18px; height:18px; background-color:#cee0e3; border-radius:3px; margin-right:3px; border:1px solid #666;' title='#cee0e3'></span><span style='display:inline-block; width:18px; height:18px; background-color:#c5754d; border-radius:3px; margin-right:3px; border:1px solid #666;' title='#c5754d'></span><span style='display:inline-block; width:18px; height:18px; background-color:#703e2f; border-radius:3px; margin-right:3px; border:1px solid #666;' title='#703e2f'></span>,Blue
10,10,cz,Modrobílé plavky s kytičkami H Natalie,"Krásné dvoudílné plavky s jemným vzorem, košíčky s tenkými vyjímatelnými vycpávkami, zavazování na zád",201,bikinis,T-shirt/top,T-shirt/top,False,True,False,True,Grey,0.3854,0.7238,"['#dbdfe0', '#6497a6', '#ba724b', '#583e38']",custom-tag,38.07,False,Product class not explicitly described in name,"[""#dadfe0"", ""#6495a4"", ""#bb744b"", ""#5c3e36""]","[[218, 223, 224], [100, 149, 164], [187, 116, 75], [92, 62, 54]]","Grey, Cyan/Turquoise, Orange, Red",<span style='display:inline-block; width:18px; height:18px; background-color:#dadfe0; border-radius:3px; margin-right:3px; border:1px solid #666;' title='#dadfe0'></span><span style='display:inline-block; width:18px; height:18px; background-color:#6495a4; border-radius:3px; margin-right:3px; border:1px solid #666;' title='#6495a4'></span><span style='display:inline-block; width:18px; height:18px; background-color:#bb744b; border-radius:3px; margin-right:3px; border:1px solid #666;' title='#bb744b'></span><span style='display:inline-block; width:18px; height:18px; background-color:#5c3e36; border-radius:3px; margin-right:3px; border:1px solid #666;' title='#5c3e36'></span>,Grey
11,11,cz,Černé plavky s výrazným vzorem H Natalie,"Krásné dvoudílné plavky s výrazným vzorem, podprsenka s tenkými vyjímatelnými vycpávkami, zavazování na zádec",201,bikinis,T-shirt/top,T-shirt/top,False,True,False,True,Red,0.4114,0.5807,"['#3a2122', '#98897e', '#b44f44', '#ece0dd']",custom-tag,34.66,False,Product class not explicitly described in name,"[""#9b4d46"", ""#a99082"", ""#311b1d"", ""#eee3e0""]","[[155, 77, 70], [169, 144, 130], [49, 27, 29], [238, 227, 224]]","Red, Orange, White",<span style='display:inline-block; width:18px; height:18px; background-color:#9b4d46; border-radius:3px; margin-right:3px; border:1px solid #666;' title='#9b4d46'></span><span style='display:inline-block; width:18px; height:18px; background-color:#a99082; border-radius:3px; margin-right:3px; border:1px solid #666;' title='#a99082'></span><span style='display:inline-block; width:18px; height:18px; background-color:#311b1d; border-radius:3px; margin-right:3px; border:1px solid #666;' title='#311b1d'></span><span style='display:inline-block; width:18px; height:18px; background-color:#eee3e0; border-radius:3px; margin-right:3px; border:1px solid #666;' title='#eee3e0'></span>,Red
12,12,cz,Těhotenský top s potiskem Mamalicious,"Bílé triko s potiskem, lehounké, vzdušné. Široký kulatý výstřih. Dole do kulata. Barva: bílá s potiskem",53403,womens-tops-tank-tops-and-t-shirts,T-shirt/top,T-shirt/top,True,True,True,False,White,0.0225,0.8482,"['#e9e9e7', '#d7d6d4', '#b9b8b9', '#878787']",custom-tag,36.76,True,Class component 'top' found in name,"[""#e9e9e7"", ""#d7d6d4"", ""#b9b9b9"", ""#878786""]","[[233, 233, 231], [215, 214, 212], [185, 185, 185], [135, 135, 134]]","White, Grey",<span style='display:inline-block; width:18px; height:18px; background-color:#e9e9e7; border-radius:3px; margin-right:3px; border:1px solid #666;' title='#e9e9e7'></span><span style='display:inline-block; width:18px; height:18px; background-color:#d7d6d4; border-radius:3px; margin-right:3px; border:1px solid #666;' title='#d7d6d4'></span><span style='display:inline-block; width:18px; height:18px; background-color:#b9b9b9; border-radius:3px; margin-right:3px; border:1px solid #666;' title='#b9b9b9'></span><span style='display:inline-block; width:18px; height:18px; background-color:#878786; border-radius:3px; margin-right:3px; border:1px solid #666;' title='#878786'></span>,White
13,13,cz,Černý těhotenský top s aplikací,"Lehounké černé triko s aplikací květů kolem výstřihu, výstřih do V. Barva: černá Materiál: 96% viskóza,",53403,womens-tops-tank-tops-and-t-shirts,T-shirt/top,T-shirt/top,True,True,True,False,Grey,0.2196,0.17,"['#3b3c41', '#232429', '#0a0b10', '#b1b1b4']",custom-tag,69.95,True,Class component 'top' found in name,"[""#3c3d42"", ""#222329"", ""#0a0b10"", ""#c4c4c7""]","[[60, 61, 66], [34, 35, 41], [10, 11, 16], [196, 196, 199]]","Grey, Navy Blue, Black",<span style='display:inline-block; width:18px; height:18px; background-color:#3c3d42; border-radius:3px; margin-right:3px; border:1px solid #666;' title='#3c3d42'></span><span style='display:inline-block; width:18px; height:18px; background-color:#222329; border-radius:3px; margin-right:3px; border:1px solid #666;' title='#222329'></span><span style='display:inline-block; width:18px; height:18px; background-color:#0a0b10; border-radius:3px; margin-right:3px; border:1px solid #666;' title='#0a0b10'></span><span style='display:inline-block; width:18px; height:18px; background-color:#c4c4c7; border-radius:3px; margin-right:3px; border:1px solid #666;' title='#c4c4c7'></span>,Grey
14,14,cz,Šedý těhotenský top s aplikací,"Lehounké šedé triko s aplikací květů kolem výstřihu, výstřih do V. Barva: šedá Materiál: 96% vis",53403,womens-tops-tank-tops-and-t-shirts,Shirt,Shirt,True,True,True,False,Grey,0.0081,0.6746,"['#d1d3d2', '#8a8b8b', '#b0b2b1', '#696a6a']",custom-tag,61.14,False,Product class not explicitly described in name,"[""#d1d3d2"", ""#8a8a8a"", ""#b0b1b1"", ""#69696a""]","[[209, 211, 210], [138, 138, 138], [176, 177, 177], [105, 105, 106]]",Grey,<span style='display:inline-block; width:18px; height:18px; background-color:#d1d3d2; border-radius:3px; margin-right:3px; border:1px solid #666;' title='#d1d3d2'></span><span style='display:inline-block; width:18px; height:18px; background-color:#8a8a8a; border-radius:3px; margin-right:3px; border:1px solid #666;' title='#8a8a8a'></span><span style='display:inline-block; width:18px; height:18px; background-color:#b0b1b1; border-radius:3px; margin-right:3px; border:1px solid #666;' title='#b0b1b1'></span><span style='display:inline-block; width:18px; height:18px; background-color:#69696a; border-radius:3px; margin-right:3px; border:1px solid #666;' title='#69696a'></span>,Grey
15,15,cz,Dámské šaty Figl M117 modré,"Půvabné, elegantní a pohodlné šaty z mírně pružného materiálu. Tříčtvrteční rukávy, nabíraná rozevlátá",184,dresses,Bag,Bag,False,True,False,True,Grey,0.2286,0.3736,"['#5a585d', '#022d8d', '#031754', '#080b1e']",custom-tag,70.94,False,Product class not explicitly described in name,"[""#5a585d"", ""#022c8b"", ""#041754"", ""#080a1f""]","[[90, 88, 93], [2, 44, 139], [4, 23, 84], [8, 10, 31]]","Grey, Navy Blue, Black",<span style='display:inline-block; width:18px; height:18px; background-color:#5a585d; border-radius:3px; margin-right:3px; border:1px solid #666;' title='#5a585d'></span><span style='display:inline-block; width:18px; height:18px; background-color:#022c8b; border-radius:3px; margin-right:3px; border:1px solid #666;' title='#022c8b'></span><span style='display:inline-block; width:18px; height:18px; background-color:#041754; border-radius:3px; margin-right:3px; border:1px solid #666;' title='#041754'></span><span style='display:inline-block; width:18px; height:18px; background-color:#080a1f; border-radius:3px; margin-right:3px; border:1px solid #666;' title='#080a1f'></span>,Grey
16,16,cz,Dámské šaty Figl M117 béžové,"Půvabné, elegantní a pohodlné šaty z mírně pružného materiálu. Tříčtvrteční rukávy, nabíraná rozevlátá",184,dresses,Dress,Dress,False,True,False,False,Grey,0.0846,0.4156,"['#565156', '#e2d8d6', '#a69695', '#221615']",custom-tag,54.47,True,Relevant keyword 'šaty' found in name,"[""#565157"", ""#e2d7d5"", ""#a99a99"", ""#251817""]","[[86, 81, 87], [226, 215, 213], [169, 154, 153], [37, 24, 23]]","Grey, White, Black",<span style='display:inline-block; width:18px; height:18px; background-color:#565157; border-radius:3px; margin-right:3px; border:1px solid #666;' title='#565157'></span><span style='display:inline-block; width:18px; height:18px; background-color:#e2d7d5; border-radius:3px; margin-right:3px; border:1px solid #666;' title='#e2d7d5'></span><span style='display:inline-block; width:18px; height:18px; background-color:#a99a99; border-radius:3px; margin-right:3px; border:1px solid #666;' title='#a99a99'></span><span style='display:inline-block; width:18px; height:18px; background-color:#251817; border-radius:3px; margin-right:3px; border:1px solid #666;' title='#251817'></span>,Grey
17,17,cz,Dámské šaty Figl M135 modré,"Krásné šaty z pružného materiálu, který se přizpůsobí tvaru těla, bez podšívky. Svůdný výstřih krásně zvýrazn",184,dresses,Bag,Bag,False,True,False,False,Grey,0.2085,0.347,"['#4d4b4f', '#0554b6', '#023379', '#181010']",custom-tag,77.65,False,Product class not explicitly described in name,"[""#4d4b50"", ""#0550af"", ""#023071"", ""#181011""]","[[77, 75, 80], [5, 80, 175], [2, 48, 113], [24, 16, 17]]","Grey, Blue, Navy Blue, Black",<span style='display:inline-block; width:18px; height:18px; background-color:#4d4b50; border-radius:3px; margin-right:3px; border:1px solid #666;' title='#4d4b50'></span><span style='display:inline-block; width:18px; height:18px; background-color:#0550af; border-radius:3px; margin-right:3px; border:1px solid #666;' title='#0550af'></span><span style='display:inline-block; width:18px; height:18px; background-color:#023071; border-radius:3px; margin-right:3px; border:1px solid #666;' title='#023071'></span><span style='display:inline-block; width:18px; height:18px; background-color:#181011; border-radius:3px; margin-right:3px; border:1px solid #666;' title='#181011'></span>,Grey
18,18,cz,Dámské šaty Figl M135 béžové,"Krásné šaty z pružného materiálu, který se přizpůsobí tvaru těla, bez podšívky. Svůdný výstřih krásně zvýrazn",184,dresses,Bag,Bag,False,True,False,False,Grey,0.0579,0.364,"['#4b494c', '#545255', '#edd9d0', '#1c100e']",custom-tag,69.96,False,Product class not explicitly described in name,"[""#4b494b"", ""#545255"", ""#ecd9cf"", ""#190d0a""]","[[75, 73, 75], [84, 82, 85], [236, 217, 207], [25, 13, 10]]","Grey, Black",<span style='display:inline-block; width:18px; height:18px; background-color:#4b494b; border-radius:3px; margin-right:3px; border:1px solid #666;' title='#4b494b'></span><span style='display:inline-block; width:18px; height:18px; background-color:#545255; border-radius:3px; margin-right:3px; border:1px solid #666;' title='#545255'></span><span style='display:inline-block; width:18px; height:18px; background-color:#ecd9cf; border-radius:3px; margin-right:3px; border:1px solid #666;' title='#ecd9cf'></span><span style='display:inline-block; width:18px; height:18px; background-color:#190d0a; border-radius:3px; margin-right:3px; border:1px solid #666;' title='#190d0a'></span>,Grey
19,19,cz,Dámské šaty Figl M135 černé,"Krásné šaty z pružného materiálu, který se přizpůsobí tvaru těla, bez podšívky. Svůdný výstřih krásně zvýrazn",184,dresses,Bag,Bag,False,True,False,False,Grey,0.0617,0.2815,"['#525053', '#4a484a', '#161316', '#ddb39d']",custom-tag,85.08,False,Product class not explicitly described in name,"[""#525052"", ""#49474a"", ""#151315"", ""#dbb3a7""]","[[82, 80, 82], [73, 71, 74], [21, 19, 21], [219, 179, 167]]","Grey, Black, Pink",<span style='display:inline-block; width:18px; height:18px; background-color:#525052; border-radius:3px; margin-right:3px; border:1px solid #666;' title='#525052'></span><span style='display:inline-block; width:18px; height:18px; background-color:#49474a; border-radius:3px; margin-right:3px; border:1px solid #666;' title='#49474a'></span><span style='display:inline-block; width:18px; height:18px; background-color:#151315; border-radius:3px; margin-right:3px; border:1px solid #666;' title='#151315'></span><span style='display:inline-block; width:18px; height:18px; background-color:#dbb3a7; border-radius:3px; margin-right:3px; border:1px solid #666;' title='#dbb3a7'></span>,Grey
20,20,cz,Dámské šaty Figl M079 béžové mocca,Elegantní dámské koktejlové šaty značky Figl. Klasický pouzdrový střih dokonale zdůrazní Vaši postavu. Široká ramínk,184,dresses,Dress,Dress,False,True,False,False,Grey,0.025,0.5788,"['#92918f', '#a1a09e', '#848281', '#321c10']",custom-tag,49.67,True,Relevant keyword 'šaty' found in name,"[""#939290"", ""#a1a09e"", ""#848382"", ""#2e190e""]","[[147, 146, 144], [161, 160, 158], [132, 131, 130], [46, 25, 14]]","Grey, Brown",<span style='display:inline-block; width:18px; height:18px; background-color:#939290; border-radius:3px; margin-right:3px; border:1px solid #666;' title='#939290'></span><span style='display:inline-block; width:18px; height:18px; background-color:#a1a09e; border-radius:3px; margin-right:3px; border:1px solid #666;' title='#a1a09e'></span><span style='display:inline-block; width:18px; height:18px; background-color:#848382; border-radius:3px; margin-right:3px; border:1px solid #666;' title='#848382'></span><span style='display:inline-block; width:18px; height:18px; background-color:#2e190e; border-radius:3px; margin-right:3px; border:1px solid #666;' title='#2e190e'></span>,Grey
21,21,cz,Dámské šaty Figl M079 černé,Elegantní dámské koktejlové šaty značky Figl. Klasický pouzdrový střih dokonale zdůrazní Vaši postavu. Široká ramínk,184,dresses,Dress,Dress,False,True,False,False,Grey,0.0839,0.521,"['#948b8c', '#a49b9b', '#181414', '#7f7676']",custom-tag,53.28,True,Relevant keyword 'šaty' found in name,"[""#938a8b"", ""#a39a9a"", ""#181314"", ""#7c7373""]","[[147, 138, 139], [163, 154, 154], [24, 19, 20], [124, 115, 115]]","Grey, Black",<span style='display:inline-block; width:18px; height:18px; background-color:#938a8b; border-radius:3px; margin-right:3px; border:1px solid #666;' title='#938a8b'></span><span style='display:inline-block; width:18px; height:18px; background-color:#a39a9a; border-radius:3px; margin-right:3px; border:1px solid #666;' title='#a39a9a'></span><span style='display:inline-block; width:18px; height:18px; background-color:#181314; border-radius:3px; margin-right:3px; border:1px solid #666;' title='#181314'></span><span style='display:inline-block; width:18px; height:18px; background-color:#7c7373; border-radius:3px; margin-right:3px; border:1px solid #666;' title='#7c7373'></span>,Grey
22,22,cz,Dámské šaty Figl M079 modré safírové,Elegantní dámské koktejlové šaty značky Figl. Klasický pouzdrový střih dokonale zdůrazní Vaši postavu. Široká ramínk,184,dresses,Dress,Dress,False,True,False,False,Grey,0.1462,0.5745,"['#a29999', '#8d8485', '#2c3575', '#1a1522']",custom-tag,53.11,True,Relevant keyword 'šaty' found in name,"[""#978d8e"", ""#a79e9e"", ""#282f67"", ""#847b7c""]","[[151, 141, 142], [167, 158, 158], [40, 47, 103], [132, 123, 124]]","Grey, Navy Blue",<span style='display:inline-block; width:18px; height:18px; background-color:#978d8e; border-radius:3px; margin-right:3px; border:1px solid #666;' title='#978d8e'></span><span style='display:inline-block; width:18px; height:18px; background-color:#a79e9e; border-radius:3px; margin-right:3px; border:1px solid #666;' title='#a79e9e'></span><span style='display:inline-block; width:18px; height:18px; background-color:#282f67; border-radius:3px; margin-right:3px; border:1px solid #666;' title='#282f67'></span><span style='display:inline-block; width:18px; height:18px; background-color:#847b7c; border-radius:3px; margin-right:3px; border:1px solid #666;' title='#847b7c'></span>,Grey
23,23,cz,Dámské šaty Figl M079 fuchsiové,Elegantní dámské koktejlové šaty značky Figl. Klasický pouzdrový střih dokonale zdůrazní Vaši postavu. Široká ramínk,184,dresses,Dress,Dress,False,True,False,True,Pink/Magenta,0.5649,0.8742,"['#e424a2', '#eceaec', '#c5087a', '#4b282a']",custom-tag,62.74,True,Relevant keyword 'šaty' found in name,"[""#e525a2"", ""#eceaeb"", ""#c8087d"", ""#4c272c""]","[[229, 37, 162], [236, 234, 235], [200, 8, 125], [76, 39, 44]]","Pink/Magenta, White, Red",<span style='display:inline-block; width:18px; height:18px; background-color:#e525a2; border-radius:3px; margin-right:3px; border:1px solid #666;' title='#e525a2'></span><span style='display:inline-block; width:18px; height:18px; background-color:#eceaeb; border-radius:3px; margin-right:3px; border:1px solid #666;' title='#eceaeb'></span><span style='display:inline-block; width:18px; height:18px; background-color:#c8087d; border-radius:3px; margin-right:3px; border:1px solid #666;' title='#c8087d'></span><span style='display:inline-block; width:18px; height:18px; background-color:#4c272c; border-radius:3px; margin-right:3px; border:1px solid #666;' title='#4c272c'></span>,Pink/Magenta
24,24,cz,Dámské šaty Figl M079 korálové,Elegantní dámské koktejlové šaty značky Figl. Klasický pouzdrový střih dokonale zdůrazní Vaši postavu. Široká ramínk,184,dresses,Dress,Dress,False,True,False,False,Grey,0.0284,0.5847,"['#9d9c9a', '#91908e', '#868381', '#d24f57']",custom-tag,46.67,True,Relevant keyword 'šaty' found in name,"[""#9d9c9a"", ""#91908e"", ""#868381"", ""#ca4f54""]","[[157, 156, 154], [145, 144, 142], [134, 131, 129], [202, 79, 84]]","Grey, Red",<span style='display:inline-block; width:18px; height:18px; background-color:#9d9c9a; border-radius:3px; margin-right:3px; border:1px solid #666;' title='#9d9c9a'></span><span style='display:inline-block; width:18px; height:18px; background-color:#91908e; border-radius:3px; margin-right:3px; border:1px solid #666;' title='#91908e'></span><span style='display:inline-block; width:18px; height:18px; background-color:#868381; border-radius:3px; margin-right:3px; border:1px solid #666;' title='#868381'></span><span style='display:inline-block; width:18px; height:18px; background-color:#ca4f54; border-radius:3px; margin-right:3px; border:1px solid #666;' title='#ca4f54'></span>,Grey
25,25,cz,Dámské šaty Figl M076 černé,Dámské romantické šaty vhodné především do společnosti. Šaty mají tříčtvrteční rukávy a délku nad kolena. Kla,184,dresses,Dress,Dress,False,True,False,False,Grey,0.0402,0.5755,"['#b6b6b6', '#a3a2a1', '#171516', '#63564f']",custom-tag,50.83,True,Relevant keyword 'šaty' found in name,"[""#b7b6b6"", ""#a3a2a1"", ""#181617"", ""#61554f""]","[[183, 182, 182], [163, 162, 161], [24, 22, 23], [97, 85, 79]]","Grey, Black, Brown",<span style='display:inline-block; width:18px; height:18px; background-color:#b7b6b6; border-radius:3px; margin-right:3px; border:1px solid #666;' title='#b7b6b6'></span><span style='display:inline-block; width:18px; height:18px; background-color:#a3a2a1; border-radius:3px; margin-right:3px; border:1px solid #666;' title='#a3a2a1'></span><span style='display:inline-block; width:18px; height:18px; background-color:#181617; border-radius:3px; margin-right:3px; border:1px solid #666;' title='#181617'></span><span style='display:inline-block; width:18px; height:18px; background-color:#61554f; border-radius:3px; margin-right:3px; border:1px solid #666;' title='#61554f'></span>,Grey
28,28,cz,Zelené pouzdrové šaty Katrus K028,"Zelené pouzdrové šaty vypasovaného střihu, vzadu zapínání na dlouhý zip. Na ramenou sundávací mašličky. Barva:",184,dresses,Dress,Dress,False,True,False,True,Green,0.2925,0.8325,"['#72cfb7', '#e0dfe4', '#b5998e', '#4d4d44']",custom-tag,66.2,True,Relevant keyword 'šaty' found in name,"[""#72cfb7"", ""#e0dfe4"", ""#b99d93"", ""#525147""]","[[114, 207, 183], [224, 223, 228], [185, 157, 147], [82, 81, 71]]","Green, White, Orange, Grey",<span style='display:inline-block; width:18px; height:18px; background-color:#72cfb7; border-radius:3px; margin-right:3px; border:1px solid #666;' title='#72cfb7'></span><span style='display:inline-block; width:18px; height:18px; background-color:#e0dfe4; border-radius:3px; margin-right:3px; border:1px solid #666;' title='#e0dfe4'></span><span style='display:inline-block; width:18px; height:18px; background-color:#b99d93; border-radius:3px; margin-right:3px; border:1px solid #666;' title='#b99d93'></span><span style='display:inline-block; width:18px; height:18px; background-color:#525147; border-radius:3px; margin-right:3px; border:1px solid #666;' title='#525147'></span>,Green
29,29,cz,Žluté pouzdrové šaty Katrus K028,"Žluté pouzdrové šaty vypasovaného střihu, vzadu zapínání na dlouhý zip. Na ramenou sundávací mašličky. Barva:",184,dresses,Dress,Dress,False,True,False,False,Grey,0.0558,0.8969,"['#e0dadd', '#f7f6f7', '#b58270', '#09a89b']",custom-tag,31.58,True,Relevant keyword 'šaty' found in name,"[""#e0dadd"", ""#f7f6f7"", ""#b58270"", ""#09a89b""]","[[224, 218, 221], [247, 246, 247], [181, 130, 112], [9, 168, 155]]","Grey, White, Orange, Cyan/Turquoise",<span style='display:inline-block; width:18px; height:18px; background-color:#e0dadd; border-radius:3px; margin-right:3px; border:1px solid #666;' title='#e0dadd'></span><span style='display:inline-block; width:18px; height:18px; background-color:#f7f6f7; border-radius:3px; margin-right:3px; border:1px solid #666;' title='#f7f6f7'></span><span style='display:inline-block; width:18px; height:18px; background-color:#b58270; border-radius:3px; margin-right:3px; border:1px solid #666;' title='#b58270'></span><span style='display:inline-block; width:18px; height:18px; background-color:#09a89b; border-radius:3px; margin-right:3px; border:1px solid #666;' title='#09a89b'></span>,Grey
31,31,cz,Vans Street boty Classic Slip-On,Vans Street boty Classic Slip-On Černá. K dispozici v dámské velikosti. 36. Dámské   Boty   Street boty,536,womens-espadrilles,Sandal,Sandal,True,True,True,False,Grey,0.0371,0.5196,"['#3d3d39', '#dfe0df', '#60605d', '#9f9e9b']",custom-tag,57.34,False,Product class not explicitly described in name,"[""#3d3d39"", ""#dfe0df"", ""#5f5f5c"", ""#a3a3a0""]","[[61, 61, 57], [223, 224, 223], [95, 95, 92], [163, 163, 160]]",Grey,<span style='display:inline-block; width:18px; height:18px; background-color:#3d3d39; border-radius:3px; margin-right:3px; border:1px solid #666;' title='#3d3d39'></span><span style='display:inline-block; width:18px; height:18px; background-color:#dfe0df; border-radius:3px; margin-right:3px; border:1px solid #666;' title='#dfe0df'></span><span style='display:inline-block; width:18px; height:18px; background-color:#5f5f5c; border-radius:3px; margin-right:3px; border:1px solid #666;' title='#5f5f5c'></span><span style='display:inline-block; width:18px; height:18px; background-color:#a3a3a0; border-radius:3px; margin-right:3px; border:1px solid #666;' title='#a3a3a0'></span>,Grey
32,32,cz,Béžové šaty Katrus K057,Dvoubarevné šaty v odstínech béžové. Barevné pruhy jsou na sukni a na rukávech. Šaty mají tříčtvrteční rukávy. Kolov,184,dresses,Dress,Dress,False,True,False,False,White,0.0301,0.8898,"['#e9e8e8', '#d6cac3', '#a89690', '#372724']",custom-tag,48.74,True,Relevant keyword 'šaty' found in name,"[""#e9e8e8"", ""#d6cbc3"", ""#a6958e"", ""#352522""]","[[233, 232, 232], [214, 203, 195], [166, 149, 142], [53, 37, 34]]","White, Grey, Pink",<span style='display:inline-block; width:18px; height:18px; background-color:#e9e8e8; border-radius:3px; margin-right:3px; border:1px solid #666;' title='#e9e8e8'></span><span style='display:inline-block; width:18px; height:18px; background-color:#d6cbc3; border-radius:3px; margin-right:3px; border:1px solid #666;' title='#d6cbc3'></span><span style='display:inline-block; width:18px; height:18px; background-color:#a6958e; border-radius:3px; margin-right:3px; border:1px solid #666;' title='#a6958e'></span><span style='display:inline-block; width:18px; height:18px; background-color:#352522; border-radius:3px; margin-right:3px; border:1px solid #666;' title='#352522'></span>,White
34,34,cz,Modré šaty Nife S08,"Krásné a elegantní šaty ve třech výrazných barvách. Výstřih zdobený saténem, tříčtvrteční rukávy, délk",184,dresses,Dress,Dress,False,True,False,True,Grey,0.2277,0.3986,"['#3e3937', '#696465', '#a9a3a5', '#042863']",custom-tag,59.61,True,Relevant keyword 'šaty' found in name,"[""#3f3a38"", ""#6b6666"", ""#aaa3a6"", ""#042763""]","[[63, 58, 56], [107, 102, 102], [170, 163, 166], [4, 39, 99]]","Grey, Navy Blue",<span style='display:inline-block; width:18px; height:18px; background-color:#3f3a38; border-radius:3px; margin-right:3px; border:1px solid #666;' title='#3f3a38'></span><span style='display:inline-block; width:18px; height:18px; background-color:#6b6666; border-radius:3px; margin-right:3px; border:1px solid #666;' title='#6b6666'></span><span style='display:inline-block; width:18px; height:18px; background-color:#aaa3a6; border-radius:3px; margin-right:3px; border:1px solid #666;' title='#aaa3a6'></span><span style='display:inline-block; width:18px; height:18px; background-color:#042763; border-radius:3px; margin-right:3px; border:1px solid #666;' title='#042763'></span>,Grey
35,35,cz,Šedé šaty Nife S14,"Elegantní a jednoduché dámské šaty. Úzký střih z pružného materiálu, výstřih typu voda, zavázování v pase. Su",184,dresses,Dress,Dress,False,True,False,False,Grey,0.0465,0.7996,"['#cfcbc6', '#bdb9b3', '#e2dedb', '#827f77']",custom-tag,59.32,True,Relevant keyword 'šaty' found in name,"[""#d0cbc6"", ""#bcb9b2"", ""#e1deda"", ""#858179""]","[[208, 203, 198], [188, 185, 178], [225, 222, 218], [133, 129, 121]]","Grey, White",<span style='display:inline-block; width:18px; height:18px; background-color:#d0cbc6; border-radius:3px; margin-right:3px; border:1px solid #666;' title='#d0cbc6'></span><span style='display:inline-block; width:18px; height:18px; background-color:#bcb9b2; border-radius:3px; margin-right:3px; border:1px solid #666;' title='#bcb9b2'></span><span style='display:inline-block; width:18px; height:18px; background-color:#e1deda; border-radius:3px; margin-right:3px; border:1px solid #666;' title='#e1deda'></span><span style='display:inline-block; width:18px; height:18px; background-color:#858179; border-radius:3px; margin-right:3px; border:1px solid #666;' title='#858179'></span>,Grey
36,36,cz,Fialové šaty Nife S14,"Elegantní a jednoduché dámské šaty. Úzký střih z pružného materiálu, výstřih typu voda, zavázování v pase. Su",184,dresses,Trouser,Trouser,False,True,False,True,Grey,0.12,0.7038,"['#d2cec8', '#beb9b2', '#472c42', '#e4e0dd']",custom-tag,68.4,False,Product class not explicitly described in name,"[""#d2cec9"", ""#bebab3"", ""#472c43"", ""#e5e1de""]","[[210, 206, 201], [190, 186, 179], [71, 44, 67], [229, 225, 222]]","Grey, Pink/Magenta, White",<span style='display:inline-block; width:18px; height:18px; background-color:#d2cec9; border-radius:3px; margin-right:3px; border:1px solid #666;' title='#d2cec9'></span><span style='display:inline-block; width:18px; height:18px; background-color:#bebab3; border-radius:3px; margin-right:3px; border:1px solid #666;' title='#bebab3'></span><span style='display:inline-block; width:18px; height:18px; background-color:#472c43; border-radius:3px; margin-right:3px; border:1px solid #666;' title='#472c43'></span><span style='display:inline-block; width:18px; height:18px; background-color:#e5e1de; border-radius:3px; margin-right:3px; border:1px solid #666;' title='#e5e1de'></span>,Grey
38,38,cz,Vestis Dámský župan Shanti 21 47 smetanová - smetanová - S,"Dámský župan od českého výrobce Vestis. Lehký dlouhý župan s límcem a zavazováním na šňůrku. Příjemný měkký materiál se sametovým povrchem. Na venkovní straně má župan vypalovaný kašmírový vzor. Vnitřní strana má jemné chloupky. Župan má velmi snadnou údržbu, nemačká se a nežehlí se. Příjemný, hebký župan výraběný ve dvou střihových variantách s šálovým límcem nebo se zapínáním na knoflíky dostupný v blankytně modré, šeříkové a krémové barvě. Župan se sedlem zapínaný na knoflíky ocení především zralé…",437,womens-bathrobes,Coat,Coat,True,True,True,False,White,0.0459,0.8934,"['#f2efeb', '#ddd9d5', '#c5bfb8', '#733d2d']",custom-tag,42.24,True,Relevant keyword 'župan' found in name,"[""#f2efec"", ""#dddad5"", ""#c6c0b9"", ""#754233""]","[[242, 239, 236], [221, 218, 213], [198, 192, 185], [117, 66, 51]]","White, Grey, Red",<span style='display:inline-block; width:18px; height:18px; background-color:#f2efec; border-radius:3px; margin-right:3px; border:1px solid #666;' title='#f2efec'></span><span style='display:inline-block; width:18px; height:18px; background-color:#dddad5; border-radius:3px; margin-right:3px; border:1px solid #666;' title='#dddad5'></span><span style='display:inline-block; width:18px; height:18px; background-color:#c6c0b9; border-radius:3px; margin-right:3px; border:1px solid #666;' title='#c6c0b9'></span><span style='display:inline-block; width:18px; height:18px; background-color:#754233; border-radius:3px; margin-right:3px; border:1px solid #666;' title='#754233'></span>,White
39,39,cz,Casmir Výprodej Korzet Marcelle - bílá - L XL,"Košilka na způsob korzetu je bez kostic, má nastavitelná ramínka a podvazkové sponky. Luxusní průsvitný materiál s kombinaci s nádhernou krajkou a šněrováním uprostřed působí neodolatelně. Navrženo tak, abyste se cítila výjimečně. Volánky na spodní části Vám dodají křehkost a nevinnost. Model je vhodný pro svatební noc nebo pro ženu, která si potrpí na elegantnost. Budete se cítit jako romantická bohyně. Perfektní tanga s krajkou na bocích jsou součástí tohoto modelu. Neváhejte a objednejte si tento…",430,corsets-and-garter-belts,T-shirt/top,T-shirt/top,False,True,False,False,White,0.122,0.7566,"['#ece8e8', '#c6c1c9', '#291813', '#897673']",custom-tag,52.69,False,Product class not explicitly described in name,"[""#ece7e8"", ""#c5c0c8"", ""#22130e"", ""#553c34""]","[[236, 231, 232], [197, 192, 200], [34, 19, 14], [85, 60, 52]]","White, Grey, Black, Pink",<span style='display:inline-block; width:18px; height:18px; background-color:#ece7e8; border-radius:3px; margin-right:3px; border:1px solid #666;' title='#ece7e8'></span><span style='display:inline-block; width:18px; height:18px; background-color:#c5c0c8; border-radius:3px; margin-right:3px; border:1px solid #666;' title='#c5c0c8'></span><span style='display:inline-block; width:18px; height:18px; background-color:#22130e; border-radius:3px; margin-right:3px; border:1px solid #666;' title='#22130e'></span><span style='display:inline-block; width:18px; height:18px; background-color:#553c34; border-radius:3px; margin-right:3px; border:1px solid #666;' title='#553c34'></span>,White
40,40,cz,Casio Collection LTP 1303D-7B,,645,mens-watches,Bag,Bag,True,False,False,False,White,0.0417,0.741,"['#f0f0ef', '#bbb7b5', '#7c7976', '#2d2c2b']",custom-tag,40.88,False,Product class not explicitly described in name,"[""#f5f4f4"", ""#c8c5c3"", ""#8f8b88"", ""#413f3d""]","[[245, 244, 244], [200, 197, 195], [143, 139, 136], [65, 63, 61]]","White, Grey",<span style='display:inline-block; width:18px; height:18px; background-color:#f5f4f4; border-radius:3px; margin-right:3px; border:1px solid #666;' title='#f5f4f4'></span><span style='display:inline-block; width:18px; height:18px; background-color:#c8c5c3; border-radius:3px; margin-right:3px; border:1px solid #666;' title='#c8c5c3'></span><span style='display:inline-block; width:18px; height:18px; background-color:#8f8b88; border-radius:3px; margin-right:3px; border:1px solid #666;' title='#8f8b88'></span><span style='display:inline-block; width:18px; height:18px; background-color:#413f3d; border-radius:3px; margin-right:3px; border:1px solid #666;' title='#413f3d'></span>,White
41,41,cz,Dámské šaty Figl M202 béžové,"Jednoduché elegatní šaty pro každou příležitost. V pase a na prsou záševky, vzadu zapínání na zip. Mírně pružný materi&aacu",184,dresses,Dress,Dress,False,True,False,False,Grey,0.0353,0.8001,"['#cfcaca', '#c2bcbc', '#e4dad7', '#9f8f89']",custom-tag,56.83,True,Relevant keyword 'šaty' found in name,"[""#cac6c5"", ""#dfd7d5"", ""#bbb4b3"", ""#663118""]","[[202, 198, 197], [223, 215, 213], [187, 180, 179], [102, 49, 24]]","Grey, Brown",<span style='display:inline-block; width:18px; height:18px; background-color:#cac6c5; border-radius:3px; margin-right:3px; border:1px solid #666;' title='#cac6c5'></span><span style='display:inline-block; width:18px; height:18px; background-color:#dfd7d5; border-radius:3px; margin-right:3px; border:1px solid #666;' title='#dfd7d5'></span><span style='display:inline-block; width:18px; height:18px; background-color:#bbb4b3; border-radius:3px; margin-right:3px; border:1px solid #666;' title='#bbb4b3'></span><span style='display:inline-block; width:18px; height:18px; background-color:#663118; border-radius:3px; margin-right:3px; border:1px solid #666;' title='#663118'></span>,Grey
42,42,cz,Dámské šaty Figl M202 korálové,"Jednoduché elegatní šaty pro každou příležitost. V pase a na prsou záševky, vzadu zapínání na zip. Mírně pružný materi&aacu",184,dresses,Dress,Dress,False,True,False,False,Grey,0.1648,0.7921,"['#ccc6c6', '#beb7b6', '#e24c5d', '#73271c']",custom-tag,46.98,True,Relevant keyword 'šaty' found in name,"[""#c8c2c2"", ""#e44c5d"", ""#b2a5a3"", ""#823129""]","[[200, 194, 194], [228, 76, 93], [178, 165, 163], [130, 49, 41]]","Grey, Red",<span style='display:inline-block; width:18px; height:18px; background-color:#c8c2c2; border-radius:3px; margin-right:3px; border:1px solid #666;' title='#c8c2c2'></span><span style='display:inline-block; width:18px; height:18px; background-color:#e44c5d; border-radius:3px; margin-right:3px; border:1px solid #666;' title='#e44c5d'></span><span style='display:inline-block; width:18px; height:18px; background-color:#b2a5a3; border-radius:3px; margin-right:3px; border:1px solid #666;' title='#b2a5a3'></span><span style='display:inline-block; width:18px; height:18px; background-color:#823129; border-radius:3px; margin-right:3px; border:1px solid #666;' title='#823129'></span>,Grey
43,43,cz,Letní šaty ve stylu Safari Your Life Your Fashion vel.42 skladem,Letní šaty ve stylu Safari    Letní šaty ve stylu Safari značky Your Life Your Fashion v barvě khaki,184,dresses,Bag,Bag,False,True,False,True,Grey,0.4505,0.8057,"['#fbd9d8', '#d51a4b', '#60735a', '#df846b']",custom-tag,68.91,False,Product class not explicitly described in name,"[""#fbd9d9"", ""#d51b4c"", ""#60735a"", ""#e1856c""]","[[251, 217, 217], [213, 27, 76], [96, 115, 90], [225, 133, 108]]","Grey, Pink/Magenta, Green, Red",<span style='display:inline-block; width:18px; height:18px; background-color:#fbd9d9; border-radius:3px; margin-right:3px; border:1px solid #666;' title='#fbd9d9'></span><span style='display:inline-block; width:18px; height:18px; background-color:#d51b4c; border-radius:3px; margin-right:3px; border:1px solid #666;' title='#d51b4c'></span><span style='display:inline-block; width:18px; height:18px; background-color:#60735a; border-radius:3px; margin-right:3px; border:1px solid #666;' title='#60735a'></span><span style='display:inline-block; width:18px; height:18px; background-color:#e1856c; border-radius:3px; margin-right:3px; border:1px solid #666;' title='#e1856c'></span>,Grey
44,44,cz,Podprsenka Triola 28003 zmenšovací,"Zmenšovací nevyztužená podprsenka TRIOLA 28003 s kosticemi zdobená krajkou. Propracovaný lisovaný košíček opticky zmenší prsa až o jednu velikost. Ramínka, která jsou v horní části rozšířená, uleví šíji a dodají pocit pohodlí.",422,womens-bras,T-shirt/top,T-shirt/top,True,True,True,True,Red,0.5229,0.3922,"['#2d140e', '#6e4823', '#eeeeea', '#a7a399']",custom-tag,22.88,False,Product class not explicitly described in name,"[""#2d130e"", ""#6f4925"", ""#f0f0eb"", ""#aba79c""]","[[45, 19, 14], [111, 73, 37], [240, 240, 235], [171, 167, 156]]","Red, Orange, White, Grey",<span style='display:inline-block; width:18px; height:18px; background-color:#2d130e; border-radius:3px; margin-right:3px; border:1px solid #666;' title='#2d130e'></span><span style='display:inline-block; width:18px; height:18px; background-color:#6f4925; border-radius:3px; margin-right:3px; border:1px solid #666;' title='#6f4925'></span><span style='display:inline-block; width:18px; height:18px; background-color:#f0f0eb; border-radius:3px; margin-right:3px; border:1px solid #666;' title='#f0f0eb'></span><span style='display:inline-block; width:18px; height:18px; background-color:#aba79c; border-radius:3px; margin-right:3px; border:1px solid #666;' title='#aba79c'></span>,Red
45,45,cz,Bas Bleu Bas Blue Samodržící punčochy Lucrezia červená,"Luxusní samodržící punčochy s širokým krajkovým lemem pro elegantní vzhled.      - Krajkový lem se silikonovými proužky, díky kterým punčochy dobře drží a nekloužou   - Síla materiálu 20 DEN        Materiál: 86% polyamid,14% elastan                  Velikost    S    M    L    XL          Váha kg    49-67    57-75    65-83    do 90          Výška cm    152-173    155-178    157-183    159-193",39577,womens-hosiery,Coat,Coat,True,True,True,True,Red,0.4452,0.5747,"['#ba6458', '#a93d3a', '#211b1f', '#f1dddb']",custom-tag,89.72,False,Product class not explicitly described in name,"[""#ba6458"", ""#a93d39"", ""#211b1f"", ""#f1ddda""]","[[186, 100, 88], [169, 61, 57], [33, 27, 31], [241, 221, 218]]","Red, Black, White",<span style='display:inline-block; width:18px; height:18px; background-color:#ba6458; border-radius:3px; margin-right:3px; border:1px solid #666;' title='#ba6458'></span><span style='display:inline-block; width:18px; height:18px; background-color:#a93d39; border-radius:3px; margin-right:3px; border:1px solid #666;' title='#a93d39'></span><span style='display:inline-block; width:18px; height:18px; background-color:#211b1f; border-radius:3px; margin-right:3px; border:1px solid #666;' title='#211b1f'></span><span style='display:inline-block; width:18px; height:18px; background-color:#f1ddda; border-radius:3px; margin-right:3px; border:1px solid #666;' title='#f1ddda'></span>,Red
46,46,cz,Bas Bleu Samodržící punčochy Amelia černá,"Luxusní samodržící punčochy s širokým krajkovým lemem pro elegantní vzhled.      - Krajkový lem se silikonovými proužky, díky kterým punčochy dobře drží a nekloužou   - Síla materiálu 20 DEN        Materiál: 86% polyamid,14% elastan                    Velikost    S    M    L    XL          Váha kg    49-67    57-75    65-83    do 90          Výška cm    152-173    155-178    157-183    159-193",39577,womens-hosiery,Trouser,Trouser,True,True,True,False,Grey,0.1102,0.69,"['#cdccd0', '#eae9ea', '#221715', '#9b908e']",custom-tag,74.64,False,Product class not explicitly described in name,"[""#cdccd0"", ""#ebeaeb"", ""#221716"", ""#9c908e""]","[[205, 204, 208], [235, 234, 235], [34, 23, 22], [156, 144, 142]]","Grey, White, Black",<span style='display:inline-block; width:18px; height:18px; background-color:#cdccd0; border-radius:3px; margin-right:3px; border:1px solid #666;' title='#cdccd0'></span><span style='display:inline-block; width:18px; height:18px; background-color:#ebeaeb; border-radius:3px; margin-right:3px; border:1px solid #666;' title='#ebeaeb'></span><span style='display:inline-block; width:18px; height:18px; background-color:#221716; border-radius:3px; margin-right:3px; border:1px solid #666;' title='#221716'></span><span style='display:inline-block; width:18px; height:18px; background-color:#9c908e; border-radius:3px; margin-right:3px; border:1px solid #666;' title='#9c908e'></span>,Grey
47,47,cz,SOFTLINE COLLECTION Erotická tanga 2295,2295 - Sexy tanga 2295 SoftLine collection vyrobená ze samých tenkých šňůreček zdobená srdíčky.,5382,panties-and-thongs,Trouser,Trouser,False,True,False,False,White,0.1922,0.5948,"['#e6e4dd', '#151517', '#b4b5ae', '#665a58']",custom-tag,47.62,False,Product class not explicitly described in name,"[""#e6e4dd"", ""#151517"", ""#b4b5ae"", ""#665a58""]","[[230, 228, 221], [21, 21, 23], [180, 181, 174], [102, 90, 88]]","White, Black, Grey",<span style='display:inline-block; width:18px; height:18px; background-color:#e6e4dd; border-radius:3px; margin-right:3px; border:1px solid #666;' title='#e6e4dd'></span><span style='display:inline-block; width:18px; height:18px; background-color:#151517; border-radius:3px; margin-right:3px; border:1px solid #666;' title='#151517'></span><span style='display:inline-block; width:18px; height:18px; background-color:#b4b5ae; border-radius:3px; margin-right:3px; border:1px solid #666;' title='#b4b5ae'></span><span style='display:inline-block; width:18px; height:18px; background-color:#665a58; border-radius:3px; margin-right:3px; border:1px solid #666;' title='#665a58'></span>,White
50,50,cz,SOFTLINE COLLECTION Erotická tanga 2314,2314 - Sexy tanga 2314 SoftLine collection z jemné krajky a tylu.,5382,panties-and-thongs,Trouser,Trouser,False,True,False,True,Black,0.3423,0.5267,"['#1f0c0b', '#e1e1db', '#b3b3a9', '#5a3c36']",custom-tag,55.19,False,Product class not explicitly described in name,"[""#200c0b"", ""#e0e1db"", ""#b4b3a9"", ""#5b3e37""]","[[32, 12, 11], [224, 225, 219], [180, 179, 169], [91, 62, 55]]","Black, White, Grey, Pink",<span style='display:inline-block; width:18px; height:18px; background-color:#200c0b; border-radius:3px; margin-right:3px; border:1px solid #666;' title='#200c0b'></span><span style='display:inline-block; width:18px; height:18px; background-color:#e0e1db; border-radius:3px; margin-right:3px; border:1px solid #666;' title='#e0e1db'></span><span style='display:inline-block; width:18px; height:18px; background-color:#b4b3a9; border-radius:3px; margin-right:3px; border:1px solid #666;' title='#b4b3a9'></span><span style='display:inline-block; width:18px; height:18px; background-color:#5b3e37; border-radius:3px; margin-right:3px; border:1px solid #666;' title='#5b3e37'></span>,Black
51,51,cz,SOFTLINE COLLECTION Samodržící punčochy 5517 bílá,5517 white - Dámské samodržící punčochy 5517 SoftLine collection.,39577,womens-hosiery,Shirt,Shirt,True,True,True,False,Grey,0.0905,0.7509,"['#dddbd5', '#bfb9ae', '#8c8b80', '#312f27']",custom-tag,71.79,False,Product class not explicitly described in name,"[""#c0baaf"", ""#dddcd6"", ""#8f8e83"", ""#2f2d26""]","[[192, 186, 175], [221, 220, 214], [143, 142, 131], [47, 45, 38]]","Grey, Yellow",<span style='display:inline-block; width:18px; height:18px; background-color:#c0baaf; border-radius:3px; margin-right:3px; border:1px solid #666;' title='#c0baaf'></span><span style='display:inline-block; width:18px; height:18px; background-color:#dddcd6; border-radius:3px; margin-right:3px; border:1px solid #666;' title='#dddcd6'></span><span style='display:inline-block; width:18px; height:18px; background-color:#8f8e83; border-radius:3px; margin-right:3px; border:1px solid #666;' title='#8f8e83'></span><span style='display:inline-block; width:18px; height:18px; background-color:#2f2d26; border-radius:3px; margin-right:3px; border:1px solid #666;' title='#2f2d26'></span>,Grey
52,52,cz,Electric Lingerie Svůdný Bodystocking EH526 černá,Svůdný bodystocking EH526 v černém provedení. Smyslně průsvitná síťovina společně s otevřeným klínem nenechá vašeho partnera chladným.       - Otvor v rozkroku   - Elastický materiál   - Otevřený klín   - Pasuje na každou velikost.          Materiál: 95 % nylon + 5 % spandex,39577,womens-hosiery,Bag,Bag,True,True,True,True,Black,0.5754,0.2513,"['#100808', '#53261c', '#8f533b', '#c2a593']",custom-tag,70.39,False,Product class not explicitly described in name,"[""#100808"", ""#52251b"", ""#8d5039"", ""#c29f87""]","[[16, 8, 8], [82, 37, 27], [141, 80, 57], [194, 159, 135]]","Black, Red, Orange",<span style='display:inline-block; width:18px; height:18px; background-color:#100808; border-radius:3px; margin-right:3px; border:1px solid #666;' title='#100808'></span><span style='display:inline-block; width:18px; height:18px; background-color:#52251b; border-radius:3px; margin-right:3px; border:1px solid #666;' title='#52251b'></span><span style='display:inline-block; width:18px; height:18px; background-color:#8d5039; border-radius:3px; margin-right:3px; border:1px solid #666;' title='#8d5039'></span><span style='display:inline-block; width:18px; height:18px; background-color:#c29f87; border-radius:3px; margin-right:3px; border:1px solid #666;' title='#c29f87'></span>,Black
54,54,cz,Kalimo Pohodlný komplet Venice červený,"Pohodlná saténová souprava skládající se z košilky a šortek. Hloubku výstřihu lze regulovat nastavitelnými ramínky. Šortky jsou při nošení maximálně pohodlné. Po bocích jsou ozdobené malou mašličkou. Pyžamo je ideálním řešením Pohodlná saténová souprava skládající se z košilky a šortek. Hloubku výstřihu lze regulovat nastavitelnými ramínky. Šortky jsou při nošení maximálně pohodlné. Po bocích jsou ozdobené malou mašličkou. Pyžamo je ideálním řešením pro ženy, které oceňují eleganci. Materiál poskytuje měkkost na vnitřní straně a vysoký lesk na vnější straně. Celková délka košilky měřená od bočního švu je 35 cm. Sada je balena v elegantním, dvoudílném balení, takže to může být zajímavý nápad na dárek. Materiál: 97% polyester, 3% elastan",386,women-s-shorts,Trouser,Trouser,True,True,True,True,Red,0.8131,0.6663,"['#7c0314', '#b70d1d', '#e54946', '#ede8e7']",custom-tag,40.18,False,Product class not explicitly described in name,"[""#7c0314"", ""#b70d1d"", ""#e44947"", ""#ece7e6""]","[[124, 3, 20], [183, 13, 29], [228, 73, 71], [236, 231, 230]]","Red, White",<span style='display:inline-block; width:18px; height:18px; background-color:#7c0314; border-radius:3px; margin-right:3px; border:1px solid #666;' title='#7c0314'></span><span style='display:inline-block; width:18px; height:18px; background-color:#b70d1d; border-radius:3px; margin-right:3px; border:1px solid #666;' title='#b70d1d'></span><span style='display:inline-block; width:18px; height:18px; background-color:#e44947; border-radius:3px; margin-right:3px; border:1px solid #666;' title='#e44947'></span><span style='display:inline-block; width:18px; height:18px; background-color:#ece7e6; border-radius:3px; margin-right:3px; border:1px solid #666;' title='#ece7e6'></span>,Red
55,55,cz,Beechfield Multifunkční šátek Morf Beechfield B920 Černá,Teplý multifunkční šátek bez švů v 6 barevných variantách.,6372,womens-shawls-and-scarves,Coat,Coat,True,True,True,False,Black,0.0002,0.1386,"['#1d1d1d', '#121212', '#dcdcdb', '#7e7e7e']",custom-tag,46.92,False,Product class not explicitly described in name,"[""#1d1d1d"", ""#111111"", ""#dadada"", ""#727271""]","[[29, 29, 29], [17, 17, 17], [218, 218, 218], [114, 114, 113]]","Black, Grey",<span style='display:inline-block; width:18px; height:18px; background-color:#1d1d1d; border-radius:3px; margin-right:3px; border:1px solid #666;' title='#1d1d1d'></span><span style='display:inline-block; width:18px; height:18px; background-color:#111111; border-radius:3px; margin-right:3px; border:1px solid #666;' title='#111111'></span><span style='display:inline-block; width:18px; height:18px; background-color:#dadada; border-radius:3px; margin-right:3px; border:1px solid #666;' title='#dadada'></span><span style='display:inline-block; width:18px; height:18px; background-color:#727271; border-radius:3px; margin-right:3px; border:1px solid #666;' title='#727271'></span>,Black
56,56,cz,James & Nicholson Pánská zimní softshellová bunda James & Nicholson JN1000 Aqua modrá S,Pánská zimní softshellová bunda ve velikosti S-3XL.,86519,mens-sport-jackets,Bag,Bag,True,False,False,True,Blue,0.7305,0.8495,"['#399bf2', '#1f73be', '#112c3a', '#e9f7fb']",custom-tag,71.49,False,Product class not explicitly described in name,"[""#389bf2"", ""#1f74c0"", ""#122c39"", ""#eef9fc""]","[[56, 155, 242], [31, 116, 192], [18, 44, 57], [238, 249, 252]]","Blue, Navy Blue, White",<span style='display:inline-block; width:18px; height:18px; background-color:#389bf2; border-radius:3px; margin-right:3px; border:1px solid #666;' title='#389bf2'></span><span style='display:inline-block; width:18px; height:18px; background-color:#1f74c0; border-radius:3px; margin-right:3px; border:1px solid #666;' title='#1f74c0'></span><span style='display:inline-block; width:18px; height:18px; background-color:#122c39; border-radius:3px; margin-right:3px; border:1px solid #666;' title='#122c39'></span><span style='display:inline-block; width:18px; height:18px; background-color:#eef9fc; border-radius:3px; margin-right:3px; border:1px solid #666;' title='#eef9fc'></span>,Blue
57,57,cz,Výrazné šaty Nife S28 růžové,"Růžové šaty volnějšího střihu, zkrácené rukávy s dvojitým lemem. Vpředu kulatý výstřih, vzadu hlubší výstřih",184,dresses,Dress,Dress,False,True,False,True,Yellow,0.3458,0.6719,"['#aba78e', '#9c9679', '#da1e51', '#511b16']",custom-tag,48.1,True,Relevant keyword 'šaty' found in name,"[""#aba78e"", ""#9c967a"", ""#da1d50"", ""#4f1c17""]","[[171, 167, 142], [156, 150, 122], [218, 29, 80], [79, 28, 23]]","Yellow, Beige/Khaki, Pink/Magenta, Red",<span style='display:inline-block; width:18px; height:18px; background-color:#aba78e; border-radius:3px; margin-right:3px; border:1px solid #666;' title='#aba78e'></span><span style='display:inline-block; width:18px; height:18px; background-color:#9c967a; border-radius:3px; margin-right:3px; border:1px solid #666;' title='#9c967a'></span><span style='display:inline-block; width:18px; height:18px; background-color:#da1d50; border-radius:3px; margin-right:3px; border:1px solid #666;' title='#da1d50'></span><span style='display:inline-block; width:18px; height:18px; background-color:#4f1c17; border-radius:3px; margin-right:3px; border:1px solid #666;' title='#4f1c17'></span>,Yellow
58,58,cz,Dámské šaty Figl M181 tyrkysové,"Elegantní pouzdrové dámské šaty v tyrkysové barvě, jednoduchý volnější střih. Lodičkový výstřih lemovaný malý",184,dresses,Dress,Dress,False,True,False,False,Grey,0.0778,0.7811,"['#cecac7', '#beb9b6', '#a9d7d9', '#75746c']",custom-tag,50.53,True,Relevant keyword 'šaty' found in name,"[""#cfcac8"", ""#bebab6"", ""#aad7da"", ""#73736b""]","[[207, 202, 200], [190, 186, 182], [170, 215, 218], [115, 115, 107]]","Grey, Cyan/Turquoise",<span style='display:inline-block; width:18px; height:18px; background-color:#cfcac8; border-radius:3px; margin-right:3px; border:1px solid #666;' title='#cfcac8'></span><span style='display:inline-block; width:18px; height:18px; background-color:#bebab6; border-radius:3px; margin-right:3px; border:1px solid #666;' title='#bebab6'></span><span style='display:inline-block; width:18px; height:18px; background-color:#aad7da; border-radius:3px; margin-right:3px; border:1px solid #666;' title='#aad7da'></span><span style='display:inline-block; width:18px; height:18px; background-color:#73736b; border-radius:3px; margin-right:3px; border:1px solid #666;' title='#73736b'></span>,Grey
59,59,cz,Dámské šaty Figl M181 smetanové,"Elegantní pouzdrové dámské šaty ve smetanové barvě, jednoduchý volnější střih. Lodičkový výstřih lemovaný mal&yacute",184,dresses,Dress,Dress,False,True,False,False,Grey,0.0471,0.7947,"['#c5bfbc', '#d7d3d1', '#a49791', '#2d130e']",custom-tag,51.6,True,Relevant keyword 'šaty' found in name,"[""#c6c0bd"", ""#d8d4d1"", ""#ada39e"", ""#260d08""]","[[198, 192, 189], [216, 212, 209], [173, 163, 158], [38, 13, 8]]","Grey, Black",<span style='display:inline-block; width:18px; height:18px; background-color:#c6c0bd; border-radius:3px; margin-right:3px; border:1px solid #666;' title='#c6c0bd'></span><span style='display:inline-block; width:18px; height:18px; background-color:#d8d4d1; border-radius:3px; margin-right:3px; border:1px solid #666;' title='#d8d4d1'></span><span style='display:inline-block; width:18px; height:18px; background-color:#ada39e; border-radius:3px; margin-right:3px; border:1px solid #666;' title='#ada39e'></span><span style='display:inline-block; width:18px; height:18px; background-color:#260d08; border-radius:3px; margin-right:3px; border:1px solid #666;' title='#260d08'></span>,Grey
60,60,cz,Dámské šaty Figl M083 modré,"Elegantní dámské šaty v modré barvě, široká ramínka, široká skládaná sukně. S podšívkou. Pásek",184,dresses,Dress,Dress,False,True,False,False,Grey,0.1985,0.7123,"['#c6c3b4', '#b1ad9f', '#4177b9', '#2f2831']",custom-tag,56.74,True,Relevant keyword 'šaty' found in name,"[""#c6c3b4"", ""#b1ad9f"", ""#4176b9"", ""#2e2b39""]","[[198, 195, 180], [177, 173, 159], [65, 118, 185], [46, 43, 57]]","Grey, Blue, Navy Blue",<span style='display:inline-block; width:18px; height:18px; background-color:#c6c3b4; border-radius:3px; margin-right:3px; border:1px solid #666;' title='#c6c3b4'></span><span style='display:inline-block; width:18px; height:18px; background-color:#b1ad9f; border-radius:3px; margin-right:3px; border:1px solid #666;' title='#b1ad9f'></span><span style='display:inline-block; width:18px; height:18px; background-color:#4176b9; border-radius:3px; margin-right:3px; border:1px solid #666;' title='#4176b9'></span><span style='display:inline-block; width:18px; height:18px; background-color:#2e2b39; border-radius:3px; margin-right:3px; border:1px solid #666;' title='#2e2b39'></span>,Grey
62,62,cz,Něžné žluté šaty Nife S43,"Něžné dívčí šaty s krátkým rukávem, zajímavě řešenou sukní s krajkovými vsadkami. S podšívkou.",184,dresses,Dress,Dress,False,True,False,False,White,0.0512,0.8913,"['#e6e4de', '#dedcd3', '#f7f1df', '#4b4032']",custom-tag,48.82,True,Relevant keyword 'šaty' found in name,"[""#e2e1d9"", ""#efebe1"", ""#40372b"", ""#a89374""]","[[226, 225, 217], [239, 235, 225], [64, 55, 43], [168, 147, 116]]","White, Brown, Orange",<span style='display:inline-block; width:18px; height:18px; background-color:#e2e1d9; border-radius:3px; margin-right:3px; border:1px solid #666;' title='#e2e1d9'></span><span style='display:inline-block; width:18px; height:18px; background-color:#efebe1; border-radius:3px; margin-right:3px; border:1px solid #666;' title='#efebe1'></span><span style='display:inline-block; width:18px; height:18px; background-color:#40372b; border-radius:3px; margin-right:3px; border:1px solid #666;' title='#40372b'></span><span style='display:inline-block; width:18px; height:18px; background-color:#a89374; border-radius:3px; margin-right:3px; border:1px solid #666;' title='#a89374'></span>,White
63,63,cz,"Růžové plavky se zlatou nitkou SANSelle, Francie",,201,bikinis,T-shirt/top,T-shirt/top,False,True,False,True,Black,0.4777,0.5271,"['#1d1515', '#e65daa', '#7d3c33', '#e9dfdc']",custom-tag,38.27,False,Product class not explicitly described in name,"[""#1d1515"", ""#e65daa"", ""#7c3b32"", ""#ebe1dd""]","[[29, 21, 21], [230, 93, 170], [124, 59, 50], [235, 225, 221]]","Black, Pink/Magenta, Red, White",<span style='display:inline-block; width:18px; height:18px; background-color:#1d1515; border-radius:3px; margin-right:3px; border:1px solid #666;' title='#1d1515'></span><span style='display:inline-block; width:18px; height:18px; background-color:#e65daa; border-radius:3px; margin-right:3px; border:1px solid #666;' title='#e65daa'></span><span style='display:inline-block; width:18px; height:18px; background-color:#7c3b32; border-radius:3px; margin-right:3px; border:1px solid #666;' title='#7c3b32'></span><span style='display:inline-block; width:18px; height:18px; background-color:#ebe1dd; border-radius:3px; margin-right:3px; border:1px solid #666;' title='#ebe1dd'></span>,Black
65,65,cz,"Fialové plavky se zlatou nitkou SANSelle, Francie",,201,bikinis,T-shirt/top,T-shirt/top,False,True,False,True,Purple,0.4291,0.5361,"['#64459c', '#181417', '#653e41', '#ede6e4']",custom-tag,27.04,False,Product class not explicitly described in name,"[""#63449c"", ""#181417"", ""#663f42"", ""#ece4e3""]","[[99, 68, 156], [24, 20, 23], [102, 63, 66], [236, 228, 227]]","Purple, Black, Pink, White",<span style='display:inline-block; width:18px; height:18px; background-color:#63449c; border-radius:3px; margin-right:3px; border:1px solid #666;' title='#63449c'></span><span style='display:inline-block; width:18px; height:18px; background-color:#181417; border-radius:3px; margin-right:3px; border:1px solid #666;' title='#181417'></span><span style='display:inline-block; width:18px; height:18px; background-color:#663f42; border-radius:3px; margin-right:3px; border:1px solid #666;' title='#663f42'></span><span style='display:inline-block; width:18px; height:18px; background-color:#ece4e3; border-radius:3px; margin-right:3px; border:1px solid #666;' title='#ece4e3'></span>,Purple
66,66,cz,"Fialové plavky se zlatými kroužky 1404-0052 SANSelle, Francie",1404-0052 36 38,201,bikinis,T-shirt/top,T-shirt/top,False,True,False,True,Pink/Magenta,0.6581,0.5757,"['#9e2b71', '#75362a', '#501c11', '#f3e9e3']",custom-tag,26.36,False,Product class not explicitly described in name,"[""#9e2b71"", ""#76362b"", ""#521e11"", ""#f3e9e3""]","[[158, 43, 113], [118, 54, 43], [82, 30, 17], [243, 233, 227]]","Pink/Magenta, Red, White",<span style='display:inline-block; width:18px; height:18px; background-color:#9e2b71; border-radius:3px; margin-right:3px; border:1px solid #666;' title='#9e2b71'></span><span style='display:inline-block; width:18px; height:18px; background-color:#76362b; border-radius:3px; margin-right:3px; border:1px solid #666;' title='#76362b'></span><span style='display:inline-block; width:18px; height:18px; background-color:#521e11; border-radius:3px; margin-right:3px; border:1px solid #666;' title='#521e11'></span><span style='display:inline-block; width:18px; height:18px; background-color:#f3e9e3; border-radius:3px; margin-right:3px; border:1px solid #666;' title='#f3e9e3'></span>,Pink/Magenta
67,67,cz,Elegantní dámská sukně Figl M160 vínová,Elegantní dámská pouzdrová sukně s vysokým lesklým pasem. Úzký střih kopírující postavu. Barva: v&ia,234,womens-skirts,Shirt,Shirt,True,True,True,False,Grey,0.0937,0.7507,"['#cbc7c8', '#b9b0b1', '#692632', '#f2eff0']",custom-tag,67.82,False,Product class not explicitly described in name,"[""#cbc7c8"", ""#b9b1b1"", ""#6a2633"", ""#f2eeef""]","[[203, 199, 200], [185, 177, 177], [106, 38, 51], [242, 238, 239]]","Grey, Red, White",<span style='display:inline-block; width:18px; height:18px; background-color:#cbc7c8; border-radius:3px; margin-right:3px; border:1px solid #666;' title='#cbc7c8'></span><span style='display:inline-block; width:18px; height:18px; background-color:#b9b1b1; border-radius:3px; margin-right:3px; border:1px solid #666;' title='#b9b1b1'></span><span style='display:inline-block; width:18px; height:18px; background-color:#6a2633; border-radius:3px; margin-right:3px; border:1px solid #666;' title='#6a2633'></span><span style='display:inline-block; width:18px; height:18px; background-color:#f2eeef; border-radius:3px; margin-right:3px; border:1px solid #666;' title='#f2eeef'></span>,Grey
68,68,cz,Kalimo Elegantní župan Panama černý,"Elegantní dámský župan vyrobený ze saténu dělá efekt padající vody.   Elegantní dámský župan vyrobený ze saténu dělá efekt padající vody. Kimonové rukávy je možno nosit jednoduše volně a nebo zahnuté manžety. V páse je saténový pásek na zavazování. Župan Panama je vhodným kompletem k saténové košilce značky Kalimo. Materiál poskytuje měkkost na vnitřní straně a vysoký lesk na vnější straně. Celková délka měřená od bočního švu je 89 cm. Župan je zabaleny v elegantním dárkovém balení, takže může být ideální volbou na dárek pro někoho výjimečného.    Zboží je dárkově baleno v elegantní krabičce.     Materiál: 97% polyester, 3% elastan",437,womens-bathrobes,Bag,Bag,True,True,True,True,Black,0.633,0.2832,"['#0f0603', '#442d19', '#a0713a', '#faf3c2']",custom-tag,86.77,False,Product class not explicitly described in name,"[""#0f0604"", ""#442d19"", ""#faf2c2"", ""#9b6c35""]","[[15, 6, 4], [68, 45, 25], [250, 242, 194], [155, 108, 53]]","Black, Brown, Yellow, Orange",<span style='display:inline-block; width:18px; height:18px; background-color:#0f0604; border-radius:3px; margin-right:3px; border:1px solid #666;' title='#0f0604'></span><span style='display:inline-block; width:18px; height:18px; background-color:#442d19; border-radius:3px; margin-right:3px; border:1px solid #666;' title='#442d19'></span><span style='display:inline-block; width:18px; height:18px; background-color:#faf2c2; border-radius:3px; margin-right:3px; border:1px solid #666;' title='#faf2c2'></span><span style='display:inline-block; width:18px; height:18px; background-color:#9b6c35; border-radius:3px; margin-right:3px; border:1px solid #666;' title='#9b6c35'></span>,Black
70,70,cz,BRADO dámské lodičky Wawel R1380-88,"Elegantní v patě otevřené lodičky Wawel R1380-88 fialová z kolekce Brado s prodlouženou špičkou vhodné pro společenské příležitosti. Vyrobené z velurové kůže vínově červené až fialově vyznívající barvy. Svršek zakončen páskem přes patu regulovatelným pomocí elegantní přezky. Jemné kožené podšívky a stélky ve světle béžové barvě. Stélky polštářovány v oblasti pat, klenku a nášlapu pro pohodlnou chůzi. Podpatek elegantní jehlový lakovaný černý, výšky cca 6,0cm. Podešev hladká.",501,heels,Sandal,Sandal,False,True,False,True,Brown,0.2688,0.5063,"['#45362e', '#91825f', '#cdcaaf', '#f2f2e9']",custom-tag,35.06,True,Relevant keyword 'lodičky' found in name,"[""#45362f"", ""#90815e"", ""#cecbb0"", ""#f2f2e9""]","[[69, 54, 47], [144, 129, 94], [206, 203, 176], [242, 242, 233]]","Brown, Yellow, Grey, White",<span style='display:inline-block; width:18px; height:18px; background-color:#45362f; border-radius:3px; margin-right:3px; border:1px solid #666;' title='#45362f'></span><span style='display:inline-block; width:18px; height:18px; background-color:#90815e; border-radius:3px; margin-right:3px; border:1px solid #666;' title='#90815e'></span><span style='display:inline-block; width:18px; height:18px; background-color:#cecbb0; border-radius:3px; margin-right:3px; border:1px solid #666;' title='#cecbb0'></span><span style='display:inline-block; width:18px; height:18px; background-color:#f2f2e9; border-radius:3px; margin-right:3px; border:1px solid #666;' title='#f2f2e9'></span>,Brown
72,72,cz,Kalimo Elegantní župan Panama bílý,"Elegantní dámský župan vyrobený ze saténu dělá efekt padající vody.   Elegantní dámský župan vyrobený ze saténu dělá efekt padající vody. Kimonové rukávy je možno nosit jednoduše volně a nebo zahnuté manžety. V páse je saténový pásek na zavazování. Župan Panama je vhodným kompletem k saténové košilce značky Kalimo.   Materiál poskytuje měkkost na vnitřní straně a vysoký lesk na vnější straně. Celková délka měřená od bočního švu je 89 cm. Župan je zabalen v elegantním dárkovem balení, takže může být ideální volbou na dárek pro někoho výjimečného.    Zboží je dárkově baleno v luxusní krabičce.     Materiál: 97% polyester, 3% elastan",437,womens-bathrobes,Coat,Coat,True,True,True,False,White,0.0723,0.9032,"['#eff0f1', '#dad4d1', '#b0a4a1', '#904c2a']",custom-tag,37.62,True,Relevant keyword 'župan' found in name,"[""#eff1f1"", ""#dad4d1"", ""#b1a5a1"", ""#8a4929""]","[[239, 241, 241], [218, 212, 209], [177, 165, 161], [138, 73, 41]]","White, Grey, Orange",<span style='display:inline-block; width:18px; height:18px; background-color:#eff1f1; border-radius:3px; margin-right:3px; border:1px solid #666;' title='#eff1f1'></span><span style='display:inline-block; width:18px; height:18px; background-color:#dad4d1; border-radius:3px; margin-right:3px; border:1px solid #666;' title='#dad4d1'></span><span style='display:inline-block; width:18px; height:18px; background-color:#b1a5a1; border-radius:3px; margin-right:3px; border:1px solid #666;' title='#b1a5a1'></span><span style='display:inline-block; width:18px; height:18px; background-color:#8a4929; border-radius:3px; margin-right:3px; border:1px solid #666;' title='#8a4929'></span>,White
74,74,cz,Dámské šaty Figl M277 modré,"Velmi pohodlné, jednoduché a přitom elegantní šaty vhodné na léto i společenské příležitosti. Volný splývavý střih, zavazov",184,dresses,Dress,Dress,False,True,False,True,Navy Blue,0.2578,0.4622,"['#232437', '#ebe7e9', '#d0c7c8', '#aea1a0']",custom-tag,55.74,True,Relevant keyword 'šaty' found in name,"[""#242438"", ""#eae5e8"", ""#cdc3c4"", ""#ab9d9c""]","[[36, 36, 56], [234, 229, 232], [205, 195, 196], [171, 157, 156]]","Navy Blue, White, Grey",<span style='display:inline-block; width:18px; height:18px; background-color:#242438; border-radius:3px; margin-right:3px; border:1px solid #666;' title='#242438'></span><span style='display:inline-block; width:18px; height:18px; background-color:#eae5e8; border-radius:3px; margin-right:3px; border:1px solid #666;' title='#eae5e8'></span><span style='display:inline-block; width:18px; height:18px; background-color:#cdc3c4; border-radius:3px; margin-right:3px; border:1px solid #666;' title='#cdc3c4'></span><span style='display:inline-block; width:18px; height:18px; background-color:#ab9d9c; border-radius:3px; margin-right:3px; border:1px solid #666;' title='#ab9d9c'></span>,Navy Blue
75,75,cz,Dámské šaty Figl M299 modré,"Krásné elegantní šaty vhodné na denní nošení a i slavnostní příležitosti. Pohodlný splývavý střih do A, stoja",184,dresses,Dress,Dress,False,True,False,False,Grey,0.1032,0.8928,"['#ced7ea', '#c5b8bb', '#ece6e8', '#92787e']",custom-tag,35.26,True,Relevant keyword 'šaty' found in name,"[""#ced7e9"", ""#c6b9bb"", ""#ece7e8"", ""#997f86""]","[[206, 215, 233], [198, 185, 187], [236, 231, 232], [153, 127, 134]]","White, Grey, Pink/Magenta",<span style='display:inline-block; width:18px; height:18px; background-color:#ced7e9; border-radius:3px; margin-right:3px; border:1px solid #666;' title='#ced7e9'></span><span style='display:inline-block; width:18px; height:18px; background-color:#c6b9bb; border-radius:3px; margin-right:3px; border:1px solid #666;' title='#c6b9bb'></span><span style='display:inline-block; width:18px; height:18px; background-color:#ece7e8; border-radius:3px; margin-right:3px; border:1px solid #666;' title='#ece7e8'></span><span style='display:inline-block; width:18px; height:18px; background-color:#997f86; border-radius:3px; margin-right:3px; border:1px solid #666;' title='#997f86'></span>,White
76,76,cz,Dámské šaty Figl M299 růžové,"Krásné elegantní šaty vhodné na denní nošení a i slavnostní příležitosti. Pohodlný splývavý střih do A, stoja",184,dresses,Dress,Dress,False,True,False,True,Pink/Magenta,0.2242,0.9521,"['#fcb4cf', '#ece2e3', '#cfb4b4', '#a54e56']",custom-tag,61.11,True,Relevant keyword 'šaty' found in name,"[""#fcb4cf"", ""#ebe1e3"", ""#cfb4b4"", ""#a64f56""]","[[252, 180, 207], [235, 225, 227], [207, 180, 180], [166, 79, 86]]","Pink/Magenta, White, Grey, Red",<span style='display:inline-block; width:18px; height:18px; background-color:#fcb4cf; border-radius:3px; margin-right:3px; border:1px solid #666;' title='#fcb4cf'></span><span style='display:inline-block; width:18px; height:18px; background-color:#ebe1e3; border-radius:3px; margin-right:3px; border:1px solid #666;' title='#ebe1e3'></span><span style='display:inline-block; width:18px; height:18px; background-color:#cfb4b4; border-radius:3px; margin-right:3px; border:1px solid #666;' title='#cfb4b4'></span><span style='display:inline-block; width:18px; height:18px; background-color:#a64f56; border-radius:3px; margin-right:3px; border:1px solid #666;' title='#a64f56'></span>,Pink/Magenta
77,77,cz,Evona Seta a bavlnou,"Dámské podkolenky Evona s bavlnou a zesílenou patou.Antibakteriální úprava.  Materiál 60% bavlna, 36% polyamid, 4% elastan.  Jemnost 80 DEN.  Dámské podkolenky jsou v barvě bílé, černé a hnědé.  UNI velikost.",1017,underwear-sets,Ankle boot,Ankle boot,True,True,True,False,Grey,0.1026,0.8333,"['#dccec6', '#f4f2f0', '#a19791', '#35231b']",custom-tag,78.82,False,Product class not explicitly described in name,"[""#dccec6"", ""#f4f2f0"", ""#a19791"", ""#35231b""]","[[220, 206, 198], [244, 242, 240], [161, 151, 145], [53, 35, 27]]","Grey, White, Brown",<span style='display:inline-block; width:18px; height:18px; background-color:#dccec6; border-radius:3px; margin-right:3px; border:1px solid #666;' title='#dccec6'></span><span style='display:inline-block; width:18px; height:18px; background-color:#f4f2f0; border-radius:3px; margin-right:3px; border:1px solid #666;' title='#f4f2f0'></span><span style='display:inline-block; width:18px; height:18px; background-color:#a19791; border-radius:3px; margin-right:3px; border:1px solid #666;' title='#a19791'></span><span style='display:inline-block; width:18px; height:18px; background-color:#35231b; border-radius:3px; margin-right:3px; border:1px solid #666;' title='#35231b'></span>,Grey
78,78,cz,NoName Luxusní stylové plavky se zlatým lemováním,"Dámské dvoudílné tyrkysové plavky - bikiny.   Plavky jsou dvoudílné, podšité, s vyjímatelnými vycpávkami, zavazování za krkem, zapínání na zádech. Díky perfektnímu střihu horní díl skvěle vytvaruje každé poprsí.Tyrkysové se zlatým pleteným lemem. Na velikost košíčků 1-2.   Materiál: 90% polyester, 10% Elastan   Rozměry: vrchní díl: obvod 72-95cm, výška 14cm spodní díl: obvod 62-84cm pro obvod přes boky max 95cm",201,bikinis,Bag,Bag,False,True,False,True,Brown,0.5791,0.4294,"['#494036', '#06938a', '#187064', '#7c8c75']",custom-tag,100.0,False,Product class not explicitly described in name,"[""#493f36"", ""#06938a"", ""#187064"", ""#7a8b74""]","[[73, 63, 54], [6, 147, 138], [24, 112, 100], [122, 139, 116]]","Brown, Cyan/Turquoise, Green",<span style='display:inline-block; width:18px; height:18px; background-color:#493f36; border-radius:3px; margin-right:3px; border:1px solid #666;' title='#493f36'></span><span style='display:inline-block; width:18px; height:18px; background-color:#06938a; border-radius:3px; margin-right:3px; border:1px solid #666;' title='#06938a'></span><span style='display:inline-block; width:18px; height:18px; background-color:#187064; border-radius:3px; margin-right:3px; border:1px solid #666;' title='#187064'></span><span style='display:inline-block; width:18px; height:18px; background-color:#7a8b74; border-radius:3px; margin-right:3px; border:1px solid #666;' title='#7a8b74'></span>,Brown
79,79,cz,Carlington Kotníkové boty RINZI,Carlington Kotníkové boty RINZI Černá. K dispozici v pánské velikosti. 39. Pánské   Boty   Kotníkové boty,78521,womens-boots-and-booties,Ankle boot,Ankle boot,True,True,True,False,Grey,0.0302,0.3345,"['#353534', '#595959', '#929392', '#dde1e1']",custom-tag,39.6,True,Relevant keyword 'kotníkové boty' found in name,"[""#343333"", ""#535353"", ""#8c8d8d"", ""#d9dddd""]","[[52, 51, 51], [83, 83, 83], [140, 141, 141], [217, 221, 221]]",Grey,<span style='display:inline-block; width:18px; height:18px; background-color:#343333; border-radius:3px; margin-right:3px; border:1px solid #666;' title='#343333'></span><span style='display:inline-block; width:18px; height:18px; background-color:#535353; border-radius:3px; margin-right:3px; border:1px solid #666;' title='#535353'></span><span style='display:inline-block; width:18px; height:18px; background-color:#8c8d8d; border-radius:3px; margin-right:3px; border:1px solid #666;' title='#8c8d8d'></span><span style='display:inline-block; width:18px; height:18px; background-color:#d9dddd; border-radius:3px; margin-right:3px; border:1px solid #666;' title='#d9dddd'></span>,Grey
80,80,cz,Merrell Pohorky INTERCEPT,Merrell Pohorky INTERCEPT Hnědá. K dispozici v pánské velikosti. 40. Podšívka ze síťoviny s antibakteriálnyou úpravou M-Fresh pro omezení nepříjemných zápachů Vnitřní stélka z pěny EVA Vnější stélka z kaučuku Vibram pro dobrou přilnavost. Pánské   Boty   Pohorky,65823,mens-outdoor-shoes,Sneaker,Sneaker,True,False,False,True,Orange,0.2162,0.4538,"['#715f51', '#4a443f', '#9d836c', '#d8d6d5']",custom-tag,58.2,False,Product class not explicitly described in name,"[""#715f50"", ""#4a443e"", ""#9d856e"", ""#dad8d6""]","[[113, 95, 80], [74, 68, 62], [157, 133, 110], [218, 216, 214]]","Orange, Brown, Grey",<span style='display:inline-block; width:18px; height:18px; background-color:#715f50; border-radius:3px; margin-right:3px; border:1px solid #666;' title='#715f50'></span><span style='display:inline-block; width:18px; height:18px; background-color:#4a443e; border-radius:3px; margin-right:3px; border:1px solid #666;' title='#4a443e'></span><span style='display:inline-block; width:18px; height:18px; background-color:#9d856e; border-radius:3px; margin-right:3px; border:1px solid #666;' title='#9d856e'></span><span style='display:inline-block; width:18px; height:18px; background-color:#dad8d6; border-radius:3px; margin-right:3px; border:1px solid #666;' title='#dad8d6'></span>,Orange
81,81,cz,La City Krátké šaty RTANIA,La City Krátké šaty RTANIA Černá. K dispozici v dámské velikosti. DE 32. Dámské   Oblečení   Krátké šaty,184,dresses,Dress,Dress,False,True,False,False,Grey,0.085,0.2874,"['#423d3f', '#313031', '#f2e8e2', '#ab9f9d']",custom-tag,72.2,True,Relevant keyword 'šaty' found in name,"[""#433d3f"", ""#323032"", ""#f4ebe5"", ""#b1a6a4""]","[[67, 61, 63], [50, 48, 50], [244, 235, 229], [177, 166, 164]]","Grey, White",<span style='display:inline-block; width:18px; height:18px; background-color:#433d3f; border-radius:3px; margin-right:3px; border:1px solid #666;' title='#433d3f'></span><span style='display:inline-block; width:18px; height:18px; background-color:#323032; border-radius:3px; margin-right:3px; border:1px solid #666;' title='#323032'></span><span style='display:inline-block; width:18px; height:18px; background-color:#f4ebe5; border-radius:3px; margin-right:3px; border:1px solid #666;' title='#f4ebe5'></span><span style='display:inline-block; width:18px; height:18px; background-color:#b1a6a4; border-radius:3px; margin-right:3px; border:1px solid #666;' title='#b1a6a4'></span>,Grey
82,82,cz,Manoush Svetry NANY,Manoush Svetry NANY Modrá. K dispozici v dámské velikosti. S. Dámské   Oblečení   Svetry,235,womens-sweaters,T-shirt/top,T-shirt/top,True,True,True,True,Black,0.3457,0.2226,"['#161a23', '#3e424b', '#7c8189', '#d4d7de']",custom-tag,79.82,False,Product class not explicitly described in name,"[""#151a23"", ""#40444d"", ""#7e828b"", ""#d6d9df""]","[[21, 26, 35], [64, 68, 77], [126, 130, 139], [214, 217, 223]]","Black, Navy Blue, Grey",<span style='display:inline-block; width:18px; height:18px; background-color:#151a23; border-radius:3px; margin-right:3px; border:1px solid #666;' title='#151a23'></span><span style='display:inline-block; width:18px; height:18px; background-color:#40444d; border-radius:3px; margin-right:3px; border:1px solid #666;' title='#40444d'></span><span style='display:inline-block; width:18px; height:18px; background-color:#7e828b; border-radius:3px; margin-right:3px; border:1px solid #666;' title='#7e828b'></span><span style='display:inline-block; width:18px; height:18px; background-color:#d6d9df; border-radius:3px; margin-right:3px; border:1px solid #666;' title='#d6d9df'></span>,Black
83,83,cz,Citrouille et Compagnie Tenisky Dětské KIPPI BOU,Citrouille et Compagnie Tenisky Dětské KIPPI BOU Modrá. K dispozici v chlapecké velikosti. 20. Dětské   Boty   Tenisky,2811,boys-shoes,Sneaker,Sneaker,True,False,False,True,Navy Blue,0.1389,0.4619,"['#2f2f3a', '#ccd0d2', '#a6a9a9', '#7a7067']",custom-tag,44.79,True,Relevant keyword 'tenisky' found in name,"[""#2f2f3a"", ""#d2d6d7"", ""#b8bdbe"", ""#80786f""]","[[47, 47, 58], [210, 214, 215], [184, 189, 190], [128, 120, 111]]","Navy Blue, Grey",<span style='display:inline-block; width:18px; height:18px; background-color:#2f2f3a; border-radius:3px; margin-right:3px; border:1px solid #666;' title='#2f2f3a'></span><span style='display:inline-block; width:18px; height:18px; background-color:#d2d6d7; border-radius:3px; margin-right:3px; border:1px solid #666;' title='#d2d6d7'></span><span style='display:inline-block; width:18px; height:18px; background-color:#b8bdbe; border-radius:3px; margin-right:3px; border:1px solid #666;' title='#b8bdbe'></span><span style='display:inline-block; width:18px; height:18px; background-color:#80786f; border-radius:3px; margin-right:3px; border:1px solid #666;' title='#80786f'></span>,Navy Blue
84,84,cz,BCBGeneration Krátké šaty 616935,BCBGeneration Krátké šaty 616935 Černá. K dispozici v dámské velikosti. US 8. Dámské   Oblečení   Krátké šaty,184,dresses,Dress,Dress,False,True,False,False,Black,0.0791,0.176,"['#221f20', '#2e2b2b', '#e6e4dd', '#7f7d7c']",custom-tag,44.32,True,Relevant keyword 'šaty' found in name,"[""#211f1f"", ""#2d2929"", ""#e3e1da"", ""#777574""]","[[33, 31, 31], [45, 41, 41], [227, 225, 218], [119, 117, 116]]","Black, Grey, White",<span style='display:inline-block; width:18px; height:18px; background-color:#211f1f; border-radius:3px; margin-right:3px; border:1px solid #666;' title='#211f1f'></span><span style='display:inline-block; width:18px; height:18px; background-color:#2d2929; border-radius:3px; margin-right:3px; border:1px solid #666;' title='#2d2929'></span><span style='display:inline-block; width:18px; height:18px; background-color:#e3e1da; border-radius:3px; margin-right:3px; border:1px solid #666;' title='#e3e1da'></span><span style='display:inline-block; width:18px; height:18px; background-color:#777574; border-radius:3px; margin-right:3px; border:1px solid #666;' title='#777574'></span>,Black
85,85,cz,BCBGeneration Krátké šaty 617437,BCBGeneration Krátké šaty 617437 Zelená. K dispozici v dámské velikosti. US 6. Dámské   Oblečení   Krátké šaty,184,dresses,Dress,Dress,False,True,False,False,White,0.0492,0.8852,"['#e7eeee', '#d9e4e2', '#ccd9d6', '#bececa']",custom-tag,28.21,True,Relevant keyword 'šaty' found in name,"[""#e7eeee"", ""#d9e4e2"", ""#cbd9d6"", ""#becdca""]","[[231, 238, 238], [217, 228, 226], [203, 217, 214], [190, 205, 202]]","White, Grey",<span style='display:inline-block; width:18px; height:18px; background-color:#e7eeee; border-radius:3px; margin-right:3px; border:1px solid #666;' title='#e7eeee'></span><span style='display:inline-block; width:18px; height:18px; background-color:#d9e4e2; border-radius:3px; margin-right:3px; border:1px solid #666;' title='#d9e4e2'></span><span style='display:inline-block; width:18px; height:18px; background-color:#cbd9d6; border-radius:3px; margin-right:3px; border:1px solid #666;' title='#cbd9d6'></span><span style='display:inline-block; width:18px; height:18px; background-color:#becdca; border-radius:3px; margin-right:3px; border:1px solid #666;' title='#becdca'></span>,White
86,86,cz,El Naturalista Kotníkové boty NIDO,El Naturalista Kotníkové boty NIDO Černá. K dispozici v dámské velikosti. 36. Vyjímatelná stélka Recyklace: tento model obsahuje zip a recyklovanou gumovou podrážku. Interiér boty bez chromu. Společnost El Naturalista se zavázala snižovat dopad své výroby. Dámské   Boty   Kotníkové boty,78521,womens-boots-and-booties,Ankle boot,Ankle boot,True,True,True,True,Grey,0.2005,0.3653,"['#2f2e2a', '#655647', '#b09776', '#dbcdba']",custom-tag,40.34,True,Relevant keyword 'kotníkové boty' found in name,"[""#2f2e2a"", ""#665747"", ""#b09775"", ""#d7cab6""]","[[47, 46, 42], [102, 87, 71], [176, 151, 117], [215, 202, 182]]","Grey, Brown, Orange, Beige/Khaki",<span style='display:inline-block; width:18px; height:18px; background-color:#2f2e2a; border-radius:3px; margin-right:3px; border:1px solid #666;' title='#2f2e2a'></span><span style='display:inline-block; width:18px; height:18px; background-color:#665747; border-radius:3px; margin-right:3px; border:1px solid #666;' title='#665747'></span><span style='display:inline-block; width:18px; height:18px; background-color:#b09775; border-radius:3px; margin-right:3px; border:1px solid #666;' title='#b09775'></span><span style='display:inline-block; width:18px; height:18px; background-color:#d7cab6; border-radius:3px; margin-right:3px; border:1px solid #666;' title='#d7cab6'></span>,Grey
87,87,cz,Fluchos Mokasíny LUCA,Fluchos Mokasíny LUCA Černá. K dispozici v pánské velikosti. 39. Pánské   Boty   Mokasíny,680,men-dress-shoes,Bag,Bag,True,False,False,False,Grey,0.0582,0.4133,"['#5f6262', '#404140', '#8d9192', '#d2d7d6']",custom-tag,61.22,False,Product class not explicitly described in name,"[""#5d5f60"", ""#3e3e3e"", ""#8c9091"", ""#d2d6d6""]","[[93, 95, 96], [62, 62, 62], [140, 144, 145], [210, 214, 214]]",Grey,<span style='display:inline-block; width:18px; height:18px; background-color:#5d5f60; border-radius:3px; margin-right:3px; border:1px solid #666;' title='#5d5f60'></span><span style='display:inline-block; width:18px; height:18px; background-color:#3e3e3e; border-radius:3px; margin-right:3px; border:1px solid #666;' title='#3e3e3e'></span><span style='display:inline-block; width:18px; height:18px; background-color:#8c9091; border-radius:3px; margin-right:3px; border:1px solid #666;' title='#8c9091'></span><span style='display:inline-block; width:18px; height:18px; background-color:#d2d6d6; border-radius:3px; margin-right:3px; border:1px solid #666;' title='#d2d6d6'></span>,Grey
88,88,cz,DKaren Dámský župan Diana violet fialový,Dámský župan Diana fialový s kapucí v délce nad kolena. Dámský župan Diana fialový s kapucí v délce nad kolena.  Materiál: 100% polyester,437,womens-bathrobes,Coat,Coat,True,True,True,True,Grey,0.1676,0.6634,"['#dddcd6', '#6e657e', '#9a969e', '#372a36']",custom-tag,45.61,True,Relevant keyword 'župan' found in name,"[""#e0dfd9"", ""#736a82"", ""#aba7ab"", ""#392c39""]","[[224, 223, 217], [115, 106, 130], [171, 167, 171], [57, 44, 57]]","Grey, Purple, Pink/Magenta",<span style='display:inline-block; width:18px; height:18px; background-color:#e0dfd9; border-radius:3px; margin-right:3px; border:1px solid #666;' title='#e0dfd9'></span><span style='display:inline-block; width:18px; height:18px; background-color:#736a82; border-radius:3px; margin-right:3px; border:1px solid #666;' title='#736a82'></span><span style='display:inline-block; width:18px; height:18px; background-color:#aba7ab; border-radius:3px; margin-right:3px; border:1px solid #666;' title='#aba7ab'></span><span style='display:inline-block; width:18px; height:18px; background-color:#392c39; border-radius:3px; margin-right:3px; border:1px solid #666;' title='#392c39'></span>,Grey
89,89,cz,DKaren Dámský župan Diana vanilkový,"Luxusní župan Diana značky Dkaren v vanilkové barvě. Župan je velmi příjemný a jemný na dotek.   Luxusní župan Diana značky Dkaren v vanilkové barvě. Župan je velmi příjemný a jemný na dotek. Župan je vyroben z příjemného měkkého materiálu s delším vlasem tzv.Lama, který se snadno udržuje a rychle schne. Zdobí ho kapuce, po stranách má všité kapsy a zavazuje se na pásek. Doporučujeme.    Materiál: 100% polyester",437,womens-bathrobes,Ankle boot,Ankle boot,True,True,True,False,White,0.0835,0.6722,"['#e2ded8', '#726769', '#a29fa2', '#1d1817']",custom-tag,63.83,False,Product class not explicitly described in name,"[""#e2ded9"", ""#726769"", ""#a29fa2"", ""#1d1716""]","[[226, 222, 217], [114, 103, 105], [162, 159, 162], [29, 23, 22]]","White, Grey, Black",<span style='display:inline-block; width:18px; height:18px; background-color:#e2ded9; border-radius:3px; margin-right:3px; border:1px solid #666;' title='#e2ded9'></span><span style='display:inline-block; width:18px; height:18px; background-color:#726769; border-radius:3px; margin-right:3px; border:1px solid #666;' title='#726769'></span><span style='display:inline-block; width:18px; height:18px; background-color:#a29fa2; border-radius:3px; margin-right:3px; border:1px solid #666;' title='#a29fa2'></span><span style='display:inline-block; width:18px; height:18px; background-color:#1d1716; border-radius:3px; margin-right:3px; border:1px solid #666;' title='#1d1716'></span>,White
91,91,cz,Naf Naf Krátké šaty KEUR,Naf Naf Krátké šaty KEUR Černá. K dispozici v dámské velikosti. DE 34. Dámské   Oblečení   Krátké šaty,184,dresses,Dress,Dress,False,True,False,False,Grey,0.0241,0.215,"['#373638', '#2d2d2d', '#80807e', '#d3d2d2']",custom-tag,49.81,True,Relevant keyword 'šaty' found in name,"[""#363637"", ""#2c2c2d"", ""#80807d"", ""#d9d9d9""]","[[54, 54, 55], [44, 44, 45], [128, 128, 125], [217, 217, 217]]",Grey,<span style='display:inline-block; width:18px; height:18px; background-color:#363637; border-radius:3px; margin-right:3px; border:1px solid #666;' title='#363637'></span><span style='display:inline-block; width:18px; height:18px; background-color:#2c2c2d; border-radius:3px; margin-right:3px; border:1px solid #666;' title='#2c2c2d'></span><span style='display:inline-block; width:18px; height:18px; background-color:#80807d; border-radius:3px; margin-right:3px; border:1px solid #666;' title='#80807d'></span><span style='display:inline-block; width:18px; height:18px; background-color:#d9d9d9; border-radius:3px; margin-right:3px; border:1px solid #666;' title='#d9d9d9'></span>,Grey
92,92,cz,Livia Corsetti Bodystocking Josslyn S L černá,"Kategorie: Dámské erotické prádloTyp: BodystockingVýrobce: Livia Corsetti FashionBody Livia Corsetti Josslyn se vzorem materiálu v horní části těla a rozšiřování dolů vyzdvihuje a zdůrazňuje vlastnosti ženského těla. Velmi sexy a zajímavé řešení dokáže probudit představivost a přidává pikantost. Vlastnosti:otevřený rozkrokelastická tkaninauniverzální velikost S L - ideálně se hodí pro lidi, kteří nosí velikost S, M a Lbodystocking je také ve velikosti XL XXL Materiál: 90% Polyamid, 10% ElastanTabulka velikostí Livia CorsettiVelikostObvod přes prsaObvod pasuObvod bokůS M84-9262-7488-98L XL93-10075-8299-109S L84-9662-7888-104XL XXL97-10479-88105-117S84-8862-6888-93M89-9269-7494-98L93-9675-7899-104XL97-10079-82105-109XXL101-10483-90110-117XXXL105-10891-100118-122",430,corsets-and-garter-belts,T-shirt/top,T-shirt/top,False,True,False,True,Grey,0.1151,0.5139,"['#a89c95', '#dbd0c8', '#51504f', '#29211e']",custom-tag,58.13,False,Product class not explicitly described in name,"[""#535150"", ""#a99d96"", ""#dbd0c8"", ""#29221f""]","[[83, 81, 80], [169, 157, 150], [219, 208, 200], [41, 34, 31]]","Grey, Brown",<span style='display:inline-block; width:18px; height:18px; background-color:#535150; border-radius:3px; margin-right:3px; border:1px solid #666;' title='#535150'></span><span style='display:inline-block; width:18px; height:18px; background-color:#a99d96; border-radius:3px; margin-right:3px; border:1px solid #666;' title='#a99d96'></span><span style='display:inline-block; width:18px; height:18px; background-color:#dbd0c8; border-radius:3px; margin-right:3px; border:1px solid #666;' title='#dbd0c8'></span><span style='display:inline-block; width:18px; height:18px; background-color:#29221f; border-radius:3px; margin-right:3px; border:1px solid #666;' title='#29221f'></span>,Grey
93,93,cz,Beauty Night Dorothy black Erotická souprava S M černá,"Kategorie: Dámské erotické prádloTyp: Erotické korzety Výrobce: Beauty Night FashionElegantní souprava Dorothy Beauty Night fashion. Souprava je vyrobena v kombinaci lesklé látky a jemného tylu. Košíčky jsou vyztuženy kosticemi. Přední část zdobí rafinované šněrování. V dolní části jsou gumové podvazkové pásy. Tanga jsou součástí soupravy. Produkt je balený v dárkovém pytlíčku, který je ideální pro skladování. V elegantní krabičce s obrázkem zboží, které je uvnitř balení a s logem Beauty Night Fashion.Materiál: 88% poliester, 12% elastanZkontrolujte svou velikost - Tabulka velikostí Beauty Night Fashion",430,corsets-and-garter-belts,Bag,Bag,False,True,False,True,Red,0.3919,0.4793,"['#271916', '#dfe0c5', '#cf982c', '#8d8a8b']",custom-tag,85.78,False,Product class not explicitly described in name,"[""#271a16"", ""#e0e1c5"", ""#928f91"", ""#ce982c""]","[[39, 26, 22], [224, 225, 197], [146, 143, 145], [206, 152, 44]]","Red, Grey, Orange",<span style='display:inline-block; width:18px; height:18px; background-color:#271a16; border-radius:3px; margin-right:3px; border:1px solid #666;' title='#271a16'></span><span style='display:inline-block; width:18px; height:18px; background-color:#e0e1c5; border-radius:3px; margin-right:3px; border:1px solid #666;' title='#e0e1c5'></span><span style='display:inline-block; width:18px; height:18px; background-color:#928f91; border-radius:3px; margin-right:3px; border:1px solid #666;' title='#928f91'></span><span style='display:inline-block; width:18px; height:18px; background-color:#ce982c; border-radius:3px; margin-right:3px; border:1px solid #666;' title='#ce982c'></span>,Red
94,94,cz,Andalea MC 9003 Pánské boxerky L XL červená,"Kategorie: Pánské erotické prádlo Typ: Sexy boxerky Výrobce: AndaleaBoxerky plné žáru a temperamentu od firmy Andalea. Klasický model byl ušit z netradiční latexové, sexy červené látky. Jestli má Tvůj muž smysl pro humor, je odvážný, má rád převleky, nebo prostě pro Tebe udělá vše, tak je tento model pro něj přímo stvořený! Všimněte si zajímavých černých detailů: vodorovné gumičky, která přidržuje celek, a svislého lemování, které spolu se zipem zvýrazňuje mužské přednosti. Velmi přitažlivé, že ano? Takovéto nové, lehce prudérní převtělení muže zve ke společným hrátkám! Nový úhel pohledu na pánské spodní prádlo!Zkontrolujte svou velikost - Tabulka velikostí Andalea",6133,mens-undergarments,Trouser,Trouser,True,False,False,False,White,0.1454,0.8816,"['#ede1e0', '#9c0f23', '#390a0c', '#d95c68']",custom-tag,30.41,True,Relevant keyword 'boxerky' found in name,"[""#ede1e0"", ""#a01126"", ""#3b0a0d"", ""#de6d76""]","[[237, 225, 224], [160, 17, 38], [59, 10, 13], [222, 109, 118]]","White, Red",<span style='display:inline-block; width:18px; height:18px; background-color:#ede1e0; border-radius:3px; margin-right:3px; border:1px solid #666;' title='#ede1e0'></span><span style='display:inline-block; width:18px; height:18px; background-color:#a01126; border-radius:3px; margin-right:3px; border:1px solid #666;' title='#a01126'></span><span style='display:inline-block; width:18px; height:18px; background-color:#3b0a0d; border-radius:3px; margin-right:3px; border:1px solid #666;' title='#3b0a0d'></span><span style='display:inline-block; width:18px; height:18px; background-color:#de6d76; border-radius:3px; margin-right:3px; border:1px solid #666;' title='#de6d76'></span>,White
95,95,cz,Irall Desiree černá Sukně L černá,"Sexy mini sukně je vyrobená z kvalitní, lesklé látky V-lack. Sukně je velmi smylná. Složení: 80% polyamid, 20% elastan.",234,womens-skirts,Dress,Dress,True,True,True,True,White,0.1377,0.6724,"['#f7f4ec', '#29211d', '#d6ccc3', '#837c75']",custom-tag,59.52,True,Relevant keyword 'sukně' found in name,"[""#f7f3eb"", ""#2a211d"", ""#d5cbc1"", ""#817b74""]","[[247, 243, 235], [42, 33, 29], [213, 203, 193], [129, 123, 116]]","White, Brown, Grey",<span style='display:inline-block; width:18px; height:18px; background-color:#f7f3eb; border-radius:3px; margin-right:3px; border:1px solid #666;' title='#f7f3eb'></span><span style='display:inline-block; width:18px; height:18px; background-color:#2a211d; border-radius:3px; margin-right:3px; border:1px solid #666;' title='#2a211d'></span><span style='display:inline-block; width:18px; height:18px; background-color:#d5cbc1; border-radius:3px; margin-right:3px; border:1px solid #666;' title='#d5cbc1'></span><span style='display:inline-block; width:18px; height:18px; background-color:#817b74; border-radius:3px; margin-right:3px; border:1px solid #666;' title='#817b74'></span>,White
96,96,cz,Lola Krátké šaty RUPTURE TYPHON,Lola Krátké šaty RUPTURE TYPHON Šedá. K dispozici v dámské velikosti. DE 34. Dámské   Oblečení   Krátké šaty,184,dresses,Dress,Dress,False,True,False,True,Navy Blue,0.2835,0.3165,"['#343a49', '#3e4557', '#212327', '#bbbdc1']",custom-tag,52.0,True,Relevant keyword 'šaty' found in name,"[""#343a49"", ""#3e4557"", ""#212327"", ""#c1c3c8""]","[[52, 58, 73], [62, 69, 87], [33, 35, 39], [193, 195, 200]]","Navy Blue, Grey",<span style='display:inline-block; width:18px; height:18px; background-color:#343a49; border-radius:3px; margin-right:3px; border:1px solid #666;' title='#343a49'></span><span style='display:inline-block; width:18px; height:18px; background-color:#3e4557; border-radius:3px; margin-right:3px; border:1px solid #666;' title='#3e4557'></span><span style='display:inline-block; width:18px; height:18px; background-color:#212327; border-radius:3px; margin-right:3px; border:1px solid #666;' title='#212327'></span><span style='display:inline-block; width:18px; height:18px; background-color:#c1c3c8; border-radius:3px; margin-right:3px; border:1px solid #666;' title='#c1c3c8'></span>,Navy Blue
97,97,cz,Naf Naf Krátké šaty LYJO,Naf Naf Krátké šaty LYJO Černá. K dispozici v dámské velikosti. DE 32. Dámské   Oblečení   Krátké šaty,184,dresses,Dress,Dress,False,True,False,False,Grey,0.068,0.2517,"['#343130', '#403d3e', '#797573', '#dbd8d6']",custom-tag,59.32,True,Relevant keyword 'šaty' found in name,"[""#343131"", ""#413e3e"", ""#817e7b"", ""#dcdad7""]","[[52, 49, 49], [65, 62, 62], [129, 126, 123], [220, 218, 215]]",Grey,<span style='display:inline-block; width:18px; height:18px; background-color:#343131; border-radius:3px; margin-right:3px; border:1px solid #666;' title='#343131'></span><span style='display:inline-block; width:18px; height:18px; background-color:#413e3e; border-radius:3px; margin-right:3px; border:1px solid #666;' title='#413e3e'></span><span style='display:inline-block; width:18px; height:18px; background-color:#817e7b; border-radius:3px; margin-right:3px; border:1px solid #666;' title='#817e7b'></span><span style='display:inline-block; width:18px; height:18px; background-color:#dcdad7; border-radius:3px; margin-right:3px; border:1px solid #666;' title='#dcdad7'></span>,Grey
98,98,cz,Tanga Gabidar 121,Tanga Gabidar 121.,5382,panties-and-thongs,Trouser,Trouser,False,True,False,False,White,0.0671,0.8704,"['#eee6e5', '#dacece', '#beafac', '#4c748b']",custom-tag,38.44,False,Product class not explicitly described in name,"[""#ede5e4"", ""#d9cdcc"", ""#bdadab"", ""#4a758d""]","[[237, 229, 228], [217, 205, 204], [189, 173, 171], [74, 117, 141]]","White, Grey, Blue",<span style='display:inline-block; width:18px; height:18px; background-color:#ede5e4; border-radius:3px; margin-right:3px; border:1px solid #666;' title='#ede5e4'></span><span style='display:inline-block; width:18px; height:18px; background-color:#d9cdcc; border-radius:3px; margin-right:3px; border:1px solid #666;' title='#d9cdcc'></span><span style='display:inline-block; width:18px; height:18px; background-color:#bdadab; border-radius:3px; margin-right:3px; border:1px solid #666;' title='#bdadab'></span><span style='display:inline-block; width:18px; height:18px; background-color:#4a758d; border-radius:3px; margin-right:3px; border:1px solid #666;' title='#4a758d'></span>,White
100,100,cz,Naf Naf Krátké šaty LYLOMA,Naf Naf Krátké šaty LYLOMA Černá. K dispozici v dámské velikosti. DE 34. Dámské   Oblečení   Krátké šaty,184,dresses,Shirt,Shirt,False,True,False,False,Black,0.1035,0.1785,"['#262226', '#2e2b2e', '#ceccce', '#716f70']",custom-tag,78.61,False,Product class not explicitly described in name,"[""#262226"", ""#2e2a2d"", ""#c7c5c6"", ""#656364""]","[[38, 34, 38], [46, 42, 45], [199, 197, 198], [101, 99, 100]]","Black, Grey",<span style='display:inline-block; width:18px; height:18px; background-color:#262226; border-radius:3px; margin-right:3px; border:1px solid #666;' title='#262226'></span><span style='display:inline-block; width:18px; height:18px; background-color:#2e2a2d; border-radius:3px; margin-right:3px; border:1px solid #666;' title='#2e2a2d'></span><span style='display:inline-block; width:18px; height:18px; background-color:#c7c5c6; border-radius:3px; margin-right:3px; border:1px solid #666;' title='#c7c5c6'></span><span style='display:inline-block; width:18px; height:18px; background-color:#656364; border-radius:3px; margin-right:3px; border:1px solid #666;' title='#656364'></span>,Black
101,101,cz,Dámský overal Katrus K178 tyrkysový,"Dámský sportovní overal, v pase na stažení, po stranách na bocích kapsy a na prsou kapsička. Zapínání na zip. Příjemný mate",853,womens-jumpsuits,Dress,Dress,True,True,True,False,White,0.0712,0.9086,"['#e3f1ed', '#d5dfd9', '#b8b1a7', '#3b2c26']",custom-tag,27.95,False,Product class not explicitly described in name,"[""#e2f1ed"", ""#d5dfd8"", ""#b7b1a7"", ""#392a24""]","[[226, 241, 237], [213, 223, 216], [183, 177, 167], [57, 42, 36]]","White, Grey, Brown",<span style='display:inline-block; width:18px; height:18px; background-color:#e2f1ed; border-radius:3px; margin-right:3px; border:1px solid #666;' title='#e2f1ed'></span><span style='display:inline-block; width:18px; height:18px; background-color:#d5dfd8; border-radius:3px; margin-right:3px; border:1px solid #666;' title='#d5dfd8'></span><span style='display:inline-block; width:18px; height:18px; background-color:#b7b1a7; border-radius:3px; margin-right:3px; border:1px solid #666;' title='#b7b1a7'></span><span style='display:inline-block; width:18px; height:18px; background-color:#392a24; border-radius:3px; margin-right:3px; border:1px solid #666;' title='#392a24'></span>,White
102,102,cz,Dámské šaty Kartes KM52 černé,"Krásné elegantní šaty klasického pouzdrového střihu, vrchní díl z krajky podšité béžovou látkou, úzká",184,dresses,Dress,Dress,False,True,False,True,Purple,0.1329,0.4978,"['#2e2a32', '#ece9e8', '#1a151a', '#7b6e6b']",custom-tag,31.17,True,Relevant keyword 'šaty' found in name,"[""#2f2b33"", ""#ece9e8"", ""#1a161b"", ""#817572""]","[[47, 43, 51], [236, 233, 232], [26, 22, 27], [129, 117, 114]]","Purple, White, Black, Grey",<span style='display:inline-block; width:18px; height:18px; background-color:#2f2b33; border-radius:3px; margin-right:3px; border:1px solid #666;' title='#2f2b33'></span><span style='display:inline-block; width:18px; height:18px; background-color:#ece9e8; border-radius:3px; margin-right:3px; border:1px solid #666;' title='#ece9e8'></span><span style='display:inline-block; width:18px; height:18px; background-color:#1a161b; border-radius:3px; margin-right:3px; border:1px solid #666;' title='#1a161b'></span><span style='display:inline-block; width:18px; height:18px; background-color:#817572; border-radius:3px; margin-right:3px; border:1px solid #666;' title='#817572'></span>,Purple
103,103,cz,Dámský overal Figl M236 bílohnědý,"Elegantní dámský overal volnějšího střihu, v pase do gumy, za krkem na zavázání. Barva: bílá hnědá",853,womens-jumpsuits,Dress,Dress,True,True,True,False,White,0.1025,0.8168,"['#efeeeb', '#bda2a1', '#a38687', '#301e17']",custom-tag,46.38,False,Product class not explicitly described in name,"[""#efeeeb"", ""#bca1a0"", ""#a18486"", ""#331f18""]","[[239, 238, 235], [188, 161, 160], [161, 132, 134], [51, 31, 24]]","White, Grey, Pink, Brown",<span style='display:inline-block; width:18px; height:18px; background-color:#efeeeb; border-radius:3px; margin-right:3px; border:1px solid #666;' title='#efeeeb'></span><span style='display:inline-block; width:18px; height:18px; background-color:#bca1a0; border-radius:3px; margin-right:3px; border:1px solid #666;' title='#bca1a0'></span><span style='display:inline-block; width:18px; height:18px; background-color:#a18486; border-radius:3px; margin-right:3px; border:1px solid #666;' title='#a18486'></span><span style='display:inline-block; width:18px; height:18px; background-color:#331f18; border-radius:3px; margin-right:3px; border:1px solid #666;' title='#331f18'></span>,White
104,104,cz,Dámský overal Figl M236 oranžovošedý,"Elegantní dámský overal volnějšího střihu, v pase do gumy, za krkem na zavázání. Barva: oranžová šedá",853,womens-jumpsuits,Dress,Dress,True,True,True,False,Grey,0.1392,0.6469,"['#807387', '#edeef1', '#e0b2af', '#35221e']",custom-tag,36.08,False,Product class not explicitly described in name,"[""#807387"", ""#edeef1"", ""#e1b2af"", ""#33201c""]","[[128, 115, 135], [237, 238, 241], [225, 178, 175], [51, 32, 28]]","Grey, White, Pink, Red",<span style='display:inline-block; width:18px; height:18px; background-color:#807387; border-radius:3px; margin-right:3px; border:1px solid #666;' title='#807387'></span><span style='display:inline-block; width:18px; height:18px; background-color:#edeef1; border-radius:3px; margin-right:3px; border:1px solid #666;' title='#edeef1'></span><span style='display:inline-block; width:18px; height:18px; background-color:#e1b2af; border-radius:3px; margin-right:3px; border:1px solid #666;' title='#e1b2af'></span><span style='display:inline-block; width:18px; height:18px; background-color:#33201c; border-radius:3px; margin-right:3px; border:1px solid #666;' title='#33201c'></span>,Grey
105,105,cz,Dámský overal Figl M236 bílozelený,"Elegantní dámský overal volnějšího střihu, v pase do gumy, za krkem na zavázání. Barva: bílá zelená",853,womens-jumpsuits,Dress,Dress,True,True,True,False,Grey,0.0627,0.6961,"['#8e9085', '#f0f0ee', '#70726a', '#c8c0b8']",custom-tag,46.73,False,Product class not explicitly described in name,"[""#8e9085"", ""#f0f0ee"", ""#70736b"", ""#cbc2b9""]","[[142, 144, 133], [240, 240, 238], [112, 115, 107], [203, 194, 185]]","Grey, White",<span style='display:inline-block; width:18px; height:18px; background-color:#8e9085; border-radius:3px; margin-right:3px; border:1px solid #666;' title='#8e9085'></span><span style='display:inline-block; width:18px; height:18px; background-color:#f0f0ee; border-radius:3px; margin-right:3px; border:1px solid #666;' title='#f0f0ee'></span><span style='display:inline-block; width:18px; height:18px; background-color:#70736b; border-radius:3px; margin-right:3px; border:1px solid #666;' title='#70736b'></span><span style='display:inline-block; width:18px; height:18px; background-color:#cbc2b9; border-radius:3px; margin-right:3px; border:1px solid #666;' title='#cbc2b9'></span>,Grey
106,106,cz,Společenské šaty s krajkou Katrus K068 smetanové,"Společenské minišaty s tříčtvrtečními rukávy, áčkovou sukní a dvěma krajkovými vsadkami v horním díle. Barva:",184,dresses,Shirt,Shirt,False,True,False,False,White,0.0165,0.9122,"['#eae9e7', '#e1dfdc', '#d5d0cb', '#9e5840']",custom-tag,65.18,False,Product class not explicitly described in name,"[""#eae9e7"", ""#e1dfdc"", ""#d5d0cc"", ""#a05b45""]","[[234, 233, 231], [225, 223, 220], [213, 208, 204], [160, 91, 69]]","White, Grey, Red",<span style='display:inline-block; width:18px; height:18px; background-color:#eae9e7; border-radius:3px; margin-right:3px; border:1px solid #666;' title='#eae9e7'></span><span style='display:inline-block; width:18px; height:18px; background-color:#e1dfdc; border-radius:3px; margin-right:3px; border:1px solid #666;' title='#e1dfdc'></span><span style='display:inline-block; width:18px; height:18px; background-color:#d5d0cc; border-radius:3px; margin-right:3px; border:1px solid #666;' title='#d5d0cc'></span><span style='display:inline-block; width:18px; height:18px; background-color:#a05b45; border-radius:3px; margin-right:3px; border:1px solid #666;' title='#a05b45'></span>,White
107,107,cz,Dámská halenka Katrus K008 modrá,Elegantní jednoduchá dámská halenka - kabátek v nepřehlédnutelné barvě. Barva: modráMateriál:,6,womens-blouses-and-shirts,Shirt,Shirt,True,True,True,True,White,0.3685,0.8051,"['#e3e1e5', '#0946b0', '#393145', '#9695a9']",custom-tag,35.85,True,Relevant keyword 'halenka' found in name,"[""#e3e1e5"", ""#0946b0"", ""#3a3144"", ""#8f90a8""]","[[227, 225, 229], [9, 70, 176], [58, 49, 68], [143, 144, 168]]","White, Blue, Purple, Grey",<span style='display:inline-block; width:18px; height:18px; background-color:#e3e1e5; border-radius:3px; margin-right:3px; border:1px solid #666;' title='#e3e1e5'></span><span style='display:inline-block; width:18px; height:18px; background-color:#0946b0; border-radius:3px; margin-right:3px; border:1px solid #666;' title='#0946b0'></span><span style='display:inline-block; width:18px; height:18px; background-color:#3a3144; border-radius:3px; margin-right:3px; border:1px solid #666;' title='#3a3144'></span><span style='display:inline-block; width:18px; height:18px; background-color:#8f90a8; border-radius:3px; margin-right:3px; border:1px solid #666;' title='#8f90a8'></span>,White
108,108,cz,Dámská halenka Katrus K008 zelená,Elegantní jednoduchá dámská halenka - kabátek v nepřehlédnutelné barvě. Barva: zelenáMateriál:,6,womens-blouses-and-shirts,Shirt,Shirt,True,True,True,True,White,0.2944,0.8751,"['#dfe4e8', '#19d2d4', '#a8c4ca', '#558e8f']",custom-tag,24.92,True,Relevant keyword 'halenka' found in name,"[""#e0e4e9"", ""#18d2d3"", ""#b3c7cd"", ""#679e9e""]","[[224, 228, 233], [24, 210, 211], [179, 199, 205], [103, 158, 158]]","White, Cyan/Turquoise, Grey",<span style='display:inline-block; width:18px; height:18px; background-color:#e0e4e9; border-radius:3px; margin-right:3px; border:1px solid #666;' title='#e0e4e9'></span><span style='display:inline-block; width:18px; height:18px; background-color:#18d2d3; border-radius:3px; margin-right:3px; border:1px solid #666;' title='#18d2d3'></span><span style='display:inline-block; width:18px; height:18px; background-color:#b3c7cd; border-radius:3px; margin-right:3px; border:1px solid #666;' title='#b3c7cd'></span><span style='display:inline-block; width:18px; height:18px; background-color:#679e9e; border-radius:3px; margin-right:3px; border:1px solid #666;' title='#679e9e'></span>,White
109,109,cz,Dámská halenka Katrus K133 smetanová,"Krásná bavlněná halenka s volnými rameny, kolem výstřihu, v dolním lemu a na rukávech guma. Barva: smetanová",6,womens-blouses-and-shirts,Shirt,Shirt,True,True,True,False,White,0.0807,0.8543,"['#ece8e6', '#182339', '#b4a69f', '#34445b']",custom-tag,30.1,True,Relevant keyword 'halenka' found in name,"[""#ece8e6"", ""#162137"", ""#b5a7a0"", ""#32425a""]","[[236, 232, 230], [22, 33, 55], [181, 167, 160], [50, 66, 90]]","White, Navy Blue, Grey",<span style='display:inline-block; width:18px; height:18px; background-color:#ece8e6; border-radius:3px; margin-right:3px; border:1px solid #666;' title='#ece8e6'></span><span style='display:inline-block; width:18px; height:18px; background-color:#162137; border-radius:3px; margin-right:3px; border:1px solid #666;' title='#162137'></span><span style='display:inline-block; width:18px; height:18px; background-color:#b5a7a0; border-radius:3px; margin-right:3px; border:1px solid #666;' title='#b5a7a0'></span><span style='display:inline-block; width:18px; height:18px; background-color:#32425a; border-radius:3px; margin-right:3px; border:1px solid #666;' title='#32425a'></span>,White
110,110,cz,Dámská halenka Katrus K138 smetanová,"Elegantní dámská halenka z průsvitného materiálu, volnější střih, zkrácené rukávy, saténové lemování.",6,womens-blouses-and-shirts,Bag,Bag,True,True,True,False,White,0.0722,0.8627,"['#ede9e7', '#dad0cd', '#1e2940', '#b2a49e']",custom-tag,75.39,False,Product class not explicitly described in name,"[""#edeae8"", ""#dbd1ce"", ""#1f2a40"", ""#b6a8a2""]","[[237, 234, 232], [219, 209, 206], [31, 42, 64], [182, 168, 162]]","White, Grey, Navy Blue",<span style='display:inline-block; width:18px; height:18px; background-color:#edeae8; border-radius:3px; margin-right:3px; border:1px solid #666;' title='#edeae8'></span><span style='display:inline-block; width:18px; height:18px; background-color:#dbd1ce; border-radius:3px; margin-right:3px; border:1px solid #666;' title='#dbd1ce'></span><span style='display:inline-block; width:18px; height:18px; background-color:#1f2a40; border-radius:3px; margin-right:3px; border:1px solid #666;' title='#1f2a40'></span><span style='display:inline-block; width:18px; height:18px; background-color:#b6a8a2; border-radius:3px; margin-right:3px; border:1px solid #666;' title='#b6a8a2'></span>,White
111,111,cz,Andalea MC 9005 Pánské boxerky L XL černá,"Kategorie: Pánské erotické prádlo Typ: Sexy boxerky Výrobce: AndaleaTradiční styl pánských, elastických boxerek, které jsou bezostyšně přešité přímo uprostřed zipem, který umožňuje rychlé odhalení toho, co zahalují. Pohodlná, jemná látka krásně obepíná mužské tělo a způsobuje, že se majitel cítí velmi pohodlně. Boxerky Andalea z nové kolekce, spojují moderní pojetí mužské sexuality s elegancí, oblíbenou mezi ženami. Zkušenosti ve světě spodního prádla nám říkají, že tento střih bude hit na příštích pár sezón a vyplatí se ho mít ve svém šuplíku s pánským spodním prádlem!Zkontrolujte svou velikost - Tabulka velikostí Andalea",6133,mens-undergarments,Trouser,Trouser,True,False,False,False,White,0.0814,0.8668,"['#f6edec', '#efe5e4', '#160e14', '#a98a8a']",custom-tag,26.96,True,Relevant keyword 'boxerky' found in name,"[""#f3eae9"", ""#150d13"", ""#bc9697"", ""#4c3f42""]","[[243, 234, 233], [21, 13, 19], [188, 150, 151], [76, 63, 66]]","White, Black, Pink",<span style='display:inline-block; width:18px; height:18px; background-color:#f3eae9; border-radius:3px; margin-right:3px; border:1px solid #666;' title='#f3eae9'></span><span style='display:inline-block; width:18px; height:18px; background-color:#150d13; border-radius:3px; margin-right:3px; border:1px solid #666;' title='#150d13'></span><span style='display:inline-block; width:18px; height:18px; background-color:#bc9697; border-radius:3px; margin-right:3px; border:1px solid #666;' title='#bc9697'></span><span style='display:inline-block; width:18px; height:18px; background-color:#4c3f42; border-radius:3px; margin-right:3px; border:1px solid #666;' title='#4c3f42'></span>,White
113,113,cz,NoName Luxusní stylové plavky se zlatým lemováním fialové,"Dámské dvoudílné fialové plavky - bikiny.   Plavky jsou dvoudílné, podšité, s vyjímatelnými vycpávkami, zavazování za krkem, zapínání na zádech. Díky perfektnímu střihu horní díl skvěle vytvaruje každé poprsí. Zdobené zlatým pleteným lemem. Na velikost košíčků 1-2.   Materiál: 90% polyester, 10% Elastan   Rozměry: vrchní díl: obvod 72-95cm, výška 14cm spodní díl: obvod 62-84cm pro obvod přes boky max 95cm",201,bikinis,Bag,Bag,False,True,False,True,Pink/Magenta,0.6319,0.4805,"['#7b2664', '#653925', '#9a5964', '#f1e1d6']",custom-tag,100.0,False,Product class not explicitly described in name,"[""#7b2664"", ""#653925"", ""#9a5964"", ""#f1e1d6""]","[[123, 38, 100], [101, 57, 37], [154, 89, 100], [241, 225, 214]]","Pink/Magenta, Brown, Red, White",<span style='display:inline-block; width:18px; height:18px; background-color:#7b2664; border-radius:3px; margin-right:3px; border:1px solid #666;' title='#7b2664'></span><span style='display:inline-block; width:18px; height:18px; background-color:#653925; border-radius:3px; margin-right:3px; border:1px solid #666;' title='#653925'></span><span style='display:inline-block; width:18px; height:18px; background-color:#9a5964; border-radius:3px; margin-right:3px; border:1px solid #666;' title='#9a5964'></span><span style='display:inline-block; width:18px; height:18px; background-color:#f1e1d6; border-radius:3px; margin-right:3px; border:1px solid #666;' title='#f1e1d6'></span>,Pink/Magenta
114,114,cz,Dámská halenka pruhy F&F,"Dámská strečová halenka s tříčtvrtečním rukávem.   Komfortní, velmi příjemný materiál,který v kombinaci s delším provedením nepřidává na objemu. Efektně provedený lodičkový výstřih s bočními vsadkami.  Rozměry : obvod přes prsa 94cm obvod pas 87cm, obvod spodního okraje 101cm délka 70,5cm  Materiál: 95%bavlna,5% elastan",6,womens-blouses-and-shirts,Shirt,Shirt,True,True,True,True,Grey,0.2446,0.5854,"['#d3dbd9', '#1c2239', '#a7acb0', '#735370']",custom-tag,50.53,True,Relevant keyword 'halenka' found in name,"[""#d4dcda"", ""#1c2239"", ""#aab0b2"", ""#70546f""]","[[212, 220, 218], [28, 34, 57], [170, 176, 178], [112, 84, 111]]","Grey, Navy Blue, Pink/Magenta",<span style='display:inline-block; width:18px; height:18px; background-color:#d4dcda; border-radius:3px; margin-right:3px; border:1px solid #666;' title='#d4dcda'></span><span style='display:inline-block; width:18px; height:18px; background-color:#1c2239; border-radius:3px; margin-right:3px; border:1px solid #666;' title='#1c2239'></span><span style='display:inline-block; width:18px; height:18px; background-color:#aab0b2; border-radius:3px; margin-right:3px; border:1px solid #666;' title='#aab0b2'></span><span style='display:inline-block; width:18px; height:18px; background-color:#70546f; border-radius:3px; margin-right:3px; border:1px solid #666;' title='#70546f'></span>,Grey
115,115,cz,American Retro Krátké šaty JOSEPH,American Retro Krátké šaty JOSEPH Černá. K dispozici v dámské velikosti. DE 32. Dámské   Oblečení   Krátké šaty,184,dresses,Shirt,Shirt,False,True,False,False,Grey,0.0702,0.149,"['#262628', '#18181a', '#7f7a7c', '#d1d0d1']",custom-tag,78.33,False,Product class not explicitly described in name,"[""#272729"", ""#19191b"", ""#787173"", ""#cac9ca""]","[[39, 39, 41], [25, 25, 27], [120, 113, 115], [202, 201, 202]]","Grey, Black",<span style='display:inline-block; width:18px; height:18px; background-color:#272729; border-radius:3px; margin-right:3px; border:1px solid #666;' title='#272729'></span><span style='display:inline-block; width:18px; height:18px; background-color:#19191b; border-radius:3px; margin-right:3px; border:1px solid #666;' title='#19191b'></span><span style='display:inline-block; width:18px; height:18px; background-color:#787173; border-radius:3px; margin-right:3px; border:1px solid #666;' title='#787173'></span><span style='display:inline-block; width:18px; height:18px; background-color:#cac9ca; border-radius:3px; margin-right:3px; border:1px solid #666;' title='#cac9ca'></span>,Grey
116,116,cz,Beauty Night Eveline white Erotické šaty XXL bílá,"Kategorie: Dámské erotické prádloTyp: Erotické šatyVýrobce: Beauty Night FashionElegantní a sexy šaty Eveline Beauty Night fashion jsou vyrobeny z příjemného pružného materiálu obepínajícího postavu. Měkké podprsenkové košíčky vyztuženy kosticemi zdobí černý lem z elastického saténu. Mezi košíčky je koketní mašlička. Zadní část tvoří hluboký výstřih zdobený nápaditým šněrováním. K šatům jsou napevno přišity černé podvazkové pásky, které mohou být použity pro přidržení punčocháčů. Punčocháče nejsou součástí balení. V případě, že nejsou punčocháče použity podvazky z pod volánku nevyčnívají. Jednoduchá tanga jsou součástí balení.Produkt je dodáván v dárkovém pytlíčku, který je ideální pro skladování a to vše je zabaleno v krabičce s fotografií příslušného zboží. Zkontrolujte svou velikost - Tabulka velikostí Beauty Night Fashion",39577,womens-hosiery,Shirt,Shirt,True,True,True,True,White,0.2252,0.6331,"['#eee9ea', '#25140f', '#d0c0bc', '#675146']",custom-tag,63.73,False,Product class not explicitly described in name,"[""#eee9ea"", ""#26150f"", ""#d1c0bc"", ""#6a564c""]","[[238, 233, 234], [38, 21, 15], [209, 192, 188], [106, 86, 76]]","White, Black, Grey, Orange",<span style='display:inline-block; width:18px; height:18px; background-color:#eee9ea; border-radius:3px; margin-right:3px; border:1px solid #666;' title='#eee9ea'></span><span style='display:inline-block; width:18px; height:18px; background-color:#26150f; border-radius:3px; margin-right:3px; border:1px solid #666;' title='#26150f'></span><span style='display:inline-block; width:18px; height:18px; background-color:#d1c0bc; border-radius:3px; margin-right:3px; border:1px solid #666;' title='#d1c0bc'></span><span style='display:inline-block; width:18px; height:18px; background-color:#6a564c; border-radius:3px; margin-right:3px; border:1px solid #666;' title='#6a564c'></span>,White
117,117,cz,Obsessive Souprava Punker dress S M černá,"Kategorie: Dámské erotické prádlo Typ: Sexy šaty Výrobce: ObsessiveFrivolní, sexy šatičky Punker dress Obsessive obsahuje top a mini sukni v jednom. Vrchní část je vyrobená ze síťoviny s volnými, širokými rukávy, spodní část je z příjemné, upnuté, elastické látky. Zadní strana je identická s přední.Součástí šatů jsou sexy tanga.Materiál: 90% Polyamid + 10% ElastanZkontrolujte svou velikost - Tabulka velikostí Obsessive",5382,panties-and-thongs,Bag,Bag,False,True,False,True,Purple,0.2851,0.2641,"['#584c5f', '#110b0b', '#35282d', '#fefcff']",custom-tag,99.9,False,Product class not explicitly described in name,"[""#584c5f"", ""#110b0c"", ""#362a30"", ""#fefcfe""]","[[88, 76, 95], [17, 11, 12], [54, 42, 48], [254, 252, 254]]","Purple, Black, Pink/Magenta, White",<span style='display:inline-block; width:18px; height:18px; background-color:#584c5f; border-radius:3px; margin-right:3px; border:1px solid #666;' title='#584c5f'></span><span style='display:inline-block; width:18px; height:18px; background-color:#110b0c; border-radius:3px; margin-right:3px; border:1px solid #666;' title='#110b0c'></span><span style='display:inline-block; width:18px; height:18px; background-color:#362a30; border-radius:3px; margin-right:3px; border:1px solid #666;' title='#362a30'></span><span style='display:inline-block; width:18px; height:18px; background-color:#fefcfe; border-radius:3px; margin-right:3px; border:1px solid #666;' title='#fefcfe'></span>,Purple
118,118,cz,Andalea MC 9004 Pánské boxerky L XL černá,"Kategorie: Pánské erotické prádlo Typ: Sexy boxerky Výrobce: AndaleaSkutečný macho, to jsou boxerky od firmy Andalea! Moderní spodní prádlo, a především to pánské, se v dnešních dobách vyvíjí zajímavým směrem. Latex se nám většinou pojí s erotickým spodním prádlem, ale tento model je úplně z jiného světa, ve kterém se pojí každodenní styl se smyslností. Boxerky jsou celé ušité z latexové, černé, elastické látky, která krásně ladí s postavou. Muž by řekl, takové vyladění postavy, jak podmanivé, ukazující odvahu majitele, sexy pocit vlastní erotické hodnoty! Černé, nelesklé lemování kolem mužské chlouby a ten stříbrný zip uprostřed! Vytvořte své nové erotické příběhy s účastí těchto boxerek.Zkontrolujte svou velikost - Tabulka velikostí Andalea",6133,mens-undergarments,Trouser,Trouser,True,False,False,False,White,0.0878,0.8447,"['#f7ebea', '#ebe0df', '#1f151a', '#6d6067']",custom-tag,40.2,True,Relevant keyword 'boxerky' found in name,"[""#f7ebea"", ""#ebe0e0"", ""#20161b"", ""#6b5e65""]","[[247, 235, 234], [235, 224, 224], [32, 22, 27], [107, 94, 101]]","White, Black, Grey",<span style='display:inline-block; width:18px; height:18px; background-color:#f7ebea; border-radius:3px; margin-right:3px; border:1px solid #666;' title='#f7ebea'></span><span style='display:inline-block; width:18px; height:18px; background-color:#ebe0e0; border-radius:3px; margin-right:3px; border:1px solid #666;' title='#ebe0e0'></span><span style='display:inline-block; width:18px; height:18px; background-color:#20161b; border-radius:3px; margin-right:3px; border:1px solid #666;' title='#20161b'></span><span style='display:inline-block; width:18px; height:18px; background-color:#6b5e65; border-radius:3px; margin-right:3px; border:1px solid #666;' title='#6b5e65'></span>,White
120,120,cz,Naf Naf Krátké šaty ECAPS,Naf Naf Krátké šaty ECAPS ruznobarevne. K dispozici v dámské velikosti. DE 34. Dámské   Oblečení   Krátké šaty,184,dresses,T-shirt/top,T-shirt/top,False,True,False,True,Navy Blue,0.2332,0.4932,"['#2b2f35', '#5f7364', '#e0e3ce', '#a3aa96']",custom-tag,80.59,False,Product class not explicitly described in name,"[""#2b2e34"", ""#5e7162"", ""#dfe1cc"", ""#9ea692""]","[[43, 46, 52], [94, 113, 98], [223, 225, 204], [158, 166, 146]]","Navy Blue, Green, White, Grey",<span style='display:inline-block; width:18px; height:18px; background-color:#2b2e34; border-radius:3px; margin-right:3px; border:1px solid #666;' title='#2b2e34'></span><span style='display:inline-block; width:18px; height:18px; background-color:#5e7162; border-radius:3px; margin-right:3px; border:1px solid #666;' title='#5e7162'></span><span style='display:inline-block; width:18px; height:18px; background-color:#dfe1cc; border-radius:3px; margin-right:3px; border:1px solid #666;' title='#dfe1cc'></span><span style='display:inline-block; width:18px; height:18px; background-color:#9ea692; border-radius:3px; margin-right:3px; border:1px solid #666;' title='#9ea692'></span>,Navy Blue
121,121,cz,Naf Naf Krátké šaty LYMELL,Naf Naf Krátké šaty LYMELL Bílá. K dispozici v dámské velikosti. DE 34. Dámské   Oblečení   Krátké šaty,184,dresses,Dress,Dress,False,True,False,False,White,0.0497,0.8762,"['#e1ded5', '#e9e6e0', '#d7d3cb', '#c3bfb9']",custom-tag,23.08,True,Relevant keyword 'šaty' found in name,"[""#e1ded6"", ""#e9e6df"", ""#d8d4cc"", ""#c2beb8""]","[[225, 222, 214], [233, 230, 223], [216, 212, 204], [194, 190, 184]]","White, Grey",<span style='display:inline-block; width:18px; height:18px; background-color:#e1ded6; border-radius:3px; margin-right:3px; border:1px solid #666;' title='#e1ded6'></span><span style='display:inline-block; width:18px; height:18px; background-color:#e9e6df; border-radius:3px; margin-right:3px; border:1px solid #666;' title='#e9e6df'></span><span style='display:inline-block; width:18px; height:18px; background-color:#d8d4cc; border-radius:3px; margin-right:3px; border:1px solid #666;' title='#d8d4cc'></span><span style='display:inline-block; width:18px; height:18px; background-color:#c2beb8; border-radius:3px; margin-right:3px; border:1px solid #666;' title='#c2beb8'></span>,White
122,122,cz,Pepe jeans Kapsáčové kalhoty VENUS,Pepe jeans Kapsáčové kalhoty VENUS Černá. K dispozici v dámské velikosti. US 34   32. Dámské   Oblečení   Kapsáčové kalhoty,373,womens-pants,Trouser,Trouser,True,True,True,False,Grey,0.107,0.2201,"['#28282d', '#f7f7f7', '#b6b6b8', '#727274']",custom-tag,99.85,True,Relevant keyword 'kalhoty' found in name,"[""#28282d"", ""#f7f7f7"", ""#b8b8ba"", ""#6f6f71""]","[[40, 40, 45], [247, 247, 247], [184, 184, 186], [111, 111, 113]]","Grey, White",<span style='display:inline-block; width:18px; height:18px; background-color:#28282d; border-radius:3px; margin-right:3px; border:1px solid #666;' title='#28282d'></span><span style='display:inline-block; width:18px; height:18px; background-color:#f7f7f7; border-radius:3px; margin-right:3px; border:1px solid #666;' title='#f7f7f7'></span><span style='display:inline-block; width:18px; height:18px; background-color:#b8b8ba; border-radius:3px; margin-right:3px; border:1px solid #666;' title='#b8b8ba'></span><span style='display:inline-block; width:18px; height:18px; background-color:#6f6f71; border-radius:3px; margin-right:3px; border:1px solid #666;' title='#6f6f71'></span>,Grey
123,123,cz,Zelené šaty MOE 053,"Prodloužené šaty s dlouhým rukávem jsou příjemné, pohodlné a trendy! Díky měkkému materiálu se v nich budeš cítit skvěle během celého dne, přední část je zdobená kapsou s motivem srdce, které je doplněno kovovým zlatým srdíčkem.",184,dresses,Dress,Dress,False,True,False,False,Grey,0.0513,0.8236,"['#dddcda', '#6b6444', '#2d230f', '#958e76']",custom-tag,34.12,True,Relevant keyword 'šaty' found in name,"[""#dededc"", ""#d8d6d5"", ""#312611"", ""#756e50""]","[[222, 222, 220], [216, 214, 213], [49, 38, 17], [117, 110, 80]]","Grey, Brown, Yellow",<span style='display:inline-block; width:18px; height:18px; background-color:#dededc; border-radius:3px; margin-right:3px; border:1px solid #666;' title='#dededc'></span><span style='display:inline-block; width:18px; height:18px; background-color:#d8d6d5; border-radius:3px; margin-right:3px; border:1px solid #666;' title='#d8d6d5'></span><span style='display:inline-block; width:18px; height:18px; background-color:#312611; border-radius:3px; margin-right:3px; border:1px solid #666;' title='#312611'></span><span style='display:inline-block; width:18px; height:18px; background-color:#756e50; border-radius:3px; margin-right:3px; border:1px solid #666;' title='#756e50'></span>,Grey
125,125,cz,DKaren Dámský saténový župan Gina bílý,"Elegantní smetanově bílý saténový župan v modním střihu.  Elegantní smetanově bílý saténový župan v modním střihu. Dlouhé rukávy jsou obšité jemnou krajkou. Župan je lehký a pohodlný, vhodný ke košilce značky DKaren. Vhodný dárek, který potěší každou ženu.    Zboží je dárkově baleno v luxusní krabičce.     Materiál: 100% polyester   satén Materiál: 100% polyester satén",437,womens-bathrobes,Coat,Coat,True,True,True,False,White,0.0479,0.8191,"['#f4f1ed', '#b3ada9', '#e0dbd7', '#2e2824']",custom-tag,35.86,True,Relevant keyword 'župan' found in name,"[""#ece8e4"", ""#bbb5b1"", ""#89827e"", ""#27221f""]","[[236, 232, 228], [187, 181, 177], [137, 130, 126], [39, 34, 31]]","White, Grey, Brown",<span style='display:inline-block; width:18px; height:18px; background-color:#ece8e4; border-radius:3px; margin-right:3px; border:1px solid #666;' title='#ece8e4'></span><span style='display:inline-block; width:18px; height:18px; background-color:#bbb5b1; border-radius:3px; margin-right:3px; border:1px solid #666;' title='#bbb5b1'></span><span style='display:inline-block; width:18px; height:18px; background-color:#89827e; border-radius:3px; margin-right:3px; border:1px solid #666;' title='#89827e'></span><span style='display:inline-block; width:18px; height:18px; background-color:#27221f; border-radius:3px; margin-right:3px; border:1px solid #666;' title='#27221f'></span>,White
126,126,cz,Obsessive VÝPRODEJ Kalhotky Monita shorties - bílá - L XL,"Nádherné, sněhobílé šortky s roztomilým zdobením!",386,women-s-shorts,Trouser,Trouser,True,True,True,False,Grey,0.041,0.8173,"['#bfbdbf', '#d7d4d5', '#edebec', '#502814']",custom-tag,49.11,True,Relevant keyword 'kalhotky' found in name,"[""#bfbdbf"", ""#d7d4d5"", ""#edebec"", ""#4e2410""]","[[191, 189, 191], [215, 212, 213], [237, 235, 236], [78, 36, 16]]","Grey, White, Brown",<span style='display:inline-block; width:18px; height:18px; background-color:#bfbdbf; border-radius:3px; margin-right:3px; border:1px solid #666;' title='#bfbdbf'></span><span style='display:inline-block; width:18px; height:18px; background-color:#d7d4d5; border-radius:3px; margin-right:3px; border:1px solid #666;' title='#d7d4d5'></span><span style='display:inline-block; width:18px; height:18px; background-color:#edebec; border-radius:3px; margin-right:3px; border:1px solid #666;' title='#edebec'></span><span style='display:inline-block; width:18px; height:18px; background-color:#4e2410; border-radius:3px; margin-right:3px; border:1px solid #666;' title='#4e2410'></span>,Grey
127,127,cz,Beauty Night Fashion Erotický kostým Sussie - černá-bílá - S M,"Smyslný, sexy kostým zdůrazňující ženskou krásu Sussie Beauty Night Fashion je vyroben z velké části z černé a bílé elastické látky. Neobvykle smyslně působí volánková krajka v dekoltu, ozdobená černými mašličkami. Soupravu tvoří top, mini sukně a tanga. Produkt je balený v dárkovém pytlíčku, který je ideální pro skladování. V elegantní krabičce s obrázkem zboží co je uvnitř a s logem Beauty Night.",5382,panties-and-thongs,Shirt,Shirt,False,True,False,True,White,0.2632,0.663,"['#e9e8e1', '#79561e', '#120b0a', '#cbc6b6']",custom-tag,81.18,False,Product class not explicitly described in name,"[""#e7e6df"", ""#79551e"", ""#130c0a"", ""#c2bdaa""]","[[231, 230, 223], [121, 85, 30], [19, 12, 10], [194, 189, 170]]","White, Orange, Black, Grey",<span style='display:inline-block; width:18px; height:18px; background-color:#e7e6df; border-radius:3px; margin-right:3px; border:1px solid #666;' title='#e7e6df'></span><span style='display:inline-block; width:18px; height:18px; background-color:#79551e; border-radius:3px; margin-right:3px; border:1px solid #666;' title='#79551e'></span><span style='display:inline-block; width:18px; height:18px; background-color:#130c0a; border-radius:3px; margin-right:3px; border:1px solid #666;' title='#130c0a'></span><span style='display:inline-block; width:18px; height:18px; background-color:#c2bdaa; border-radius:3px; margin-right:3px; border:1px solid #666;' title='#c2bdaa'></span>,White
128,128,cz,DKaren Dámský župan Viki grey - šedá - S,"Dlouhý pohodlný župan Viki DKaren v šedé barvě. Jednoduchý střihem a nezaměnitelný půvabem a kvalitou zpracování. Župan s dlouhými rukávy s kapsami a opaskem. Vyroben z jemného, elastického, přírodního materiálu viskózy. Velice příjemný materiál na dotek, příjemně se nosí. Zboží je dárkově baleno v luxusní krabičce. Vhodný jako dárek, který potěší každou ženu.",437,womens-bathrobes,Coat,Coat,True,True,True,False,White,0.0096,0.8761,"['#e9e9ea', '#b2b0b3', '#939193', '#3c3534']",custom-tag,37.22,True,Relevant keyword 'župan' found in name,"[""#e9e9ea"", ""#b0aeb1"", ""#868487"", ""#312621""]","[[233, 233, 234], [176, 174, 177], [134, 132, 135], [49, 38, 33]]","White, Grey, Brown",<span style='display:inline-block; width:18px; height:18px; background-color:#e9e9ea; border-radius:3px; margin-right:3px; border:1px solid #666;' title='#e9e9ea'></span><span style='display:inline-block; width:18px; height:18px; background-color:#b0aeb1; border-radius:3px; margin-right:3px; border:1px solid #666;' title='#b0aeb1'></span><span style='display:inline-block; width:18px; height:18px; background-color:#868487; border-radius:3px; margin-right:3px; border:1px solid #666;' title='#868487'></span><span style='display:inline-block; width:18px; height:18px; background-color:#312621; border-radius:3px; margin-right:3px; border:1px solid #666;' title='#312621'></span>,White
129,129,cz,Peněženka King 380 brown,Peněženka King 380 brown.  Dámská peněženka na zapínání na cvok.  Přihrádka na bankovky + přihrádka na karty + průhledná přihrádka.  Venkovní kapsa na cvok na drobné.  Rozměry: 12 cm x 9 cm x 3 cm,203,womens-wallets,Bag,Bag,True,True,True,True,Brown,0.6907,0.4254,"['#603518', '#744d27', '#fcf8f0', '#c6b296']",custom-tag,100.0,True,Relevant keyword 'peněženka' found in name,"[""#603518"", ""#754d28"", ""#fcf9f1"", ""#c8b499""]","[[96, 53, 24], [117, 77, 40], [252, 249, 241], [200, 180, 153]]","Brown, Orange, White, Beige/Khaki",<span style='display:inline-block; width:18px; height:18px; background-color:#603518; border-radius:3px; margin-right:3px; border:1px solid #666;' title='#603518'></span><span style='display:inline-block; width:18px; height:18px; background-color:#754d28; border-radius:3px; margin-right:3px; border:1px solid #666;' title='#754d28'></span><span style='display:inline-block; width:18px; height:18px; background-color:#fcf9f1; border-radius:3px; margin-right:3px; border:1px solid #666;' title='#fcf9f1'></span><span style='display:inline-block; width:18px; height:18px; background-color:#c8b499; border-radius:3px; margin-right:3px; border:1px solid #666;' title='#c8b499'></span>,Brown
130,130,cz,Brýle Fallen Savage orange,Sluneční brýle Fallen Savage orange.  Stylové brýle se 100% UV ochranou.,207,womens-sunglasses,Bag,Bag,True,True,True,True,Grey,0.3515,0.7159,"['#827372', '#e87c55', '#fae0d2', '#65291d']",custom-tag,44.1,False,Product class not explicitly described in name,"[""#827372"", ""#e87d55"", ""#fae4d7"", ""#62251a""]","[[130, 115, 114], [232, 125, 85], [250, 228, 215], [98, 37, 26]]","Grey, Orange, Red",<span style='display:inline-block; width:18px; height:18px; background-color:#827372; border-radius:3px; margin-right:3px; border:1px solid #666;' title='#827372'></span><span style='display:inline-block; width:18px; height:18px; background-color:#e87d55; border-radius:3px; margin-right:3px; border:1px solid #666;' title='#e87d55'></span><span style='display:inline-block; width:18px; height:18px; background-color:#fae4d7; border-radius:3px; margin-right:3px; border:1px solid #666;' title='#fae4d7'></span><span style='display:inline-block; width:18px; height:18px; background-color:#62251a; border-radius:3px; margin-right:3px; border:1px solid #666;' title='#62251a'></span>,Grey
131,131,cz,Peněženka Dakine Abigail avery,"Dámská peněženka Dakine Abigail avery.  Hlavní komora na cvok, uvnitř přihrádky  na doklady a na bankovky.  Na přední straně nášivka Dakine.  Potisk je u každé peněženky jinak rozložen.  Rozměry cca: 19 x 10 x 3 cm",203,womens-wallets,Bag,Bag,True,True,True,True,Pink/Magenta,0.3698,0.5143,"['#924a6a', '#362a2c', '#528b66', '#c9c3b4']",custom-tag,99.98,True,Relevant keyword 'peněženka' found in name,"[""#92496a"", ""#352a2b"", ""#538b65"", ""#c8c2b2""]","[[146, 73, 106], [53, 42, 43], [83, 139, 101], [200, 194, 178]]","Pink/Magenta, Pink, Green, Grey",<span style='display:inline-block; width:18px; height:18px; background-color:#92496a; border-radius:3px; margin-right:3px; border:1px solid #666;' title='#92496a'></span><span style='display:inline-block; width:18px; height:18px; background-color:#352a2b; border-radius:3px; margin-right:3px; border:1px solid #666;' title='#352a2b'></span><span style='display:inline-block; width:18px; height:18px; background-color:#538b65; border-radius:3px; margin-right:3px; border:1px solid #666;' title='#538b65'></span><span style='display:inline-block; width:18px; height:18px; background-color:#c8c2b2; border-radius:3px; margin-right:3px; border:1px solid #666;' title='#c8c2b2'></span>,Pink/Magenta
132,132,cz,SMITH'S Brýle Smith´S purple,Sluneční brýle Smith´S purple.  Stylové brýle s 400 UV ochranou.,207,womens-sunglasses,Bag,Bag,True,True,True,True,White,0.1353,0.7734,"['#e3e6e3', '#6c8b6b', '#774482', '#b796bf']",custom-tag,54.19,False,Product class not explicitly described in name,"[""#e3e6e3"", ""#6c8b6b"", ""#774483"", ""#b695be""]","[[227, 230, 227], [108, 139, 107], [119, 68, 131], [182, 149, 190]]","White, Green, Purple",<span style='display:inline-block; width:18px; height:18px; background-color:#e3e6e3; border-radius:3px; margin-right:3px; border:1px solid #666;' title='#e3e6e3'></span><span style='display:inline-block; width:18px; height:18px; background-color:#6c8b6b; border-radius:3px; margin-right:3px; border:1px solid #666;' title='#6c8b6b'></span><span style='display:inline-block; width:18px; height:18px; background-color:#774483; border-radius:3px; margin-right:3px; border:1px solid #666;' title='#774483'></span><span style='display:inline-block; width:18px; height:18px; background-color:#b695be; border-radius:3px; margin-right:3px; border:1px solid #666;' title='#b695be'></span>,White
133,133,cz,Brýle Ion Lucid black-blue,"Sluneční brýle Ion Lucid black-blue.  Stylové, modré brýle se 100% UV ochranou.  Tloušťka skla je 1,8-2 mm, acetatový rám.  Brýle jsou vysoce odolné proti zlomení, poškrábaní a mají vodoodpuzující úpravu.  Součastí balení je ochranný pytlík, který slouží také na číštění brýlí.  Kategorie slunečního filtru 3.",207,womens-sunglasses,Bag,Bag,True,True,True,False,Grey,0.1464,0.7126,"['#b6bece', '#dcdee6', '#333540', '#5a7294']",custom-tag,67.13,False,Product class not explicitly described in name,"[""#b7bece"", ""#dcdfe6"", ""#333540"", ""#5b7092""]","[[183, 190, 206], [220, 223, 230], [51, 53, 64], [91, 112, 146]]","Grey, White, Navy Blue, Blue",<span style='display:inline-block; width:18px; height:18px; background-color:#b7bece; border-radius:3px; margin-right:3px; border:1px solid #666;' title='#b7bece'></span><span style='display:inline-block; width:18px; height:18px; background-color:#dcdfe6; border-radius:3px; margin-right:3px; border:1px solid #666;' title='#dcdfe6'></span><span style='display:inline-block; width:18px; height:18px; background-color:#333540; border-radius:3px; margin-right:3px; border:1px solid #666;' title='#333540'></span><span style='display:inline-block; width:18px; height:18px; background-color:#5b7092; border-radius:3px; margin-right:3px; border:1px solid #666;' title='#5b7092'></span>,Grey
134,134,cz,Brýle Independent Reget brown,Sluneční brýle Independent Reget brown.Stylové brýle se 100% UV ochranou.Součástí je čistící a ochraný pytlík s logem Independent.,207,womens-sunglasses,Sneaker,Sneaker,True,True,True,True,Red,0.3621,0.6644,"['#a66d5e', '#7b4c42', '#b99788', '#f9f5f1']",custom-tag,79.37,False,Product class not explicitly described in name,"[""#a56c5d"", ""#7b4c42"", ""#b79485"", ""#f8f3f0""]","[[165, 108, 93], [123, 76, 66], [183, 148, 133], [248, 243, 240]]","Red, Orange, White",<span style='display:inline-block; width:18px; height:18px; background-color:#a56c5d; border-radius:3px; margin-right:3px; border:1px solid #666;' title='#a56c5d'></span><span style='display:inline-block; width:18px; height:18px; background-color:#7b4c42; border-radius:3px; margin-right:3px; border:1px solid #666;' title='#7b4c42'></span><span style='display:inline-block; width:18px; height:18px; background-color:#b79485; border-radius:3px; margin-right:3px; border:1px solid #666;' title='#b79485'></span><span style='display:inline-block; width:18px; height:18px; background-color:#f8f3f0; border-radius:3px; margin-right:3px; border:1px solid #666;' title='#f8f3f0'></span>,Red
135,135,cz,Brýle Independent Reget charcoal,Sluneční brýle Independent Reget charcoal.Stylové brýle se 100% UV ochranou.Součástí je čistící a ochraný pytlík s logem Independent.,207,womens-sunglasses,Sneaker,Sneaker,True,True,True,True,Pink,0.1492,0.6138,"['#7b6264', '#967f80', '#b3a2a2', '#f2eeed']",custom-tag,83.9,False,Product class not explicitly described in name,"[""#7e6466"", ""#998485"", ""#b7a7a6"", ""#f5f2f1""]","[[126, 100, 102], [153, 132, 133], [183, 167, 166], [245, 242, 241]]","Pink, Grey, White",<span style='display:inline-block; width:18px; height:18px; background-color:#7e6466; border-radius:3px; margin-right:3px; border:1px solid #666;' title='#7e6466'></span><span style='display:inline-block; width:18px; height:18px; background-color:#998485; border-radius:3px; margin-right:3px; border:1px solid #666;' title='#998485'></span><span style='display:inline-block; width:18px; height:18px; background-color:#b7a7a6; border-radius:3px; margin-right:3px; border:1px solid #666;' title='#b7a7a6'></span><span style='display:inline-block; width:18px; height:18px; background-color:#f5f2f1; border-radius:3px; margin-right:3px; border:1px solid #666;' title='#f5f2f1'></span>,Pink
138,138,cz,Klíčenka Nucelle zelená,Krásná trendy klíčenka.   Barva: zelená  Materiál: kůže,705,womens-keychains,Sandal,Sandal,True,True,True,True,Green,0.3237,0.7902,"['#77c8aa', '#9dcabe', '#e0e2e6', '#727877']",custom-tag,95.56,False,Product class not explicitly described in name,"[""#79c8ac"", ""#afc2c0"", ""#e3e5e9"", ""#6c7070""]","[[121, 200, 172], [175, 194, 192], [227, 229, 233], [108, 112, 112]]","Green, Grey, White",<span style='display:inline-block; width:18px; height:18px; background-color:#79c8ac; border-radius:3px; margin-right:3px; border:1px solid #666;' title='#79c8ac'></span><span style='display:inline-block; width:18px; height:18px; background-color:#afc2c0; border-radius:3px; margin-right:3px; border:1px solid #666;' title='#afc2c0'></span><span style='display:inline-block; width:18px; height:18px; background-color:#e3e5e9; border-radius:3px; margin-right:3px; border:1px solid #666;' title='#e3e5e9'></span><span style='display:inline-block; width:18px; height:18px; background-color:#6c7070; border-radius:3px; margin-right:3px; border:1px solid #666;' title='#6c7070'></span>,Green
139,139,cz,Klíčenka Nucelle modrá,Krásná trendy klíčenka.   Barva: modrá  Materiál: kůže,705,womens-keychains,Sandal,Sandal,True,True,True,True,Blue,0.5822,0.7689,"['#2782c7', '#e1e1ea', '#6e7482', '#94a3bd']",custom-tag,99.64,False,Product class not explicitly described in name,"[""#2882c8"", ""#e2e2eb"", ""#95a1b7"", ""#6a717f""]","[[40, 130, 200], [226, 226, 235], [149, 161, 183], [106, 113, 127]]","Blue, White, Navy Blue",<span style='display:inline-block; width:18px; height:18px; background-color:#2882c8; border-radius:3px; margin-right:3px; border:1px solid #666;' title='#2882c8'></span><span style='display:inline-block; width:18px; height:18px; background-color:#e2e2eb; border-radius:3px; margin-right:3px; border:1px solid #666;' title='#e2e2eb'></span><span style='display:inline-block; width:18px; height:18px; background-color:#95a1b7; border-radius:3px; margin-right:3px; border:1px solid #666;' title='#95a1b7'></span><span style='display:inline-block; width:18px; height:18px; background-color:#6a717f; border-radius:3px; margin-right:3px; border:1px solid #666;' title='#6a717f'></span>,Blue
141,141,cz,Clarks Freckle Ice 203529304,48h v pracovní dny,520,womens-flats,Bag,Bag,True,True,True,True,Brown,0.6075,0.332,"['#2c140b', '#6d3e2a', '#e0d9d7', '#9b8983']",custom-tag,93.43,False,Product class not explicitly described in name,"[""#2c140b"", ""#6c3d2a"", ""#dfd9d6"", ""#9a8780""]","[[44, 20, 11], [108, 61, 42], [223, 217, 214], [154, 135, 128]]","Brown, Orange, Grey",<span style='display:inline-block; width:18px; height:18px; background-color:#2c140b; border-radius:3px; margin-right:3px; border:1px solid #666;' title='#2c140b'></span><span style='display:inline-block; width:18px; height:18px; background-color:#6c3d2a; border-radius:3px; margin-right:3px; border:1px solid #666;' title='#6c3d2a'></span><span style='display:inline-block; width:18px; height:18px; background-color:#dfd9d6; border-radius:3px; margin-right:3px; border:1px solid #666;' title='#dfd9d6'></span><span style='display:inline-block; width:18px; height:18px; background-color:#9a8780; border-radius:3px; margin-right:3px; border:1px solid #666;' title='#9a8780'></span>,Brown
142,142,cz,Moon Boot Nylon 14004400002,48h v pracovní dny,527,womens-snow-boots,Shirt,Shirt,True,True,True,True,Navy Blue,0.3611,0.4225,"['#232643', '#3d4060', '#e1e4df', '#93969d']",custom-tag,74.61,False,Product class not explicitly described in name,"[""#252846"", ""#454865"", ""#e8eced"", ""#b9b9b0""]","[[37, 40, 70], [69, 72, 101], [232, 236, 237], [185, 185, 176]]","Navy Blue, White, Grey",<span style='display:inline-block; width:18px; height:18px; background-color:#252846; border-radius:3px; margin-right:3px; border:1px solid #666;' title='#252846'></span><span style='display:inline-block; width:18px; height:18px; background-color:#454865; border-radius:3px; margin-right:3px; border:1px solid #666;' title='#454865'></span><span style='display:inline-block; width:18px; height:18px; background-color:#e8eced; border-radius:3px; margin-right:3px; border:1px solid #666;' title='#e8eced'></span><span style='display:inline-block; width:18px; height:18px; background-color:#b9b9b0; border-radius:3px; margin-right:3px; border:1px solid #666;' title='#b9b9b0'></span>,Navy Blue
143,143,cz,R.Polański 0720 N,48h v pracovní dny,501,heels,Sandal,Sandal,False,True,False,True,Brown,0.1975,0.4612,"['#302a25', '#5e5a57', '#ad977e', '#dacdbc']",custom-tag,33.69,False,Product class not explicitly described in name,"[""#312b26"", ""#ab967e"", ""#5f5a58"", ""#dbcfbd""]","[[49, 43, 38], [171, 150, 126], [95, 90, 88], [219, 207, 189]]","Brown, Beige/Khaki, Grey",<span style='display:inline-block; width:18px; height:18px; background-color:#312b26; border-radius:3px; margin-right:3px; border:1px solid #666;' title='#312b26'></span><span style='display:inline-block; width:18px; height:18px; background-color:#ab967e; border-radius:3px; margin-right:3px; border:1px solid #666;' title='#ab967e'></span><span style='display:inline-block; width:18px; height:18px; background-color:#5f5a58; border-radius:3px; margin-right:3px; border:1px solid #666;' title='#5f5a58'></span><span style='display:inline-block; width:18px; height:18px; background-color:#dbcfbd; border-radius:3px; margin-right:3px; border:1px solid #666;' title='#dbcfbd'></span>,Brown
144,144,cz,Geox J Piuma Bal F J11B0F 03902 C9999 D,48h v pracovní dny,520,womens-flats,Bag,Bag,True,True,True,False,Grey,0.0719,0.2451,"['#3a383a', '#131112', '#7e7c7d', '#d8d7d7']",custom-tag,76.25,False,Product class not explicitly described in name,"[""#3a383a"", ""#131113"", ""#797779"", ""#d5d3d4""]","[[58, 56, 58], [19, 17, 19], [121, 119, 121], [213, 211, 212]]","Grey, Black",<span style='display:inline-block; width:18px; height:18px; background-color:#3a383a; border-radius:3px; margin-right:3px; border:1px solid #666;' title='#3a383a'></span><span style='display:inline-block; width:18px; height:18px; background-color:#131113; border-radius:3px; margin-right:3px; border:1px solid #666;' title='#131113'></span><span style='display:inline-block; width:18px; height:18px; background-color:#797779; border-radius:3px; margin-right:3px; border:1px solid #666;' title='#797779'></span><span style='display:inline-block; width:18px; height:18px; background-color:#d5d3d4; border-radius:3px; margin-right:3px; border:1px solid #666;' title='#d5d3d4'></span>,Grey
145,145,cz,Moraj DP 1100-002 Dámské tílko L grey melange,"Pohodlné tílko typu boxer Moraj DP 1100-002 vyrobené z bavlny s dodatkem elastanu.Košilka je prodyšná a elastická. Vyrobené z kvalitní, čisté bavlny, díky čemuž je model prodyšný a pružný. Střih i materiál zvolen tak, že si triko zachovává svůj tvar i po opakovaném praní. Složení: 95% bavlna, 5% elastan.",53403,womens-tops-tank-tops-and-t-shirts,Bag,Bag,True,True,True,False,Grey,0.1098,0.5427,"['#dedee0', '#b1afb4', '#090707', '#605f65']",custom-tag,82.3,False,Product class not explicitly described in name,"[""#dedde0"", ""#090707"", ""#b0aeb3"", ""#605f65""]","[[222, 221, 224], [9, 7, 7], [176, 174, 179], [96, 95, 101]]","Grey, Black",<span style='display:inline-block; width:18px; height:18px; background-color:#dedde0; border-radius:3px; margin-right:3px; border:1px solid #666;' title='#dedde0'></span><span style='display:inline-block; width:18px; height:18px; background-color:#090707; border-radius:3px; margin-right:3px; border:1px solid #666;' title='#090707'></span><span style='display:inline-block; width:18px; height:18px; background-color:#b0aeb3; border-radius:3px; margin-right:3px; border:1px solid #666;' title='#b0aeb3'></span><span style='display:inline-block; width:18px; height:18px; background-color:#605f65; border-radius:3px; margin-right:3px; border:1px solid #666;' title='#605f65'></span>,Grey
147,147,cz,Ever Pretty letní květinové šaty 8394,"Jemné elegantí letní vzorované šaty. Vložené vycpávky, je možné vzít bez podprsenky.    POZOR podklad je jemně modrý !!    Skladem uvedené velikosti dodání 1-3dny     délka šatiček je cca 150cm složení šifon",184,dresses,Dress,Dress,False,True,False,False,White,0.1371,0.778,"['#dddfe9', '#c5bdc2', '#8f8f89', '#4f5645']",custom-tag,55.3,True,Relevant keyword 'šaty' found in name,"[""#dde0ea"", ""#c7bfc4"", ""#92918a"", ""#525746""]","[[221, 224, 234], [199, 191, 196], [146, 145, 138], [82, 87, 70]]","White, Grey, Green",<span style='display:inline-block; width:18px; height:18px; background-color:#dde0ea; border-radius:3px; margin-right:3px; border:1px solid #666;' title='#dde0ea'></span><span style='display:inline-block; width:18px; height:18px; background-color:#c7bfc4; border-radius:3px; margin-right:3px; border:1px solid #666;' title='#c7bfc4'></span><span style='display:inline-block; width:18px; height:18px; background-color:#92918a; border-radius:3px; margin-right:3px; border:1px solid #666;' title='#92918a'></span><span style='display:inline-block; width:18px; height:18px; background-color:#525746; border-radius:3px; margin-right:3px; border:1px solid #666;' title='#525746'></span>,White
148,148,cz,"LM moda Plavky bez ramínek, bikiny, zelené s kruhy","Krásné elegantní plavky s kovovými doplňky    Materiál:100% polyester    Rozměry neroztažené  max roztažené:podprsenka: cca 66cm   90cmkalhotky: boky 66cm   88cm, výška 18 22 cm přední, zadní část",201,bikinis,T-shirt/top,T-shirt/top,False,True,False,False,Grey,0.1968,0.678,"['#c3c2b5', '#afb0a3', '#054f26', '#677a63']",custom-tag,40.34,False,Product class not explicitly described in name,"[""#c3c2b4"", ""#afb0a3"", ""#044f26"", ""#657c64""]","[[195, 194, 180], [175, 176, 163], [4, 79, 38], [101, 124, 100]]","Grey, Green",<span style='display:inline-block; width:18px; height:18px; background-color:#c3c2b4; border-radius:3px; margin-right:3px; border:1px solid #666;' title='#c3c2b4'></span><span style='display:inline-block; width:18px; height:18px; background-color:#afb0a3; border-radius:3px; margin-right:3px; border:1px solid #666;' title='#afb0a3'></span><span style='display:inline-block; width:18px; height:18px; background-color:#044f26; border-radius:3px; margin-right:3px; border:1px solid #666;' title='#044f26'></span><span style='display:inline-block; width:18px; height:18px; background-color:#657c64; border-radius:3px; margin-right:3px; border:1px solid #666;' title='#657c64'></span>,Grey
150,150,cz,LM moda A Peplum šaty mentolové s krajkou OH713,Dámské minišatičky mentolové s krajkou. Šaty jsou z pevného a velmi příjemného materiálu na dotek. Velmi elegantní zpracování Trendy a elegantní do práce.     Velikost : M neroztažené - roztažené: přes prsa: 64-76cm přes pas: 58-70cm přes boky: 72-86cm celková délka: 82cm     L: neroztažené - roztažené: přes prsa: 84-90cm přes pas: 66-70cm přes boky: 80-90cm celková délka: 85cm     složení: 95% polyester 5% elastan,184,dresses,Dress,Dress,True,True,True,True,White,0.2049,0.8384,"['#e5e6e3', '#a9dacc', '#86cebb', '#59a08d']",custom-tag,41.36,True,Relevant keyword 'šaty' found in name,"[""#e5e7e4"", ""#a7dacc"", ""#84ccb9"", ""#519986""]","[[229, 231, 228], [167, 218, 204], [132, 204, 185], [81, 153, 134]]","White, Green",<span style='display:inline-block; width:18px; height:18px; background-color:#e5e7e4; border-radius:3px; margin-right:3px; border:1px solid #666;' title='#e5e7e4'></span><span style='display:inline-block; width:18px; height:18px; background-color:#a7dacc; border-radius:3px; margin-right:3px; border:1px solid #666;' title='#a7dacc'></span><span style='display:inline-block; width:18px; height:18px; background-color:#84ccb9; border-radius:3px; margin-right:3px; border:1px solid #666;' title='#84ccb9'></span><span style='display:inline-block; width:18px; height:18px; background-color:#519986; border-radius:3px; margin-right:3px; border:1px solid #666;' title='#519986'></span>,White
151,151,cz,"LM moda A Pouzdrové společenské šaty, černé krátké DL644","Dámské společenské šaty. Zajímavé společenské šaty, horní díl šatů je ozdoben krajkou, vzadu zapínání na zip. Šaty jsou z pevného pružného materiálu.     Velikost M celková délka šatů je cca 92 cm, přes prsa 84 -88 cm, pas 66 cm, boky 96 cm     Velikost L celková délka šatů je cca 94 cm, přes prsa 88-90, pas 70 cm, boky 100 cm     Velikost XL celková délka šatů je cca 96 cm, přes prsa 98-102, pas 84 cm, boky 102 cm složení: 95%Polyester+5%Spandex",184,dresses,Dress,Dress,False,True,False,False,Grey,0.1584,0.2959,"['#2d2a30', '#f6ede8', '#605659', '#b3a19e']",custom-tag,69.41,True,Relevant keyword 'šaty' found in name,"[""#2d2a31"", ""#f7eee9"", ""#5f5659"", ""#b8a3a0""]","[[45, 42, 49], [247, 238, 233], [95, 86, 89], [184, 163, 160]]","Grey, White",<span style='display:inline-block; width:18px; height:18px; background-color:#2d2a31; border-radius:3px; margin-right:3px; border:1px solid #666;' title='#2d2a31'></span><span style='display:inline-block; width:18px; height:18px; background-color:#f7eee9; border-radius:3px; margin-right:3px; border:1px solid #666;' title='#f7eee9'></span><span style='display:inline-block; width:18px; height:18px; background-color:#5f5659; border-radius:3px; margin-right:3px; border:1px solid #666;' title='#5f5659'></span><span style='display:inline-block; width:18px; height:18px; background-color:#b8a3a0; border-radius:3px; margin-right:3px; border:1px solid #666;' title='#b8a3a0'></span>,Grey
152,152,cz,Ever Pretty plesové šaty s flitry zelené 9672 GR,"Luxusní šaty na ples, vhodné i do tanečních. Zdobené našitými flitry. Šaty mají mírnou vlečku. Vložené vycpávky, je možné vzít bez podprsenky.    Skladem uvedené velikosti dodání 1-3dny - ostatní jsou k objednání - dodání 7-10dní    délka šatiček je cca 150cm    Barva: zelené",184,dresses,Dress,Dress,False,True,False,True,Cyan/Turquoise,0.8274,0.3408,"['#03433a', '#e2ded6', '#336c62', '#8a9f96']",custom-tag,99.74,True,Relevant keyword 'šaty' found in name,"[""#03433a"", ""#e3ddd5"", ""#356d62"", ""#8ea49c""]","[[3, 67, 58], [227, 221, 213], [53, 109, 98], [142, 164, 156]]","Cyan/Turquoise, White, Grey",<span style='display:inline-block; width:18px; height:18px; background-color:#03433a; border-radius:3px; margin-right:3px; border:1px solid #666;' title='#03433a'></span><span style='display:inline-block; width:18px; height:18px; background-color:#e3ddd5; border-radius:3px; margin-right:3px; border:1px solid #666;' title='#e3ddd5'></span><span style='display:inline-block; width:18px; height:18px; background-color:#356d62; border-radius:3px; margin-right:3px; border:1px solid #666;' title='#356d62'></span><span style='display:inline-block; width:18px; height:18px; background-color:#8ea49c; border-radius:3px; margin-right:3px; border:1px solid #666;' title='#8ea49c'></span>,Cyan/Turquoise
153,153,cz,LM moda A Šaty černé vyšité vzory bodycon s rukávy OH170,"Dámské elegantní šaty černé s vyšitými vzory a flitry Pevný materiál elegantně řešené ve výstřihu. Uvedené velikosti jsou neroztažené a maximálně roztažené. Sexy model vhodný pro večerní nošení - na párty či večírky a plesy.     Velikost M: prsa: 80-90   břicho: 70-80   boky: 86-100 cm, celková délka: 91cm    Velikost L: prsa: 84-96   břicho: 74-84   boky: 90-110 cm, celková délka: 94cm     složení: 100% polyester",184,dresses,Dress,Dress,False,True,False,True,Brown,0.1202,0.3312,"['#2c2725', '#7a7774', '#faf8f6', '#beb6b0']",custom-tag,53.4,True,Relevant keyword 'šaty' found in name,"[""#2a2624"", ""#84817e"", ""#5b5652"", ""#f2efec""]","[[42, 38, 36], [132, 129, 126], [91, 86, 82], [242, 239, 236]]","Grey, White",<span style='display:inline-block; width:18px; height:18px; background-color:#2a2624; border-radius:3px; margin-right:3px; border:1px solid #666;' title='#2a2624'></span><span style='display:inline-block; width:18px; height:18px; background-color:#84817e; border-radius:3px; margin-right:3px; border:1px solid #666;' title='#84817e'></span><span style='display:inline-block; width:18px; height:18px; background-color:#5b5652; border-radius:3px; margin-right:3px; border:1px solid #666;' title='#5b5652'></span><span style='display:inline-block; width:18px; height:18px; background-color:#f2efec; border-radius:3px; margin-right:3px; border:1px solid #666;' title='#f2efec'></span>,Grey
154,154,cz,Made in Italy Plesové šaty hnědé se zdobením štrasem,"Dámské elegantní plesové či večerní šaty   Jemné šatičky na ramínka, zdobené štrasem. Vzadu mají žabičkové řasené, ramínka jsou upravitelné. Vhodné pro plesovou sezonu či do tanečních.  Universal velikost vhodná pro S,M,L  Made in Italy  složení: 100% polyester",184,dresses,Dress,Dress,False,True,False,True,Red,0.6849,0.4372,"['#64261e', '#3b0e0c', '#cd7c5b', '#f3e3db']",custom-tag,51.14,True,Relevant keyword 'šaty' found in name,"[""#64261e"", ""#3b0e0c"", ""#cf7d5c"", ""#f4e5dd""]","[[100, 38, 30], [59, 14, 12], [207, 125, 92], [244, 229, 221]]","Red, Orange, White",<span style='display:inline-block; width:18px; height:18px; background-color:#64261e; border-radius:3px; margin-right:3px; border:1px solid #666;' title='#64261e'></span><span style='display:inline-block; width:18px; height:18px; background-color:#3b0e0c; border-radius:3px; margin-right:3px; border:1px solid #666;' title='#3b0e0c'></span><span style='display:inline-block; width:18px; height:18px; background-color:#cf7d5c; border-radius:3px; margin-right:3px; border:1px solid #666;' title='#cf7d5c'></span><span style='display:inline-block; width:18px; height:18px; background-color:#f4e5dd; border-radius:3px; margin-right:3px; border:1px solid #666;' title='#f4e5dd'></span>,Red
155,155,cz,LM moda A Minišaty elegantní černo růžové LM612,"Dámské minišaty jemné šaty, s prošitím které opticky zužuje Vaší postavu. Vzadu na zapínání na zip s krajkou.     Velikost M    Prsa cm Pascm Bokycm    M 86-98 70-80 91-99 ochylka + - 1cm     složení: 95% Polyester- 5% Elastane",184,dresses,Dress,Dress,False,True,False,False,White,0.1396,0.6627,"['#e5ebe9', '#241f23', '#f27bbc', '#ab5c7d']",custom-tag,65.55,True,Relevant keyword 'šaty' found in name,"[""#e5ebe8"", ""#241f23"", ""#ee79b8"", ""#9f5472""]","[[229, 235, 232], [36, 31, 35], [238, 121, 184], [159, 84, 114]]","White, Black, Pink/Magenta",<span style='display:inline-block; width:18px; height:18px; background-color:#e5ebe8; border-radius:3px; margin-right:3px; border:1px solid #666;' title='#e5ebe8'></span><span style='display:inline-block; width:18px; height:18px; background-color:#241f23; border-radius:3px; margin-right:3px; border:1px solid #666;' title='#241f23'></span><span style='display:inline-block; width:18px; height:18px; background-color:#ee79b8; border-radius:3px; margin-right:3px; border:1px solid #666;' title='#ee79b8'></span><span style='display:inline-block; width:18px; height:18px; background-color:#9f5472; border-radius:3px; margin-right:3px; border:1px solid #666;' title='#9f5472'></span>,White
156,156,cz,Dámské elegantní Ever Pretty plesové šaty fialové 8441,"Luxusní šaty na ples, vhodné i do tanečních. Zdobené luxusní krajkou. Vložené vycpávky, je možné vzít bez podprsenky.    Skladem uvedené velikosti dodání 1-3dny - ostatní jsou k objednání - dodání 7-10dní    délka šatiček je cca 150cm",184,dresses,Dress,Dress,False,True,False,True,Purple,0.4922,0.2368,"['#22142b', '#504051', '#97838d', '#efe6e5']",custom-tag,99.68,True,Relevant keyword 'šaty' found in name,"[""#22142b"", ""#534253"", ""#9b8791"", ""#f0e8e8""]","[[34, 20, 43], [83, 66, 83], [155, 135, 145], [240, 232, 232]]","Purple, Pink/Magenta, Grey, White",<span style='display:inline-block; width:18px; height:18px; background-color:#22142b; border-radius:3px; margin-right:3px; border:1px solid #666;' title='#22142b'></span><span style='display:inline-block; width:18px; height:18px; background-color:#534253; border-radius:3px; margin-right:3px; border:1px solid #666;' title='#534253'></span><span style='display:inline-block; width:18px; height:18px; background-color:#9b8791; border-radius:3px; margin-right:3px; border:1px solid #666;' title='#9b8791'></span><span style='display:inline-block; width:18px; height:18px; background-color:#f0e8e8; border-radius:3px; margin-right:3px; border:1px solid #666;' title='#f0e8e8'></span>,Purple
158,158,cz,Ever Pretty šifonové šaty krátké tmavě modré 3266,"Jemné šifonové šaty na ramínka s květinou a volánkem dolů. Šatičky mají vycpávky na prsou.    složení: šifon    je možné objednat jiné barvy v tomto modelu: tyrkysová, fialová, lososová, tmavě modrá, bílá, bordo, černá, sv. fialová, zelená, růžová, tm. modrá",184,dresses,Sandal,Sandal,False,True,False,True,Navy Blue,0.3729,0.3701,"['#262943', '#6a6a7c', '#b8aeb0', '#f0e6e2']",custom-tag,69.65,False,Product class not explicitly described in name,"[""#262943"", ""#6a6a7c"", ""#efe5e1"", ""#b7aeb0""]","[[38, 41, 67], [106, 106, 124], [239, 229, 225], [183, 174, 176]]","Navy Blue, Grey, White",<span style='display:inline-block; width:18px; height:18px; background-color:#262943; border-radius:3px; margin-right:3px; border:1px solid #666;' title='#262943'></span><span style='display:inline-block; width:18px; height:18px; background-color:#6a6a7c; border-radius:3px; margin-right:3px; border:1px solid #666;' title='#6a6a7c'></span><span style='display:inline-block; width:18px; height:18px; background-color:#efe5e1; border-radius:3px; margin-right:3px; border:1px solid #666;' title='#efe5e1'></span><span style='display:inline-block; width:18px; height:18px; background-color:#b7aeb0; border-radius:3px; margin-right:3px; border:1px solid #666;' title='#b7aeb0'></span>,Navy Blue
159,159,cz,LM moda A Pouzdrové šaty béžové s krajkou DL488,"Dámské pouzdrové béžové šaty s krajkou Pevný materiál elegantně řešené ve výstřihu. Skvělý pracovnou outfit, na pracovní schůzky i do společnosti.    Velikost M, L,XL délka 98, 100 a 102 cm     Prsa Pas Boky    M 84-90 64-71 91-97    L 91-97 71-79 97-102    XL 92-108 73-84 100-112    složení: 100% polyester",184,dresses,Dress,Dress,False,True,False,False,Black,0.2082,0.3192,"['#1c1615', '#453f3d', '#787370', '#dbcfc3']",custom-tag,34.26,True,Relevant keyword 'šaty' found in name,"[""#1b1514"", ""#443e3c"", ""#76706e"", ""#dbcec4""]","[[27, 21, 20], [68, 62, 60], [118, 112, 110], [219, 206, 196]]","Black, Grey",<span style='display:inline-block; width:18px; height:18px; background-color:#1b1514; border-radius:3px; margin-right:3px; border:1px solid #666;' title='#1b1514'></span><span style='display:inline-block; width:18px; height:18px; background-color:#443e3c; border-radius:3px; margin-right:3px; border:1px solid #666;' title='#443e3c'></span><span style='display:inline-block; width:18px; height:18px; background-color:#76706e; border-radius:3px; margin-right:3px; border:1px solid #666;' title='#76706e'></span><span style='display:inline-block; width:18px; height:18px; background-color:#dbcec4; border-radius:3px; margin-right:3px; border:1px solid #666;' title='#dbcec4'></span>,Black
160,160,cz,LM moda A Elegantní černé šaty netradiční 423,- Material: 97% Polyester a 3% Spandex                   Size           US Size           UK Size           EU Size           AU Size           Shoulder           Sleeve           Chest           Waist           Length                 XS          S2          6-8          32-34          6          37.5 cm          14.6 inch          15.5 cm          6 inch          78 cm          30.4 inch          62 cm          24.2 inch          97.5 cm          38 inch                S          S6          8-10          36-38          10          38.5 cm          15 inch          16.5 cm          6.4 inch          80 cm          31.2 inch          64 cm          25 inch          98.5 cm          38.4 inch                M          M8-10          12-14          40-42          12          39 cm          15.2 inch          17.5 cm          6.8 inch          84 cm          32.8 inch          68 cm          26.5 inch          101 cm          39.4 inch                L          L12          16-18          44-46          16          39.5 cm          15.4 inch          18.5 cm          7.2 inch          90 cm          35.1 inch          72 cm          28.1 inch          103 cm          40.2 inch                XL          XL16          20-22          48-50          20          41 cm          16 inch          19.5 cm          7.6 inch          96 cm          37.4 inch          76 cm          29.6 inch          105 cm          41 inch,184,dresses,Shirt,Shirt,False,True,False,False,Black,0.1844,0.1916,"['#201e1a', '#d8cbc1', '#f9f5f0', '#7d7570']",custom-tag,64.86,False,Product class not explicitly described in name,"[""#201e1a"", ""#d6cac0"", ""#f9f6f1"", ""#7e7570""]","[[32, 30, 26], [214, 202, 192], [249, 246, 241], [126, 117, 112]]","Black, Grey, White",<span style='display:inline-block; width:18px; height:18px; background-color:#201e1a; border-radius:3px; margin-right:3px; border:1px solid #666;' title='#201e1a'></span><span style='display:inline-block; width:18px; height:18px; background-color:#d6cac0; border-radius:3px; margin-right:3px; border:1px solid #666;' title='#d6cac0'></span><span style='display:inline-block; width:18px; height:18px; background-color:#f9f6f1; border-radius:3px; margin-right:3px; border:1px solid #666;' title='#f9f6f1'></span><span style='display:inline-block; width:18px; height:18px; background-color:#7e7570; border-radius:3px; margin-right:3px; border:1px solid #666;' title='#7e7570'></span>,Black
161,161,cz,Veneziana Beautifull Punčochy 1 2 Nero,"Samodržící punčochy smyslně průsvitné. Na horním okraji je zdobí delikátní krajka. Složení: 88% polyamid, 12% elastan.",39577,womens-hosiery,Bag,Bag,True,True,True,True,Blue,0.2216,0.5187,"['#7c8d98', '#9eacb4', '#1b1d26', '#4e5c63']",custom-tag,99.99,False,Product class not explicitly described in name,"[""#7b8d97"", ""#9dacb4"", ""#1b1d26"", ""#4f5d64""]","[[123, 141, 151], [157, 172, 180], [27, 29, 38], [79, 93, 100]]","Blue, Grey, Black, Navy Blue",<span style='display:inline-block; width:18px; height:18px; background-color:#7b8d97; border-radius:3px; margin-right:3px; border:1px solid #666;' title='#7b8d97'></span><span style='display:inline-block; width:18px; height:18px; background-color:#9dacb4; border-radius:3px; margin-right:3px; border:1px solid #666;' title='#9dacb4'></span><span style='display:inline-block; width:18px; height:18px; background-color:#1b1d26; border-radius:3px; margin-right:3px; border:1px solid #666;' title='#1b1d26'></span><span style='display:inline-block; width:18px; height:18px; background-color:#4f5d64; border-radius:3px; margin-right:3px; border:1px solid #666;' title='#4f5d64'></span>,Blue
162,162,cz,Andalea MC 9049 Pánské boxerky L XL červená,"Kategorie: Pánské erotické prádlo Typ: Sexy boxerky Výrobce: AndaleaBoxerky hvězd, troufáme si vydat takovéto prohlášení! Je řeč o boxerkách od firmy Andalea z lesklé pleteniny pikantně červené barvy. Sexy a přitahující ženskou pozornost. Překvapivým kontrastním prvkem je bílé lemování obepínající mužské poklady a na gumičkách na bedrech. Zajisté je to netradiční nabídka, ale jsme si jistí, že si najdou své příznivce. Perfektní sladění materiálů, sexy zip sám prosí o to, aby ho někdo rozepnul…! Pánské erotické spodní prádlo, které zajistí zábavnou atmosféru ve Vaší ložnici!Zkontrolujte svou velikost - Tabulka velikostí Andalea",6133,mens-undergarments,Trouser,Trouser,True,False,False,False,White,0.1439,0.889,"['#ece0df', '#760817', '#c23548', '#eb848b']",custom-tag,28.14,True,Relevant keyword 'boxerky' found in name,"[""#ecdfdf"", ""#6e0714"", ""#b2263a"", ""#e2777f""]","[[236, 223, 223], [110, 7, 20], [178, 38, 58], [226, 119, 127]]","White, Red",<span style='display:inline-block; width:18px; height:18px; background-color:#ecdfdf; border-radius:3px; margin-right:3px; border:1px solid #666;' title='#ecdfdf'></span><span style='display:inline-block; width:18px; height:18px; background-color:#6e0714; border-radius:3px; margin-right:3px; border:1px solid #666;' title='#6e0714'></span><span style='display:inline-block; width:18px; height:18px; background-color:#b2263a; border-radius:3px; margin-right:3px; border:1px solid #666;' title='#b2263a'></span><span style='display:inline-block; width:18px; height:18px; background-color:#e2777f; border-radius:3px; margin-right:3px; border:1px solid #666;' title='#e2777f'></span>,White
163,163,cz,Legíny gWINNER Push-Up Leggins Anti Cellulite,Funkční legíny gWINNER Anti Cellulitte.,373,womens-pants,Dress,Dress,True,True,True,False,Grey,0.172,0.3367,"['#2d2c2f', '#ece2de', '#827675', '#e53b3f']",custom-tag,95.63,False,Product class not explicitly described in name,"[""#2d2b2f"", ""#ece1de"", ""#7e7171"", ""#e43b3f""]","[[45, 43, 47], [236, 225, 222], [126, 113, 113], [228, 59, 63]]","Grey, White, Red",<span style='display:inline-block; width:18px; height:18px; background-color:#2d2b2f; border-radius:3px; margin-right:3px; border:1px solid #666;' title='#2d2b2f'></span><span style='display:inline-block; width:18px; height:18px; background-color:#ece1de; border-radius:3px; margin-right:3px; border:1px solid #666;' title='#ece1de'></span><span style='display:inline-block; width:18px; height:18px; background-color:#7e7171; border-radius:3px; margin-right:3px; border:1px solid #666;' title='#7e7171'></span><span style='display:inline-block; width:18px; height:18px; background-color:#e43b3f; border-radius:3px; margin-right:3px; border:1px solid #666;' title='#e43b3f'></span>,Grey
165,165,cz,Peněženka Guess Katlina Slim Clutch černá,"Dámská peněženka Guess Katlina Slim Clutch z kolekce podzim 2012      - přední strana zdobena logem Guess a kamínky   - vnější kapsa na zip   - 13 kapes na karty   - ID okno   - 3 kapsy na papírové bankovky   - kovové komponenty ve stříbrném tónu   - umělá kůže s reliéfem   - jednoduchá, elegantní",204,handbags,Bag,Bag,True,True,True,False,Grey,0.034,0.6141,"['#d9d5d1', '#252526', '#b4b0ae', '#888583']",custom-tag,99.99,True,Relevant keyword 'peněženka' found in name,"[""#d9d5d1"", ""#2b2b2c"", ""#181818"", ""#a5a19e""]","[[217, 213, 209], [43, 43, 44], [24, 24, 24], [165, 161, 158]]","Grey, Black",<span style='display:inline-block; width:18px; height:18px; background-color:#d9d5d1; border-radius:3px; margin-right:3px; border:1px solid #666;' title='#d9d5d1'></span><span style='display:inline-block; width:18px; height:18px; background-color:#2b2b2c; border-radius:3px; margin-right:3px; border:1px solid #666;' title='#2b2b2c'></span><span style='display:inline-block; width:18px; height:18px; background-color:#181818; border-radius:3px; margin-right:3px; border:1px solid #666;' title='#181818'></span><span style='display:inline-block; width:18px; height:18px; background-color:#a5a19e; border-radius:3px; margin-right:3px; border:1px solid #666;' title='#a5a19e'></span>,Grey
166,166,cz,Mikina Guess Washed Lounge Logo Hoodie šedá,Dámská pohodlná mikina pro volný čas Guess Washed Lounge Logo Hoodie z kolekce podzim 2013    - dlouhé rukávy - logo Guess na rukávu  - dvě přední kapsy   - kapuce   - zapínání na zip   - praní v pračce,236,womens-sweatshirts,Dress,Dress,True,True,True,False,Grey,0.0377,0.559,"['#787676', '#a1a09f', '#efece9', '#4b443f']",custom-tag,63.9,False,Product class not explicitly described in name,"[""#777675"", ""#a09f9e"", ""#eeebe8"", ""#49413c""]","[[119, 118, 117], [160, 159, 158], [238, 235, 232], [73, 65, 60]]","Grey, White, Brown",<span style='display:inline-block; width:18px; height:18px; background-color:#777675; border-radius:3px; margin-right:3px; border:1px solid #666;' title='#777675'></span><span style='display:inline-block; width:18px; height:18px; background-color:#a09f9e; border-radius:3px; margin-right:3px; border:1px solid #666;' title='#a09f9e'></span><span style='display:inline-block; width:18px; height:18px; background-color:#eeebe8; border-radius:3px; margin-right:3px; border:1px solid #666;' title='#eeebe8'></span><span style='display:inline-block; width:18px; height:18px; background-color:#49413c; border-radius:3px; margin-right:3px; border:1px solid #666;' title='#49413c'></span>,Grey
167,167,cz,Halenka Guess Flutter-Sleeve Pintuck Top,"Lehká, pohodlná dámská bavlněná halenka Guess Flutter-Sleeve Pintuck Top z kolekce jaro 2014           - široký kulatý výstřih    - krátké zvonové rukávy    - hluboký výstřih i na zadním dílu    - háčkovaný detail ve výstřihu    - v pase šňůrka na stáhnutí    - lehká, pohodlná halenka    - příjemné nošení    - ruční praní",6,womens-blouses-and-shirts,Bag,Bag,True,True,True,False,White,0.0811,0.8245,"['#eaefed', '#c1c6c4', '#4a3021', '#858e8a']",custom-tag,62.73,False,Product class not explicitly described in name,"[""#eaefed"", ""#c0c5c3"", ""#838e8b"", ""#492f20""]","[[234, 239, 237], [192, 197, 195], [131, 142, 139], [73, 47, 32]]","White, Grey, Brown",<span style='display:inline-block; width:18px; height:18px; background-color:#eaefed; border-radius:3px; margin-right:3px; border:1px solid #666;' title='#eaefed'></span><span style='display:inline-block; width:18px; height:18px; background-color:#c0c5c3; border-radius:3px; margin-right:3px; border:1px solid #666;' title='#c0c5c3'></span><span style='display:inline-block; width:18px; height:18px; background-color:#838e8b; border-radius:3px; margin-right:3px; border:1px solid #666;' title='#838e8b'></span><span style='display:inline-block; width:18px; height:18px; background-color:#492f20; border-radius:3px; margin-right:3px; border:1px solid #666;' title='#492f20'></span>,White
168,168,cz,Katana Peněženka kožená pánská,"Vnitřní uspořádání:      - kapsa na mince se zapíná na patent   -    zipová kapsička např. na platební kartu vedle kapsy na mince       -    ve vnitřním prostoru obsahujícím dokladovou část, která se zajistí zápinkou nalezneme:          -    1 přihrádka na papírové bankovky       -    10 přihrádek na kreditní karty       -    2 průhledné síťované přihrádky na doklady              Barevné provedení:    hnědá     Materiál:    hovězí useň     Rozměry:    zavřená 10 x 12,5 cm     otevřená 15,5 x 21 cm",203,womens-wallets,Bag,Bag,True,True,True,True,Red,0.3547,0.4054,"['#4b2d2b', '#eaede4', '#b5adb2', '#7d6464']",custom-tag,64.45,True,Relevant keyword 'peněženka' found in name,"[""#50312f"", ""#e1e2dc"", ""#948486"", ""#1b100f""]","[[80, 49, 47], [225, 226, 220], [148, 132, 134], [27, 16, 15]]","Red, White, Grey, Black",<span style='display:inline-block; width:18px; height:18px; background-color:#50312f; border-radius:3px; margin-right:3px; border:1px solid #666;' title='#50312f'></span><span style='display:inline-block; width:18px; height:18px; background-color:#e1e2dc; border-radius:3px; margin-right:3px; border:1px solid #666;' title='#e1e2dc'></span><span style='display:inline-block; width:18px; height:18px; background-color:#948486; border-radius:3px; margin-right:3px; border:1px solid #666;' title='#948486'></span><span style='display:inline-block; width:18px; height:18px; background-color:#1b100f; border-radius:3px; margin-right:3px; border:1px solid #666;' title='#1b100f'></span>,Red
169,169,cz,Anais - Erotické kalhotky Kitten XXL bílá,"Kategorie: Dámské erotické prádlo Typ: Kalhotky s otvorem Výrobce: Anais Apparel Luxury LingerieKalhotky Anais Kitten s otevřeným rozkrokem. Jsou vyrobeny z jemné, měkké krajky. Kalhotky jsou v přední části zdobeny mašlí. Barva: bílá, černá.Složení: 80% poliamid, 20% elastanZkontrolujte svou velikost - Tabulka velikostí Anais",5382,panties-and-thongs,Shirt,Shirt,False,True,False,False,Grey,0.0518,0.6462,"['#857f80', '#bab5b4', '#ebe5e3', '#332826']",custom-tag,90.94,False,Product class not explicitly described in name,"[""#847e7f"", ""#bab4b3"", ""#ebe6e4"", ""#261916""]","[[132, 126, 127], [186, 180, 179], [235, 230, 228], [38, 25, 22]]","Grey, White, Black",<span style='display:inline-block; width:18px; height:18px; background-color:#847e7f; border-radius:3px; margin-right:3px; border:1px solid #666;' title='#847e7f'></span><span style='display:inline-block; width:18px; height:18px; background-color:#bab4b3; border-radius:3px; margin-right:3px; border:1px solid #666;' title='#bab4b3'></span><span style='display:inline-block; width:18px; height:18px; background-color:#ebe6e4; border-radius:3px; margin-right:3px; border:1px solid #666;' title='#ebe6e4'></span><span style='display:inline-block; width:18px; height:18px; background-color:#261916; border-radius:3px; margin-right:3px; border:1px solid #666;' title='#261916'></span>,Grey
171,171,cz,Veneziana Calze Punčochy 2-S Nero,"Samodržící punčochy vhodné k podvazkovému pásu. Jsou vyrobené z lycry, smyslně průsvitné. Na horním okraji zesílené zakončení.Složení: 88% polyamid, 12% elastan.",39577,womens-hosiery,Bag,Bag,True,True,True,True,Grey,0.2129,0.5643,"['#9badb4', '#7a9198', '#181e26', '#4a585d']",custom-tag,99.99,False,Product class not explicitly described in name,"[""#9badb4"", ""#7b9199"", ""#191e26"", ""#49575d""]","[[155, 173, 180], [123, 145, 153], [25, 30, 38], [73, 87, 93]]","Grey, Cyan/Turquoise, Black",<span style='display:inline-block; width:18px; height:18px; background-color:#9badb4; border-radius:3px; margin-right:3px; border:1px solid #666;' title='#9badb4'></span><span style='display:inline-block; width:18px; height:18px; background-color:#7b9199; border-radius:3px; margin-right:3px; border:1px solid #666;' title='#7b9199'></span><span style='display:inline-block; width:18px; height:18px; background-color:#191e26; border-radius:3px; margin-right:3px; border:1px solid #666;' title='#191e26'></span><span style='display:inline-block; width:18px; height:18px; background-color:#49575d; border-radius:3px; margin-right:3px; border:1px solid #666;' title='#49575d'></span>,Grey
172,172,cz,Briliantové snubní prsteny v bílém zlatě KLENOTA s0022012,"Luxusní snubní prsteny vyrobené z bílého 14k zlata. Pánský prsten je klasický a nadčasový kroužek se zaoblenými hranami a lesklým povrchem. Dámský prsten je typu eternity, je tedy posázen diamanty po celém obvodu. Počet a velikost diamantů se může lišit v závislosti na požadované velikosti prstenu. Níže uvedené parametry platí pro velikost 52. Cena v jiné velikosti na dotaz.",467,womens-rings,Sandal,Sandal,True,True,True,False,White,0.0126,0.8493,"['#ebeced', '#cccccf', '#a3a3a5', '#5e5e60']",custom-tag,45.59,False,Product class not explicitly described in name,"[""#ebecee"", ""#cccdcf"", ""#a4a4a6"", ""#5d5e5f""]","[[235, 236, 238], [204, 205, 207], [164, 164, 166], [93, 94, 95]]","White, Grey",<span style='display:inline-block; width:18px; height:18px; background-color:#ebecee; border-radius:3px; margin-right:3px; border:1px solid #666;' title='#ebecee'></span><span style='display:inline-block; width:18px; height:18px; background-color:#cccdcf; border-radius:3px; margin-right:3px; border:1px solid #666;' title='#cccdcf'></span><span style='display:inline-block; width:18px; height:18px; background-color:#a4a4a6; border-radius:3px; margin-right:3px; border:1px solid #666;' title='#a4a4a6'></span><span style='display:inline-block; width:18px; height:18px; background-color:#5d5e5f; border-radius:3px; margin-right:3px; border:1px solid #666;' title='#5d5e5f'></span>,White
173,173,cz,Náhrdelník s bezel briliantem v bílém zlatě KLENOTA k0469012,Jemný náhrdelník z bílého 14k zlata zdobí kulatý diamant v bezel neboli lunetovém zasazení. Díky němu je diamant bezpečně usazen a náhrdelník je tak vhodný pro každý den. Bílé zlato bude vždy trendy a lze jej kombinovat úplně se vším.,469,womens-necklaces,Sandal,Sandal,True,True,True,False,White,0.0151,0.8071,"['#edeeef', '#cccdce', '#9d9ea0', '#494a4d']",custom-tag,28.79,False,Product class not explicitly described in name,"[""#edeeef"", ""#cccdce"", ""#9d9ea0"", ""#48494c""]","[[237, 238, 239], [204, 205, 206], [157, 158, 160], [72, 73, 76]]","White, Grey",<span style='display:inline-block; width:18px; height:18px; background-color:#edeeef; border-radius:3px; margin-right:3px; border:1px solid #666;' title='#edeeef'></span><span style='display:inline-block; width:18px; height:18px; background-color:#cccdce; border-radius:3px; margin-right:3px; border:1px solid #666;' title='#cccdce'></span><span style='display:inline-block; width:18px; height:18px; background-color:#9d9ea0; border-radius:3px; margin-right:3px; border:1px solid #666;' title='#9d9ea0'></span><span style='display:inline-block; width:18px; height:18px; background-color:#48494c; border-radius:3px; margin-right:3px; border:1px solid #666;' title='#48494c'></span>,White
174,174,cz,NoName Plesové šaty nejen do tanečních černozlaté,"Atraktivní plesové třpytivé šaty - koktejlky UNI vel.  Materiál je strečový, tedy se lehce přizpůsobí jakékoliv postavě. Jsou velmi elegantní a slušivé, pro slečny či mladé ženy  Rozměry: obvod přes prsa 90-115cm,  obvod v pase 78-90cm,  obvod přes boky 88-106cm,  délka 83cm  Materiál: 92%polyester, 8%elastan",184,dresses,T-shirt/top,T-shirt/top,False,True,False,True,Black,0.2259,0.1624,"['#161616', '#312f2c', '#716b64', '#e6dbcc']",custom-tag,66.26,False,Product class not explicitly described in name,"[""#161615"", ""#2e2c2a"", ""#6c6760"", ""#e4d9ca""]","[[22, 22, 21], [46, 44, 42], [108, 103, 96], [228, 217, 202]]","Black, Grey, White",<span style='display:inline-block; width:18px; height:18px; background-color:#161615; border-radius:3px; margin-right:3px; border:1px solid #666;' title='#161615'></span><span style='display:inline-block; width:18px; height:18px; background-color:#2e2c2a; border-radius:3px; margin-right:3px; border:1px solid #666;' title='#2e2c2a'></span><span style='display:inline-block; width:18px; height:18px; background-color:#6c6760; border-radius:3px; margin-right:3px; border:1px solid #666;' title='#6c6760'></span><span style='display:inline-block; width:18px; height:18px; background-color:#e4d9ca; border-radius:3px; margin-right:3px; border:1px solid #666;' title='#e4d9ca'></span>,Black
175,175,cz,Bonami Krémová plechová dóza na čaj Kitchen Craft Nostalgia,"Plechové dózy Kitchen Craft jsou praktické i dekorativní zároveň. A tak když zrovna nebudete co dát dovnitř, nevadí. I tak si ji dejte pěkně na poličku všem na oči! Díky jemným pastelovým barvám budete mít doplněk, který bude stále trendy!",2951,kitchen,Pullover,Pullover,True,True,True,False,White,0.0713,0.8979,"['#f1eee3', '#d8d4c6', '#b2ae9f', '#686a69']",custom-tag,33.39,False,Product class not explicitly described in name,"[""#f1ede2"", ""#d7d3c4"", ""#b1ac9e"", ""#646664""]","[[241, 237, 226], [215, 211, 196], [177, 172, 158], [100, 102, 100]]","White, Grey",<span style='display:inline-block; width:18px; height:18px; background-color:#f1ede2; border-radius:3px; margin-right:3px; border:1px solid #666;' title='#f1ede2'></span><span style='display:inline-block; width:18px; height:18px; background-color:#d7d3c4; border-radius:3px; margin-right:3px; border:1px solid #666;' title='#d7d3c4'></span><span style='display:inline-block; width:18px; height:18px; background-color:#b1ac9e; border-radius:3px; margin-right:3px; border:1px solid #666;' title='#b1ac9e'></span><span style='display:inline-block; width:18px; height:18px; background-color:#646664; border-radius:3px; margin-right:3px; border:1px solid #666;' title='#646664'></span>,White
176,176,cz,Bonami Krémová plechová dóza na cukr Kitchen Craft Nostalgia,"Plechové dózy Kitchen Craft jsou praktické i dekorativní zároveň. A tak když zrovna nebudete co dát dovnitř, nevadí. I tak si ji dejte pěkně na poličku všem na oči! Díky jemným pastelovým barvám budete mít doplněk, který bude stále trendy!",2951,kitchen,Pullover,Pullover,True,True,True,False,White,0.0763,0.8914,"['#ece9dc', '#c7c2b2', '#fcfbf6', '#707272']",custom-tag,34.21,False,Product class not explicitly described in name,"[""#f0ede2"", ""#d7d2c4"", ""#b2ad9e"", ""#656a6c""]","[[240, 237, 226], [215, 210, 196], [178, 173, 158], [101, 106, 108]]","White, Grey",<span style='display:inline-block; width:18px; height:18px; background-color:#f0ede2; border-radius:3px; margin-right:3px; border:1px solid #666;' title='#f0ede2'></span><span style='display:inline-block; width:18px; height:18px; background-color:#d7d2c4; border-radius:3px; margin-right:3px; border:1px solid #666;' title='#d7d2c4'></span><span style='display:inline-block; width:18px; height:18px; background-color:#b2ad9e; border-radius:3px; margin-right:3px; border:1px solid #666;' title='#b2ad9e'></span><span style='display:inline-block; width:18px; height:18px; background-color:#656a6c; border-radius:3px; margin-right:3px; border:1px solid #666;' title='#656a6c'></span>,White
177,177,cz,Bonami Krémová plechová dóza na chléb Kitchen Craft Nostalgia,"Praktické i dekorativní zároveň? Britská značka Kitchen Craft to dokazuje se svou něžnou kolekcí plechových dóz, které budou slušet jak moderně laděnému domovu, tak tomu rustikálnímu. A pokud zrovna nemáte do dózy co dát, nevadí. Takovou krásu můžete klidně vystavit v kuchyni na poličce jen tak!",2951,kitchen,Shirt,Shirt,True,True,True,False,White,0.0734,0.885,"['#f4f2e7', '#dfdcce', '#b3afa2', '#64635d']",custom-tag,23.22,False,Product class not explicitly described in name,"[""#f4f1e6"", ""#dfdbcd"", ""#b1ad9f"", ""#5e5e59""]","[[244, 241, 230], [223, 219, 205], [177, 173, 159], [94, 94, 89]]","White, Grey",<span style='display:inline-block; width:18px; height:18px; background-color:#f4f1e6; border-radius:3px; margin-right:3px; border:1px solid #666;' title='#f4f1e6'></span><span style='display:inline-block; width:18px; height:18px; background-color:#dfdbcd; border-radius:3px; margin-right:3px; border:1px solid #666;' title='#dfdbcd'></span><span style='display:inline-block; width:18px; height:18px; background-color:#b1ad9f; border-radius:3px; margin-right:3px; border:1px solid #666;' title='#b1ad9f'></span><span style='display:inline-block; width:18px; height:18px; background-color:#5e5e59; border-radius:3px; margin-right:3px; border:1px solid #666;' title='#5e5e59'></span>,White
180,180,cz,Livia Corsetti Kalista Erotický Kostým XL černá,"Kategorie: Dámské erotické prádlo Typ: Erotické kostýmy Výrobce: Livia Corsetti FashionKomplet policistky která je připravena vás zatknout. Provedení je v barvě černé. Součásti kompletu je čepice, top, mini sukénky, opasek, rukavičky a pouta. Baleno v BIG krabici. Této model je velice oblíbený!Zkontrolujte svou velikost - Tabulka velikostí Livia Corsetti Fashion",430,corsets-and-garter-belts,Bag,Bag,False,True,False,False,Black,0.177,0.3755,"['#14100f', '#998d88', '#ddd4d1', '#473e39']",custom-tag,99.3,False,Product class not explicitly described in name,"[""#14100f"", ""#998d89"", ""#ded4d1"", ""#493f39""]","[[20, 16, 15], [153, 141, 137], [222, 212, 209], [73, 63, 57]]","Black, Grey, Brown",<span style='display:inline-block; width:18px; height:18px; background-color:#14100f; border-radius:3px; margin-right:3px; border:1px solid #666;' title='#14100f'></span><span style='display:inline-block; width:18px; height:18px; background-color:#998d89; border-radius:3px; margin-right:3px; border:1px solid #666;' title='#998d89'></span><span style='display:inline-block; width:18px; height:18px; background-color:#ded4d1; border-radius:3px; margin-right:3px; border:1px solid #666;' title='#ded4d1'></span><span style='display:inline-block; width:18px; height:18px; background-color:#493f39; border-radius:3px; margin-right:3px; border:1px solid #666;' title='#493f39'></span>,Black
181,181,cz,Livia Corsetti Sarit Rukavičky Univerzální černá,"Kategorie: Dámské erotické prádlo Typ: Rukavičky Výrobce: Livia Corsetti FashionNádherné rukavičky Sarit značky LIVCO CORSETTI. Rukavičky jsou černé barvy a jsou ze síťovaného materiálu, který je zdoben saténovými stuhami. Rukavičky budou vhodným doplňkem k jakémukoliv erotickému spodnímu prádlu a jsou vhodné i jako dárek, protože jsou baleny v luxusní krabičce.Zkontrolujte svou velikost - Tabulka velikostí Livia Corsetti Fashion",430,corsets-and-garter-belts,T-shirt/top,T-shirt/top,False,True,False,True,Black,0.3602,0.3801,"['#261711', '#9a968f', '#cdc9c4', '#644a3e']",custom-tag,59.79,False,Product class not explicitly described in name,"[""#271711"", ""#9e9b93"", ""#cfccc6"", ""#6b544c""]","[[39, 23, 17], [158, 155, 147], [207, 204, 198], [107, 84, 76]]","Brown, Grey, Orange",<span style='display:inline-block; width:18px; height:18px; background-color:#271711; border-radius:3px; margin-right:3px; border:1px solid #666;' title='#271711'></span><span style='display:inline-block; width:18px; height:18px; background-color:#9e9b93; border-radius:3px; margin-right:3px; border:1px solid #666;' title='#9e9b93'></span><span style='display:inline-block; width:18px; height:18px; background-color:#cfccc6; border-radius:3px; margin-right:3px; border:1px solid #666;' title='#cfccc6'></span><span style='display:inline-block; width:18px; height:18px; background-color:#6b544c; border-radius:3px; margin-right:3px; border:1px solid #666;' title='#6b544c'></span>,Brown
182,182,cz,Obsessive Garter stockings S307 black Podvazkový pás s punčochy XL XXL černá,"Kategorie: Dámské erotické prádlo Typ: Podvazkový pás s punčochy Výrobce: ObsessiveElastické punčochy s podvazkovým pásem vyrobené z měkké síťoviny tvoří ideální komplet. Perfektní pro svůdkyně! Část pásu je zdobená jemným rostlinným vzorem. Zakončení širokou gumou zajišťuje pohodlí. Dostupné v černé a bílé barvě.Materiálové složení: 90% nylon, 10% elasten.Zkontrolujte svou velikost - Tabulka velikostí Obsessive",430,corsets-and-garter-belts,Bag,Bag,False,True,False,True,Navy Blue,0.2708,0.4065,"['#5e6179', '#42425b', '#2d2738', '#fcfafb']",custom-tag,99.71,False,Product class not explicitly described in name,"[""#5e6179"", ""#41415a"", ""#2b2535"", ""#fcfafb""]","[[94, 97, 121], [65, 65, 90], [43, 37, 53], [252, 250, 251]]","Navy Blue, Purple, White",<span style='display:inline-block; width:18px; height:18px; background-color:#5e6179; border-radius:3px; margin-right:3px; border:1px solid #666;' title='#5e6179'></span><span style='display:inline-block; width:18px; height:18px; background-color:#41415a; border-radius:3px; margin-right:3px; border:1px solid #666;' title='#41415a'></span><span style='display:inline-block; width:18px; height:18px; background-color:#2b2535; border-radius:3px; margin-right:3px; border:1px solid #666;' title='#2b2535'></span><span style='display:inline-block; width:18px; height:18px; background-color:#fcfafb; border-radius:3px; margin-right:3px; border:1px solid #666;' title='#fcfafb'></span>,Navy Blue
183,183,cz,Andalea Loretta Korzet 50 52 bílá,"Kategorie: Erotické spodní prádlo XXXL Typ: Sexy korzety XXXL Výrobce: AndaleaNeuvěřitelně svůdný krajkový korzet, kterému žádný muž neodolá! Zadní část korzetu tvoří šněrování na bílou saténovou stuhu – sexy, ale praktické zároveň, korzet se totiž dá velikostně přizpůsobit, a padne tak jako ulitý. Jemná elastická krajka tělo obepne a zdůrazní tak ženské tvary. Prádlo je na užší, délkově nastavitelná ramínka, takže padne opravdu každé postavě. Korzet má ve spodní části upínání na podvazky. V sadě najdete také bílá síťkovaná tanga s tenkými elastickými šňůrkami.Zkontrolujte svou velikost - Tabulka velikostí Andalea",430,corsets-and-garter-belts,T-shirt/top,T-shirt/top,False,True,False,True,Grey,0.2279,0.6734,"['#a2a6a6', '#cbd1d9', '#412612', '#856132']",custom-tag,59.59,False,Product class not explicitly described in name,"[""#a3a8a8"", ""#cbd2d9"", ""#422611"", ""#846335""]","[[163, 168, 168], [203, 210, 217], [66, 38, 17], [132, 99, 53]]","Grey, Brown, Orange",<span style='display:inline-block; width:18px; height:18px; background-color:#a3a8a8; border-radius:3px; margin-right:3px; border:1px solid #666;' title='#a3a8a8'></span><span style='display:inline-block; width:18px; height:18px; background-color:#cbd2d9; border-radius:3px; margin-right:3px; border:1px solid #666;' title='#cbd2d9'></span><span style='display:inline-block; width:18px; height:18px; background-color:#422611; border-radius:3px; margin-right:3px; border:1px solid #666;' title='#422611'></span><span style='display:inline-block; width:18px; height:18px; background-color:#846335; border-radius:3px; margin-right:3px; border:1px solid #666;' title='#846335'></span>,Grey
184,184,cz,Andalea Brigitte Korzet 50 52 černá,"Kategorie: Erotické spodní prádlo XXXL Typ: Sexy korzety XXXL Výrobce: AndaleaČerná a červená korzet. Korzet z černé kabelem latesku širokou saténovou stuhou červenou. Od podvazku klipy našity na ramenou je černá elastická páska prolamované, přidání neobvyklý efekt.Sada obsahuje černé kalhotky tanga.Zkontrolujte svou velikost - Tabulka velikostí Andalea",430,corsets-and-garter-belts,Shirt,Shirt,False,True,False,True,Black,0.4821,0.3469,"['#221516', '#921f39', '#483b42', '#d1a3ac']",custom-tag,69.6,False,Product class not explicitly described in name,"[""#221516"", ""#901e37"", ""#483a40"", ""#d0a3ab""]","[[34, 21, 22], [144, 30, 55], [72, 58, 64], [208, 163, 171]]","Black, Red, Pink/Magenta, Pink",<span style='display:inline-block; width:18px; height:18px; background-color:#221516; border-radius:3px; margin-right:3px; border:1px solid #666;' title='#221516'></span><span style='display:inline-block; width:18px; height:18px; background-color:#901e37; border-radius:3px; margin-right:3px; border:1px solid #666;' title='#901e37'></span><span style='display:inline-block; width:18px; height:18px; background-color:#483a40; border-radius:3px; margin-right:3px; border:1px solid #666;' title='#483a40'></span><span style='display:inline-block; width:18px; height:18px; background-color:#d0a3ab; border-radius:3px; margin-right:3px; border:1px solid #666;' title='#d0a3ab'></span>,Black
185,185,cz,Andalea Ester Korzet 50 52 černá,"Kategorie: Erotické spodní prádlo XXXL Typ: Sexy korzety XXXL Výrobce: AndaleaJedním tahem začarujete jeho svět. Překypující erotikou korzet zdobený krajkou zajisté rozpálí touhu v nejednom muži. Korzet je z látky, která imituje latex. Přitahující pozornost červený zip vám umožní jedním pohybem ukázat mnohem, mnohem více...Komplet doplňuje límeček na zapínání.Zkontrolujte svou velikost - Tabulka velikostí Andalea",430,corsets-and-garter-belts,Bag,Bag,False,True,False,True,White,0.4309,0.7502,"['#e9dcd8', '#2a0c08', '#e80907', '#ce6d4b']",custom-tag,92.88,False,Product class not explicitly described in name,"[""#e9ddd8"", ""#280b08"", ""#ea0907"", ""#d36e4b""]","[[233, 221, 216], [40, 11, 8], [234, 9, 7], [211, 110, 75]]","White, Red, Orange",<span style='display:inline-block; width:18px; height:18px; background-color:#e9ddd8; border-radius:3px; margin-right:3px; border:1px solid #666;' title='#e9ddd8'></span><span style='display:inline-block; width:18px; height:18px; background-color:#280b08; border-radius:3px; margin-right:3px; border:1px solid #666;' title='#280b08'></span><span style='display:inline-block; width:18px; height:18px; background-color:#ea0907; border-radius:3px; margin-right:3px; border:1px solid #666;' title='#ea0907'></span><span style='display:inline-block; width:18px; height:18px; background-color:#d36e4b; border-radius:3px; margin-right:3px; border:1px solid #666;' title='#d36e4b'></span>,White
186,186,cz,Esotiq Marisa 31231 -50X Dámské pyžamo L jako na fotografii,"Velmi pohodlné dámské pyžamko. Skládá se z tílka a šortek. Tílko je ozdobeno zajímavým potiskem, šortky jsou pruhované. V pase je elastická guma, která se přizpůsobí Vašim křivkám. Šortky mají navíc praktické kapsičky. Tento model využijete na spaní, ale i běžné nošení.Složení: 95% bavlna, 5% elastan.",386,women-s-shorts,Trouser,Trouser,True,True,True,True,White,0.1839,0.7513,"['#d7e4ea', '#7b5661', '#a57e87', '#bcbfc6']",custom-tag,50.15,False,Product class not explicitly described in name,"[""#d7e4e9"", ""#7c5762"", ""#a67e87"", ""#bdbfc5""]","[[215, 228, 233], [124, 87, 98], [166, 126, 135], [189, 191, 197]]","White, Pink/Magenta, Pink, Grey",<span style='display:inline-block; width:18px; height:18px; background-color:#d7e4e9; border-radius:3px; margin-right:3px; border:1px solid #666;' title='#d7e4e9'></span><span style='display:inline-block; width:18px; height:18px; background-color:#7c5762; border-radius:3px; margin-right:3px; border:1px solid #666;' title='#7c5762'></span><span style='display:inline-block; width:18px; height:18px; background-color:#a67e87; border-radius:3px; margin-right:3px; border:1px solid #666;' title='#a67e87'></span><span style='display:inline-block; width:18px; height:18px; background-color:#bdbfc5; border-radius:3px; margin-right:3px; border:1px solid #666;' title='#bdbfc5'></span>,White
187,187,cz,Axami V-5391 Praise me Podprsenka 75D černo-stříbrná,"V efektní podprsence V-5391 Praise Me si budete připadat neuvěřitelně sexy. Model má dvojitou tylovou vrstvu a stříbrnou krajku na košíčcích. Má standartní, nastavitelná ramínka zapínání na háčky a zavazuje se za krkem. Dokonalá volba pro ženy, které chtějí oslnit a fascinovat. Stříbrná výšivka je velice elegantní a sofistikovaná. Doporučujeme také podvazkový pás V-5392 a tanga V-5398.Složení: 67% polyamid, 13% bavlna, 10% polyuretan, 5% polyestér, 5% elastan.",430,corsets-and-garter-belts,T-shirt/top,T-shirt/top,False,True,False,True,Black,0.254,0.5598,"['#251616', '#c3c4c7', '#eaeaeb', '#6b442e']",custom-tag,57.41,False,Product class not explicitly described in name,"[""#251616"", ""#c3c4c7"", ""#ebeaeb"", ""#6d452d""]","[[37, 22, 22], [195, 196, 199], [235, 234, 235], [109, 69, 45]]","Black, Grey, White, Orange",<span style='display:inline-block; width:18px; height:18px; background-color:#251616; border-radius:3px; margin-right:3px; border:1px solid #666;' title='#251616'></span><span style='display:inline-block; width:18px; height:18px; background-color:#c3c4c7; border-radius:3px; margin-right:3px; border:1px solid #666;' title='#c3c4c7'></span><span style='display:inline-block; width:18px; height:18px; background-color:#ebeaeb; border-radius:3px; margin-right:3px; border:1px solid #666;' title='#ebeaeb'></span><span style='display:inline-block; width:18px; height:18px; background-color:#6d452d; border-radius:3px; margin-right:3px; border:1px solid #666;' title='#6d452d'></span>,Black
188,188,cz,Livia Corsetti Bodystocking Zita red S L červená,"Kategorie: Dámské erotické prádloTyp: BodystockingVýrobce: Livia Corsetti FashionSexy červený bodystocking ZITA LivCo zdoben květinovými vzory má svůdný otvor v rozkroku, který zasahuje k pupíku a nad zadeček. Na prsou je zdoben šněrováním. Vlastnosti:otevřený rozkrokelastická tkaninauniverzální velikost - ideálně se hodí pro lidi, kteří nosí velikost S, M a L Materiál: 90% Polyamid, 10% ElastanTabulka velikostí Livia CorsettiVelikostObvod přes prsaObvod pasuObvod bokůS M84-9262-7488-98L XL93-10075-8299-109S L84-9662-7888-104XL XXL97-10479-88105-117S84-8862-6888-93M89-9269-7494-98L93-9675-7899-104XL97-10079-82105-109XXL101-10483-90110-117XXXL105-10891-100118-122",430,corsets-and-garter-belts,T-shirt/top,T-shirt/top,False,True,False,True,Black,0.2857,0.2971,"['#231f1d', '#3c3433', '#a82325', '#b95a51']",custom-tag,52.38,False,Product class not explicitly described in name,"[""#231f1d"", ""#3d3535"", ""#a82426"", ""#bc5950""]","[[35, 31, 29], [61, 53, 53], [168, 36, 38], [188, 89, 80]]","Black, Grey, Red",<span style='display:inline-block; width:18px; height:18px; background-color:#231f1d; border-radius:3px; margin-right:3px; border:1px solid #666;' title='#231f1d'></span><span style='display:inline-block; width:18px; height:18px; background-color:#3d3535; border-radius:3px; margin-right:3px; border:1px solid #666;' title='#3d3535'></span><span style='display:inline-block; width:18px; height:18px; background-color:#a82426; border-radius:3px; margin-right:3px; border:1px solid #666;' title='#a82426'></span><span style='display:inline-block; width:18px; height:18px; background-color:#bc5950; border-radius:3px; margin-right:3px; border:1px solid #666;' title='#bc5950'></span>,Black
189,189,cz,Andalea MC 9001 Pánské boxerky L XL černá,"Kategorie: Pánské erotické prádlo Typ: Sexy boxerky Výrobce: AndaleaBoxerky od firmy Andalea jsou ušité z černé elastické látky. Byly zařazeny do nabídky našeho obchodu Ekskluzywna.pl vzhledem k inovativnímu přístupu návrháře pánského spodního prádla. Byla zde použitá kombinace hladké, přiléhavé k tělu látky, se svůdným latexem zapínaným na zip. Představujeme Vám tedy produkt na jednu stranu velmi pohodlný, elegantní, ale na druhou stranu mimořádně svůdný a smyslný! Tyto boxerky Andalea beze slov ukážou jaké má Váš partner s Vámi úmysly při setkání, na kterém je spatříte! Doporučujeme je také jako stejně výmluvný dárek pro něj! Přejeme hodně zážitků!Zkontrolujte svou velikost - Tabulka velikostí Andalea",6133,mens-undergarments,Trouser,Trouser,True,False,False,False,White,0.1124,0.8337,"['#f6eceb', '#0d070b', '#ca968f', '#4d3e3e']",custom-tag,25.78,True,Relevant keyword 'boxerky' found in name,"[""#f6eceb"", ""#0e080c"", ""#d59b93"", ""#675353""]","[[246, 236, 235], [14, 8, 12], [213, 155, 147], [103, 83, 83]]","White, Black, Pink",<span style='display:inline-block; width:18px; height:18px; background-color:#f6eceb; border-radius:3px; margin-right:3px; border:1px solid #666;' title='#f6eceb'></span><span style='display:inline-block; width:18px; height:18px; background-color:#0e080c; border-radius:3px; margin-right:3px; border:1px solid #666;' title='#0e080c'></span><span style='display:inline-block; width:18px; height:18px; background-color:#d59b93; border-radius:3px; margin-right:3px; border:1px solid #666;' title='#d59b93'></span><span style='display:inline-block; width:18px; height:18px; background-color:#675353; border-radius:3px; margin-right:3px; border:1px solid #666;' title='#675353'></span>,White
190,190,cz,Andalea MC 9006 Pánské boxerky L XL červená,"Kategorie: Pánské erotické prádlo Typ: Sexy boxerky Výrobce: AndaleaNovinkou na trhu se spodním prádlem je série elastických boxerek se zipem, které jsou navrhnuty tak, aby se v nich každý cítil velmi pohodlně. Představujeme Vám boxerky od firmy Andalea, které svým jednoduchým střihem připomínají sportovní spodní prádlo. Byly ušity z hladké, červené látky s černými doplňky. Potrhují majitelovu mužnost. Navíc svým ohnivým provedením se stříbřitým zipem uprostřed, jsou příkladem bezostyšného přístupu k pánskému spodnímu prádlu. Doslova v okamžiku odhalí to, co mají zahalovat! Ocení je muži, kteří mají rádi své pohodlí. Uplatní se, hledáte-li nějaké okořenění svých schůzek. Přinesou moment překvapení.Zkontrolujte svou velikost - Tabulka velikostí Andalea",6133,mens-undergarments,Trouser,Trouser,True,False,False,False,White,0.1741,0.8595,"['#e8d8d8', '#decfcf', '#ad051f', '#58050c']",custom-tag,32.83,True,Relevant keyword 'boxerky' found in name,"[""#e5d5d5"", ""#aa031d"", ""#54030a"", ""#ab6366""]","[[229, 213, 213], [170, 3, 29], [84, 3, 10], [171, 99, 102]]","White, Red",<span style='display:inline-block; width:18px; height:18px; background-color:#e5d5d5; border-radius:3px; margin-right:3px; border:1px solid #666;' title='#e5d5d5'></span><span style='display:inline-block; width:18px; height:18px; background-color:#aa031d; border-radius:3px; margin-right:3px; border:1px solid #666;' title='#aa031d'></span><span style='display:inline-block; width:18px; height:18px; background-color:#54030a; border-radius:3px; margin-right:3px; border:1px solid #666;' title='#54030a'></span><span style='display:inline-block; width:18px; height:18px; background-color:#ab6366; border-radius:3px; margin-right:3px; border:1px solid #666;' title='#ab6366'></span>,White
191,191,cz,Andalea MC 9007 Pánské boxerky S M černá,"Kategorie: Pánské erotické prádlo Typ: Sexy boxerky Výrobce: AndaleaPikantní a překvapující boxerky od firmy Andalea to jsou bezvýznamné přívlastky pro tento model. Byly ušity z černého latexu. Zepředu na háčcích zahalují majitelovo mužství, avšak díky tomuto řešení se může situace rychle změnit a atmosféra houstne. Aby toho nebylo málo, tak na zadní části je vystřižený kus látky, který odhaluje mužské pozadí. Toto je neslýchané a netradiční řešení ve světě pánského spodního prádla. Tento model se hodí k opravdu odvážným mužům, kteří rádi vyhledávají nové zkušenosti ve světě ostré erotiky. Doporučujeme těm párům, pro které je materiál podobný kůži, který obepíná postavu, ještě pořád málo!Zkontrolujte svou velikost - Tabulka velikostí Andalea",6133,mens-undergarments,Trouser,Trouser,True,False,False,False,White,0.0974,0.8422,"['#f2e8e7', '#170e14', '#45383f', '#998b91']",custom-tag,28.98,True,Relevant keyword 'boxerky' found in name,"[""#f2e8e7"", ""#160d13"", ""#4a3c42"", ""#9c8f96""]","[[242, 232, 231], [22, 13, 19], [74, 60, 66], [156, 143, 150]]","White, Black, Pink/Magenta, Grey",<span style='display:inline-block; width:18px; height:18px; background-color:#f2e8e7; border-radius:3px; margin-right:3px; border:1px solid #666;' title='#f2e8e7'></span><span style='display:inline-block; width:18px; height:18px; background-color:#160d13; border-radius:3px; margin-right:3px; border:1px solid #666;' title='#160d13'></span><span style='display:inline-block; width:18px; height:18px; background-color:#4a3c42; border-radius:3px; margin-right:3px; border:1px solid #666;' title='#4a3c42'></span><span style='display:inline-block; width:18px; height:18px; background-color:#9c8f96; border-radius:3px; margin-right:3px; border:1px solid #666;' title='#9c8f96'></span>,White
192,192,cz,Andalea MC 9008 Pánské boxerky L XL černá,"Kategorie: Pánské erotické prádlo Typ: Sexy boxerky Výrobce: AndaleaBoxerky s erotickým nádechem jsou jedním z nejnovějších návrhů od firmy Andalea. Představovaný model byl ušit z látky, která je většinou určena pro dámské spodní prádélko – hladkého, průsvitného tylu a spíše elastické pleteniny. Boxerky byly ozdobeny latexem, který obepíná mužské poklady a je obšit zipy, které se dají v každé chvíli rozepnout a přidávají tak na pikantérii během Vašich setkání. Boxerky nejsou považovány za nejvíce sexy druh spodního prádla, ale střih tohoto typu s jistotou sesadí pánská tanga z pomyslného erotického trůnu!Zkontrolujte svou velikost - Tabulka velikostí Andalea",6133,mens-undergarments,Trouser,Trouser,True,False,False,False,White,0.0804,0.8617,"['#ebe1e0', '#e0d4d4', '#1d1014', '#786c73']",custom-tag,39.12,True,Relevant keyword 'boxerky' found in name,"[""#ebe2e0"", ""#e1d5d5"", ""#1d0f14"", ""#86777c""]","[[235, 226, 224], [225, 213, 213], [29, 15, 20], [134, 119, 124]]","White, Black, Grey",<span style='display:inline-block; width:18px; height:18px; background-color:#ebe2e0; border-radius:3px; margin-right:3px; border:1px solid #666;' title='#ebe2e0'></span><span style='display:inline-block; width:18px; height:18px; background-color:#e1d5d5; border-radius:3px; margin-right:3px; border:1px solid #666;' title='#e1d5d5'></span><span style='display:inline-block; width:18px; height:18px; background-color:#1d0f14; border-radius:3px; margin-right:3px; border:1px solid #666;' title='#1d0f14'></span><span style='display:inline-block; width:18px; height:18px; background-color:#86777c; border-radius:3px; margin-right:3px; border:1px solid #666;' title='#86777c'></span>,White
193,193,cz,Andalea MC 9009 Pánské boxerky L XL černá,"Kategorie: Pánské erotické prádlo Typ: Sexy boxerky Výrobce: AndaleaRafinovaně… rychle… neostýchavě… tak můžete používat tento prostopášný model z nové kolekce boxerek od firmy Andalea! Byly ušity z průhledné, černé látky – elastické síťky, která perfektně obepíná mužskou postavu. Zepředu pozornost upoutá latexový poklopec, který je se zbytkem spojen karabinkou. Laškovně poodhaluje intimní fragmenty pokožky a povzbuzuje tak představivost Vaší partnerky. Tyto boxerky hned ukážou, jaké má muž úmysly. Můžou být také elementem zaskočení ve Vaších erotických hrátkách. Tento model je určen pro odvážné pány a pro páry, které si cení nových postelových inspirací!Zkontrolujte svou velikost - Tabulka velikostí Andalea",6133,mens-undergarments,Trouser,Trouser,True,False,False,False,White,0.0737,0.911,"['#f3e8e6', '#ece1e0', '#1c0e0f', '#615050']",custom-tag,32.63,True,Relevant keyword 'boxerky' found in name,"[""#f3e8e6"", ""#ece1e0"", ""#1d0f10"", ""#5f4b4c""]","[[243, 232, 230], [236, 225, 224], [29, 15, 16], [95, 75, 76]]","White, Black, Pink",<span style='display:inline-block; width:18px; height:18px; background-color:#f3e8e6; border-radius:3px; margin-right:3px; border:1px solid #666;' title='#f3e8e6'></span><span style='display:inline-block; width:18px; height:18px; background-color:#ece1e0; border-radius:3px; margin-right:3px; border:1px solid #666;' title='#ece1e0'></span><span style='display:inline-block; width:18px; height:18px; background-color:#1d0f10; border-radius:3px; margin-right:3px; border:1px solid #666;' title='#1d0f10'></span><span style='display:inline-block; width:18px; height:18px; background-color:#5f4b4c; border-radius:3px; margin-right:3px; border:1px solid #666;' title='#5f4b4c'></span>,White
194,194,cz,Andalea MC 9044 Pánské boxerky L XL černá,"Kategorie: Pánské erotické prádlo Typ: Sexy boxerky Výrobce: AndaleaMnoho žen přitahují muži v uniformách. Erotické kostýmy uniformovaných složek jsou velmi známé. Hasič se pyšní největší důvěrou společnosti. Po olympijských hrách v Soči ještě získal na popularitě… Boxerky Andalea jsou ideálním návrhem pro muže, kteří nemají rádi erotické maškarády, ale v každodenním životě rádi nosí právě tento typ spodního prádla. Producent připravil latexové černé boxerky, které perfektně přiléhají k postavě. Reflexní pruhy jim přidávají na profesionální eleganci a vhodná nášivka prozrazuje hasičskou inspiraci!Zkontrolujte svou velikost - Tabulka velikostí Andalea",6133,mens-undergarments,Trouser,Trouser,True,False,False,False,White,0.1377,0.8349,"['#eddfdc', '#1b1012', '#ea4848', '#6c554b']",custom-tag,44.0,True,Relevant keyword 'boxerky' found in name,"[""#ede0dd"", ""#1f1414"", ""#ae7f74"", ""#ec363a""]","[[237, 224, 221], [31, 20, 20], [174, 127, 116], [236, 54, 58]]","White, Black, Pink, Red",<span style='display:inline-block; width:18px; height:18px; background-color:#ede0dd; border-radius:3px; margin-right:3px; border:1px solid #666;' title='#ede0dd'></span><span style='display:inline-block; width:18px; height:18px; background-color:#1f1414; border-radius:3px; margin-right:3px; border:1px solid #666;' title='#1f1414'></span><span style='display:inline-block; width:18px; height:18px; background-color:#ae7f74; border-radius:3px; margin-right:3px; border:1px solid #666;' title='#ae7f74'></span><span style='display:inline-block; width:18px; height:18px; background-color:#ec363a; border-radius:3px; margin-right:3px; border:1px solid #666;' title='#ec363a'></span>,White
195,195,cz,Andalea MC 9046 Pánské boxerky L XL černá,"Kategorie: Pánské erotické prádlo Typ: Sexy boxerky Výrobce: AndaleaKterá žena někdy nesnila o tom, aby jí nasadil želízka velmi přitažlivý, dobře stavěný policista?! Jestli právě takové fantazie má tvoje partnerka, jestli ji těší pohled na strážce zákona, tak jsme vybrali něco, co by se Ti mohlo náramně hodit! Boxerky od firmy Andalea inspirované americkými akčními filmy. Lesknoucí se černý latex, ze kterého jsou ušity, zdůrazňuje majitelovu sílu a temperament. Šedé reflexní pásky a policejní odznak jasně prozrazují, čím byl tento model inspirován. Je to zajímavá nabídka, která nevyžaduje koupi celé erotické uniformy. Nepřemýšlej dlouho nad tím, jak smyslný akcent máš šanci přivést do Vaší ložnice!! Zveme k nákupu a přejeme dobrou zábavu!Zkontrolujte svou velikost - Tabulka velikostí Andalea",6133,mens-undergarments,Trouser,Trouser,True,False,False,False,White,0.1077,0.8352,"['#f6e8e7', '#e7d8d7', '#1b1114', '#7c6c6e']",custom-tag,22.28,True,Relevant keyword 'boxerky' found in name,"[""#f6e8e7"", ""#e7d8d7"", ""#1a1114"", ""#7a6b6e""]","[[246, 232, 231], [231, 216, 215], [26, 17, 20], [122, 107, 110]]","White, Black, Grey",<span style='display:inline-block; width:18px; height:18px; background-color:#f6e8e7; border-radius:3px; margin-right:3px; border:1px solid #666;' title='#f6e8e7'></span><span style='display:inline-block; width:18px; height:18px; background-color:#e7d8d7; border-radius:3px; margin-right:3px; border:1px solid #666;' title='#e7d8d7'></span><span style='display:inline-block; width:18px; height:18px; background-color:#1a1114; border-radius:3px; margin-right:3px; border:1px solid #666;' title='#1a1114'></span><span style='display:inline-block; width:18px; height:18px; background-color:#7a6b6e; border-radius:3px; margin-right:3px; border:1px solid #666;' title='#7a6b6e'></span>,White
196,196,cz,Andalea MC 9042 Komplet L XL černo-bílá,"Kategorie: Pánské erotické prádloTyp: Erotické kompletyVýrobce: AndaleaTřídílný komplet pánského spodního prádla od firmy Andalea se špetkou erotičnosti. Jestli Tvoje žena miluje eleganci, tak je to ideální řešení. Netradičním způsobem můžete do Vašeho vztahu přivést hravý a zábavný element korespondující s Vašimi erotickými touhami. Nejdůležitější částí jsou boxerky ušité z černé, elastické látky. Mužství zakrývá latex… bílé barvy! Jeho největší výhodou je bezpochyby možnost rychlého odepnutí! Navíc je v horní části ozdoben černým motýlkem. Na sexy eleganci ještě přidá bílý límeček na krku s černým motýlkem a bílé manžety s černými knoflíčky. Už pociťuješ tu neuvěřitelnou atmosféru…?!Zkontrolujte svou velikost - Tabulka velikostí Andalea",663,mens-bow-ties,Bag,Bag,True,False,False,False,White,0.1239,0.8127,"['#e9dbdb', '#180b0b', '#c2acad', '#725551']",custom-tag,41.88,False,Product class not explicitly described in name,"[""#e9dbdb"", ""#160b0b"", ""#baa2a3"", ""#643f38""]","[[233, 219, 219], [22, 11, 11], [186, 162, 163], [100, 63, 56]]","White, Black, Grey, Red",<span style='display:inline-block; width:18px; height:18px; background-color:#e9dbdb; border-radius:3px; margin-right:3px; border:1px solid #666;' title='#e9dbdb'></span><span style='display:inline-block; width:18px; height:18px; background-color:#160b0b; border-radius:3px; margin-right:3px; border:1px solid #666;' title='#160b0b'></span><span style='display:inline-block; width:18px; height:18px; background-color:#baa2a3; border-radius:3px; margin-right:3px; border:1px solid #666;' title='#baa2a3'></span><span style='display:inline-block; width:18px; height:18px; background-color:#643f38; border-radius:3px; margin-right:3px; border:1px solid #666;' title='#643f38'></span>,White
197,197,cz,Andalea Elephant red Pánská tanga L XL červená,"Kategorie: Pánské erotické prádlo Typ: Pánská tanga Výrobce: AndaleaTanga k popukání ve tvaru slona, která rozveselí každou ženu! Zhotovená z červeného, jemného materiálu vysoké kvality. Celek je obšitý tenkým, černým lemováním. Na přední části mají chobot, malá očka, velké uši a trošku kožíšku uloženého do tvaru hřívy. Spojení, která jsou tvořena elastickými gumičkami, přidávají na pohodlí. Skvělý dárek pro každého muže. Kombinace tohoto typu spodního prádla s motivem slona splní svůj účel při mnoha příležitostech. Počínaje dárkem k osmnáctinám až po loučení se svobodou. Úsměv, který tento model vyčaruje na rtech milované, je jistý. Hodí se ke každému muži, který ocení nevšední humor.Zkontrolujte svou velikost - Tabulka velikostí Andalea",6133,mens-undergarments,Bag,Bag,True,False,False,True,Red,0.3741,0.6167,"['#e32c3b', '#3e3130', '#8d8d90', '#c1c0c1']",custom-tag,99.95,False,Product class not explicitly described in name,"[""#e42d3b"", ""#403231"", ""#8e8d90"", ""#c2c0c1""]","[[228, 45, 59], [64, 50, 49], [142, 141, 144], [194, 192, 193]]","Red, Pink, Grey",<span style='display:inline-block; width:18px; height:18px; background-color:#e42d3b; border-radius:3px; margin-right:3px; border:1px solid #666;' title='#e42d3b'></span><span style='display:inline-block; width:18px; height:18px; background-color:#403231; border-radius:3px; margin-right:3px; border:1px solid #666;' title='#403231'></span><span style='display:inline-block; width:18px; height:18px; background-color:#8e8d90; border-radius:3px; margin-right:3px; border:1px solid #666;' title='#8e8d90'></span><span style='display:inline-block; width:18px; height:18px; background-color:#c2c0c1; border-radius:3px; margin-right:3px; border:1px solid #666;' title='#c2c0c1'></span>,Red
198,198,cz,Andalea Ginger Komplet 38 40 černo-bílá,"Kategorie: Erotické spodní prádlo XXXL Typ: Erotické komplety XXXL Výrobce: AndaleaÚžasné zážitky a lákavý vzhled díky oblečení? Ano, je to možné! Oblečením této soupravičky firmy Andalea rozpálíte všechny smysly každého muže. Ušitá z latexové hebké látky v kombinaci s tylovou prosvítající sukýnkou způsobí, že se každá žena pocítí jako bohyně. Korzet černé barvy úžasně zeštíhlí postavu a podvazky, které jsou součástí korzetu, přidají špetku pikantérie. Slaďounká a dráždivá sukýnka navodí atmosféru nevinnosti, ale nenechte se zmást touto iluzí, protože z každé ženy, která si oblékne tento model, se stane skutečná hříšnice. Součástí soupravičky jsou bílé tanga. Doporučujeme ženám, které se nebojí odvážných návrhů. Toto erotické spodní prádlo si přímo zamiluje každá domina.Zkontrolujte svou velikost - Tabulka velikostí Andalea",430,corsets-and-garter-belts,Shirt,Shirt,False,True,False,True,Black,0.4389,0.2483,"['#251511', '#432f2b', '#796b6c', '#d5c9d0']",custom-tag,60.55,False,Product class not explicitly described in name,"[""#241510"", ""#412d29"", ""#76686a"", ""#d5c9d0""]","[[36, 21, 16], [65, 45, 41], [118, 104, 106], [213, 201, 208]]","Black, Pink, Grey",<span style='display:inline-block; width:18px; height:18px; background-color:#241510; border-radius:3px; margin-right:3px; border:1px solid #666;' title='#241510'></span><span style='display:inline-block; width:18px; height:18px; background-color:#412d29; border-radius:3px; margin-right:3px; border:1px solid #666;' title='#412d29'></span><span style='display:inline-block; width:18px; height:18px; background-color:#76686a; border-radius:3px; margin-right:3px; border:1px solid #666;' title='#76686a'></span><span style='display:inline-block; width:18px; height:18px; background-color:#d5c9d0; border-radius:3px; margin-right:3px; border:1px solid #666;' title='#d5c9d0'></span>,Black
199,199,cz,Andalea M 1050 Podvazkový pás 38 40 černo-červená,"Kategorie: Erotické spodní prádlo XXXL Typ: Sexy podvazkové pásy XXXL Výrobce: AndaleaSexy podvazkový pás je zhotoven z jemné, černé krajky a obepínajícího tělo, červeného latexu. Zadní část tvoří korzetové vázání, které kormě toho, že umožňuje ideální sladění s postavou, tak krásně zvýrazňuje a podtrhuje zadeček. Model je tak svůdný, že žádný muž nebude schopný odolat ženě, která si oblékne tak přitažlivé spodní prádélko.Zkontrolujte svou velikost - Tabulka velikostí Andalea",430,corsets-and-garter-belts,T-shirt/top,T-shirt/top,False,True,False,False,White,0.1208,0.9112,"['#f4e6e5', '#8a3034', '#361513', '#c66a6b']",custom-tag,46.26,False,Product class not explicitly described in name,"[""#f4e6e4"", ""#903036"", ""#361312"", ""#cf7170""]","[[244, 230, 228], [144, 48, 54], [54, 19, 18], [207, 113, 112]]","White, Red",<span style='display:inline-block; width:18px; height:18px; background-color:#f4e6e4; border-radius:3px; margin-right:3px; border:1px solid #666;' title='#f4e6e4'></span><span style='display:inline-block; width:18px; height:18px; background-color:#903036; border-radius:3px; margin-right:3px; border:1px solid #666;' title='#903036'></span><span style='display:inline-block; width:18px; height:18px; background-color:#361312; border-radius:3px; margin-right:3px; border:1px solid #666;' title='#361312'></span><span style='display:inline-block; width:18px; height:18px; background-color:#cf7170; border-radius:3px; margin-right:3px; border:1px solid #666;' title='#cf7170'></span>,White
200,200,cz,Andalea M 1052 Podvazkový pás 38 40 černá,"Kategorie: Erotické spodní prádlo XXXL Typ: Sexy podvazkové pásy XXXL Výrobce: AndaleaNadčasový styl v neobvyklém vydání, to je skvělá nabídka od firmy Andalea pro ženy plus size, které si kromě netradičních řešení cení také klasickou krásu, eleganci a komfort. Model M 1052 v sobě perfektně spojuje všechny tyto vlastnosti. Podvazkový pás byl ušit z černého, obepínajícího tělo latexu a smyslné krajky, která vytváří květinový vzor. Pás perfektně přiléhá k tělu a korzetové vázání v zadní části pomáhá udržet tvar postavy a podtrhuje krásu ženského zadečku. V kombinaci s punčochami se švem si díky tomuto modelu podmaníš každého muže!Zkontrolujte svou velikost - Tabulka velikostí Andalea",430,corsets-and-garter-belts,Trouser,Trouser,False,True,False,True,Black,0.2479,0.2983,"['#201a16', '#584d46', '#f5f3f1', '#a49f9c']",custom-tag,82.49,False,Product class not explicitly described in name,"[""#201a16"", ""#584d46"", ""#f5f3f1"", ""#a49f9c""]","[[32, 26, 22], [88, 77, 70], [245, 243, 241], [164, 159, 156]]","Black, Brown, White, Grey",<span style='display:inline-block; width:18px; height:18px; background-color:#201a16; border-radius:3px; margin-right:3px; border:1px solid #666;' title='#201a16'></span><span style='display:inline-block; width:18px; height:18px; background-color:#584d46; border-radius:3px; margin-right:3px; border:1px solid #666;' title='#584d46'></span><span style='display:inline-block; width:18px; height:18px; background-color:#f5f3f1; border-radius:3px; margin-right:3px; border:1px solid #666;' title='#f5f3f1'></span><span style='display:inline-block; width:18px; height:18px; background-color:#a49f9c; border-radius:3px; margin-right:3px; border:1px solid #666;' title='#a49f9c'></span>,Black
201,201,cz,Andalea E 2026 Podvazkový pás 38 40 černá,"Kategorie: Erotické spodní prádlo XXXL Typ: Sexy podvazkové pásy XXXL Výrobce: AndaleaDravá, a přitom jemně přitažlivá nabídka pro ženy plus size, které se rády ztotožňují s rolí zkušené svůdnice, ale zůstávají pořád také nevinnými koketkami. Podvazkový pás od firmy Andalea byl zhotoven z obepínajícího tělo latexu výrazně černé barvy. Spodní část soupravičky byla ozdobena širokým volánkem a celek tak připomíná sukýnku školní uniformy. Zadní část byla zkrášlená korzetovým vázáním, které umožňuje perfektní sladění s postavou, odhaluje kousíček těla a krásně zvýrazňuje zadeček.Zkontrolujte svou velikost - Tabulka velikostí Andalea",430,corsets-and-garter-belts,T-shirt/top,T-shirt/top,False,True,False,False,White,0.105,0.8373,"['#ebdbda', '#dbcccb', '#1c1319', '#935055']",custom-tag,51.37,False,Product class not explicitly described in name,"[""#ebdbda"", ""#dbcccc"", ""#1b1319"", ""#8e5458""]","[[235, 219, 218], [219, 204, 204], [27, 19, 25], [142, 84, 88]]","White, Grey, Black, Red",<span style='display:inline-block; width:18px; height:18px; background-color:#ebdbda; border-radius:3px; margin-right:3px; border:1px solid #666;' title='#ebdbda'></span><span style='display:inline-block; width:18px; height:18px; background-color:#dbcccc; border-radius:3px; margin-right:3px; border:1px solid #666;' title='#dbcccc'></span><span style='display:inline-block; width:18px; height:18px; background-color:#1b1319; border-radius:3px; margin-right:3px; border:1px solid #666;' title='#1b1319'></span><span style='display:inline-block; width:18px; height:18px; background-color:#8e5458; border-radius:3px; margin-right:3px; border:1px solid #666;' title='#8e5458'></span>,White
202,202,cz,Axami V-5238 Notice me Tanga S červená,"Tanga Axami V-5238:svůdná tangaperfektní střihjemné zdobení tečkami na průhledném tylusaténová mašledo soupravy lze doporučit podprsenku V-5231 a podvazkový pás V-5232Složení: 76% polyester, 14% bavlna, 10% spandex.",430,corsets-and-garter-belts,T-shirt/top,T-shirt/top,False,True,False,True,Red,0.6887,0.9003,"['#da1831', '#ea4655', '#ec7d82', '#fcdfe2']",custom-tag,49.01,False,Product class not explicitly described in name,"[""#db1831"", ""#eb4655"", ""#eb7d82"", ""#fbdcdf""]","[[219, 24, 49], [235, 70, 85], [235, 125, 130], [251, 220, 223]]","Red, Grey",<span style='display:inline-block; width:18px; height:18px; background-color:#db1831; border-radius:3px; margin-right:3px; border:1px solid #666;' title='#db1831'></span><span style='display:inline-block; width:18px; height:18px; background-color:#eb4655; border-radius:3px; margin-right:3px; border:1px solid #666;' title='#eb4655'></span><span style='display:inline-block; width:18px; height:18px; background-color:#eb7d82; border-radius:3px; margin-right:3px; border:1px solid #666;' title='#eb7d82'></span><span style='display:inline-block; width:18px; height:18px; background-color:#fbdcdf; border-radius:3px; margin-right:3px; border:1px solid #666;' title='#fbdcdf'></span>,Red
203,203,cz,Anais - Dámská tanga Charming XXL černá,"Kategorie: Dámské erotické prádlo Typ: Erotické tanga Výrobce: Anais Apparel Luxury LingerieVelmi svůdná šňůrková dámská tanga Anais Charming v černé barvě na zadečku s přitažlivou krajkou.Složení: 80% poliamid, 20% elastanZkontrolujte svou velikost - Tabulka velikostí Anais",5382,panties-and-thongs,Bag,Bag,False,True,False,False,Grey,0.1102,0.5783,"['#a29b97', '#c5beba', '#615b55', '#281a14']",custom-tag,99.99,False,Product class not explicitly described in name,"[""#a29b97"", ""#c5beba"", ""#625b55"", ""#261812""]","[[162, 155, 151], [197, 190, 186], [98, 91, 85], [38, 24, 18]]","Grey, Black",<span style='display:inline-block; width:18px; height:18px; background-color:#a29b97; border-radius:3px; margin-right:3px; border:1px solid #666;' title='#a29b97'></span><span style='display:inline-block; width:18px; height:18px; background-color:#c5beba; border-radius:3px; margin-right:3px; border:1px solid #666;' title='#c5beba'></span><span style='display:inline-block; width:18px; height:18px; background-color:#625b55; border-radius:3px; margin-right:3px; border:1px solid #666;' title='#625b55'></span><span style='display:inline-block; width:18px; height:18px; background-color:#261812; border-radius:3px; margin-right:3px; border:1px solid #666;' title='#261812'></span>,Grey
204,204,cz,Anais - Fanny Kalhotky XXL černá,"Kategorie: Dámské erotické prádlo Typ: Erotické kalhotky Výrobce: Anais Apparel Luxury LingerieLuxusně vyhlížející erotické kalhotky Fanny panty Anais jsou vhodné nejen pro romantický večer. Zadní část je otevřená, zdobená elastickými šňůrkami, které jsou doplněné větší mašličkou. Kalhotky jsou vyrobené z vysoce kvalitní a jemné krajky s květinovým vzorem. Kalhotky opticky vymodelují Váš zadeček.Vhodné jako dárek! Zboží je vždy baleno v pevné krabici s logem firmy. Prádlo této značky potěší každou ženu! Značka Anais představuje neobvyklý luxus spodního prádla navrženého pro smyslné a osobité ženy. Kolekce prádla odráží poslední trendy a požadavky ve světě módy.Složení: 80% poliamid, 20% elastanZkontrolujte svou velikost - Tabulka velikostí Anais",5382,panties-and-thongs,Shirt,Shirt,False,True,False,True,Red,0.6506,0.3694,"['#750204', '#1e1413', '#79392a', '#f1ecec']",custom-tag,88.85,False,Product class not explicitly described in name,"[""#750204"", ""#1e1413"", ""#7a392a"", ""#f2eeed""]","[[117, 2, 4], [30, 20, 19], [122, 57, 42], [242, 238, 237]]","Red, Black, White",<span style='display:inline-block; width:18px; height:18px; background-color:#750204; border-radius:3px; margin-right:3px; border:1px solid #666;' title='#750204'></span><span style='display:inline-block; width:18px; height:18px; background-color:#1e1413; border-radius:3px; margin-right:3px; border:1px solid #666;' title='#1e1413'></span><span style='display:inline-block; width:18px; height:18px; background-color:#7a392a; border-radius:3px; margin-right:3px; border:1px solid #666;' title='#7a392a'></span><span style='display:inline-block; width:18px; height:18px; background-color:#f2eeed; border-radius:3px; margin-right:3px; border:1px solid #666;' title='#f2eeed'></span>,Red
205,205,cz,Anais - erotické kalhotky Felicity XXL černá,"Kategorie: Dámské erotické prádlo Typ: Erotické kalhotky Výrobce: Anais Apparel Luxury LingerieVelice smyslné erotické kalhotky Felicity Anais budí vášeň na první pohled. Jsou vyrobené z vysoce kvalitní elastické krajky, která je příjemná na dotek. Kalhotky jsou nápaditě zdobené šněrováním v bílé barvě. Vysoký střich.Vhodné jako dárek! Zboží je vždy baleno v pevné krabici s logem firmy. Prádlo této značky potěší každou ženu! Značka Anais představuje neobvyklý luxus spodního prádla navrženého pro smyslné a osobité ženy. Kolekce prádla odráží poslední trendy a požadavky ve světě módy.Složení: 80% poliamid, 20% elastanZkontrolujte svou velikost - Tabulka velikostí Anais",5382,panties-and-thongs,Ankle boot,Ankle boot,False,True,False,True,White,0.1744,0.6897,"['#f6ebe1', '#2f2320', '#e8d8cb', '#8d837d']",custom-tag,88.08,False,Product class not explicitly described in name,"[""#f6ebe0"", ""#2f2321"", ""#e8d8ca"", ""#8c837d""]","[[246, 235, 224], [47, 35, 33], [232, 216, 202], [140, 131, 125]]","White, Pink, Grey",<span style='display:inline-block; width:18px; height:18px; background-color:#f6ebe0; border-radius:3px; margin-right:3px; border:1px solid #666;' title='#f6ebe0'></span><span style='display:inline-block; width:18px; height:18px; background-color:#2f2321; border-radius:3px; margin-right:3px; border:1px solid #666;' title='#2f2321'></span><span style='display:inline-block; width:18px; height:18px; background-color:#e8d8ca; border-radius:3px; margin-right:3px; border:1px solid #666;' title='#e8d8ca'></span><span style='display:inline-block; width:18px; height:18px; background-color:#8c837d; border-radius:3px; margin-right:3px; border:1px solid #666;' title='#8c837d'></span>,White
206,206,cz,Anais Erotická sexy souprava Anais Gina set XXL černá,"Kategorie: Dámské erotické prádlo Typ: Erotické komplety Výrobce: Anais Apparel Luxury LingerieErotický set Gina z kolekce značky Anais je složený z podprsenky a tang. Podprsenka je vystužená kosticemi a má klasické zapínání. Kalhotky jsou ozdobená drobnými mašličkami, v přední části rozparek. Lepítka na bradavky nejsou součástí kompletu, lze je přikoupit.Složení: 80% poliamid, 20% elastanZkontrolujte svou velikost - Tabulka velikostí Anais",5382,panties-and-thongs,Trouser,Trouser,False,True,False,False,White,0.0623,0.8905,"['#f2eceb', '#e7dfdd', '#d6cbc4', '#2d201e']",custom-tag,41.54,False,Product class not explicitly described in name,"[""#f0eae9"", ""#dbd0ca"", ""#281a16"", ""#7c6c69""]","[[240, 234, 233], [219, 208, 202], [40, 26, 22], [124, 108, 105]]","White, Grey, Red, Pink",<span style='display:inline-block; width:18px; height:18px; background-color:#f0eae9; border-radius:3px; margin-right:3px; border:1px solid #666;' title='#f0eae9'></span><span style='display:inline-block; width:18px; height:18px; background-color:#dbd0ca; border-radius:3px; margin-right:3px; border:1px solid #666;' title='#dbd0ca'></span><span style='display:inline-block; width:18px; height:18px; background-color:#281a16; border-radius:3px; margin-right:3px; border:1px solid #666;' title='#281a16'></span><span style='display:inline-block; width:18px; height:18px; background-color:#7c6c69; border-radius:3px; margin-right:3px; border:1px solid #666;' title='#7c6c69'></span>,White
207,207,cz,ANAIS - Erotická tanga Inspires XXL černá,"Kategorie: Dámské erotické prádlo Typ: Kalhotky s otvorem Výrobce: Anais Apparel Luxury LingerieNestyďte se! Buďte odvážná! Jste krásná a Vaše tělo potřebuje nějakou ozdobu, co takhle tyto decentní string- tanga? Ano! Tyto string tanga ozdobí Váš kouzelný zadeček. V přední části je náročně zpracovaná krajka. Otvor v rozkroku a na zadní části zadečku nenechá Vašeho přítele chladným. Tak podrážděte oko svého miláčka s těmito dravými strig-tangami.Složení: 80% poliamid, 20% elastanZkontrolujte svou velikost - Tabulka velikostí Anais",5382,panties-and-thongs,Bag,Bag,False,True,False,True,White,0.2367,0.9561,"['#fce3e4', '#f8acb2', '#c96c54', '#641d10']",custom-tag,64.4,False,Product class not explicitly described in name,"[""#fce2e3"", ""#f8abb1"", ""#c76a52"", ""#611d11""]","[[252, 226, 227], [248, 171, 177], [199, 106, 82], [97, 29, 17]]","White, Pink, Red",<span style='display:inline-block; width:18px; height:18px; background-color:#fce2e3; border-radius:3px; margin-right:3px; border:1px solid #666;' title='#fce2e3'></span><span style='display:inline-block; width:18px; height:18px; background-color:#f8abb1; border-radius:3px; margin-right:3px; border:1px solid #666;' title='#f8abb1'></span><span style='display:inline-block; width:18px; height:18px; background-color:#c76a52; border-radius:3px; margin-right:3px; border:1px solid #666;' title='#c76a52'></span><span style='display:inline-block; width:18px; height:18px; background-color:#611d11; border-radius:3px; margin-right:3px; border:1px solid #666;' title='#611d11'></span>,White
208,208,cz,Anais Isida Chemise noční košilka + tanga XXL černá,"Kategorie: Dámské erotické prádlo Typ: Erotické košilky Výrobce: Anais Apparel Luxury LingerieErotická souprava Anais Isida chemise se skládá z nádherné otevřené košilky s volánky a velkou mašlí mezi dekoltem a tang s mašličkami. Komplet je průhledný, košíčky mají krásnou výšivku a střih podprsenky.Složení: 80% poliamid, 20% elastanZkontrolujte svou velikost - Tabulka velikostí Anais",5223,women-s-nightgowns,T-shirt/top,T-shirt/top,True,True,True,False,Grey,0.1128,0.5716,"['#d9d5d4', '#706b68', '#231916', '#928d8a']",custom-tag,34.76,False,Product class not explicitly described in name,"[""#d9d5d5"", ""#706b68"", ""#221a17"", ""#928d8a""]","[[217, 213, 213], [112, 107, 104], [34, 26, 23], [146, 141, 138]]","Grey, Black",<span style='display:inline-block; width:18px; height:18px; background-color:#d9d5d5; border-radius:3px; margin-right:3px; border:1px solid #666;' title='#d9d5d5'></span><span style='display:inline-block; width:18px; height:18px; background-color:#706b68; border-radius:3px; margin-right:3px; border:1px solid #666;' title='#706b68'></span><span style='display:inline-block; width:18px; height:18px; background-color:#221a17; border-radius:3px; margin-right:3px; border:1px solid #666;' title='#221a17'></span><span style='display:inline-block; width:18px; height:18px; background-color:#928d8a; border-radius:3px; margin-right:3px; border:1px solid #666;' title='#928d8a'></span>,Grey
209,169,cz,Anais - Erotické kalhotky Kitten XXL černá,"Kategorie: Dámské erotické prádlo Typ: Kalhotky s otvorem Výrobce: Anais Apparel Luxury LingerieKalhotky Anais Kitten s otevřeným rozkrokem. Jsou vyrobeny z jemné, měkké krajky. Kalhotky jsou v přední části zdobeny mašlí. Barva: bílá, černá.Složení: 80% poliamid, 20% elastanZkontrolujte svou velikost - Tabulka velikostí Anais",5382,panties-and-thongs,Shirt,Shirt,False,True,False,False,Grey,0.0518,0.6462,"['#847e7f', '#bab4b3', '#ebe6e4', '#332724']",custom-tag,90.94,False,Product class not explicitly described in name,"[""#847e7f"", ""#bab4b4"", ""#eae4e2"", ""#261a18""]","[[132, 126, 127], [186, 180, 180], [234, 228, 226], [38, 26, 24]]","Grey, White, Black",<span style='display:inline-block; width:18px; height:18px; background-color:#847e7f; border-radius:3px; margin-right:3px; border:1px solid #666;' title='#847e7f'></span><span style='display:inline-block; width:18px; height:18px; background-color:#bab4b4; border-radius:3px; margin-right:3px; border:1px solid #666;' title='#bab4b4'></span><span style='display:inline-block; width:18px; height:18px; background-color:#eae4e2; border-radius:3px; margin-right:3px; border:1px solid #666;' title='#eae4e2'></span><span style='display:inline-block; width:18px; height:18px; background-color:#261a18; border-radius:3px; margin-right:3px; border:1px solid #666;' title='#261a18'></span>,Grey
210,209,cz,Anais - erotická tanga Mysterious XXL černá,"Kategorie: Dámské erotické prádlo Typ: Erotické tanga Výrobce: Anais Apparel Luxury LingerieLuxusní dámská tanga Mysterious Anais si získají zajisté i vás. Tato tanga vás přesvědčí, že v jednoduchosti je krása. Jsou nápaditá, nevšední, prostě jedinečná a rozhodně nesmí chybět ve vašem šatníku.Složení: 80% poliamid, 20% elastanZkontrolujte svou velikost - Tabulka velikostí Anais",5382,panties-and-thongs,Bag,Bag,False,True,False,True,Pink,0.1384,0.4284,"['#282221', '#e6dfdd', '#c8bfba', '#867c78']",custom-tag,74.04,False,Product class not explicitly described in name,"[""#2a2423"", ""#e5dedb"", ""#160c09"", ""#968c89""]","[[42, 36, 35], [229, 222, 219], [22, 12, 9], [150, 140, 137]]","Pink, White, Black, Grey",<span style='display:inline-block; width:18px; height:18px; background-color:#2a2423; border-radius:3px; margin-right:3px; border:1px solid #666;' title='#2a2423'></span><span style='display:inline-block; width:18px; height:18px; background-color:#e5dedb; border-radius:3px; margin-right:3px; border:1px solid #666;' title='#e5dedb'></span><span style='display:inline-block; width:18px; height:18px; background-color:#160c09; border-radius:3px; margin-right:3px; border:1px solid #666;' title='#160c09'></span><span style='display:inline-block; width:18px; height:18px; background-color:#968c89; border-radius:3px; margin-right:3px; border:1px solid #666;' title='#968c89'></span>,Pink
211,210,cz,Anais Kalhotky Quinn XXL červená,"Kategorie: Dámské erotické prádlo Typ: Erotické kalhotky Výrobce: Anais Apparel Luxury LingerieSexy panty jsou dráždivé tím, že mají otevřený rozkrok a erotický nádech dodává průsvitný materiál s decentní krajkou. Zajímavý detail tvoří tři stříbrné kroužky, které spojují tenké červené pásky. Dominantní detail na tomto modelu je na zadní straně uprostřed velká červená mašle ze stužky. Quinn open panty by měla mít ve svém šatníku každá žena, která má ráda dobrodružství!Vhodné jako dárek! Zboží je vždy baleno v pevné krabici s logem firmy. Prádlo této značky potěší každou ženu! Značka Anais představuje neobvyklý luxus spodního prádla navrženého pro smyslné a osobité ženy. Kolekce prádla odráží poslední trendy a požadavky ve světě módy.Složení: 80% poliamid, 20% elastanZkontrolujte svou velikost - Tabulka velikostí Anais",5382,panties-and-thongs,Trouser,Trouser,False,True,False,True,White,0.3829,0.7514,"['#e9e0de', '#cc2d2e', '#c9a79e', '#381c13']",custom-tag,32.27,True,Relevant keyword 'kalhotky' found in name,"[""#e9dfdd"", ""#c8a299"", ""#cd2a2c"", ""#3b1d13""]","[[233, 223, 221], [200, 162, 153], [205, 42, 44], [59, 29, 19]]","White, Pink, Red, Brown",<span style='display:inline-block; width:18px; height:18px; background-color:#e9dfdd; border-radius:3px; margin-right:3px; border:1px solid #666;' title='#e9dfdd'></span><span style='display:inline-block; width:18px; height:18px; background-color:#c8a299; border-radius:3px; margin-right:3px; border:1px solid #666;' title='#c8a299'></span><span style='display:inline-block; width:18px; height:18px; background-color:#cd2a2c; border-radius:3px; margin-right:3px; border:1px solid #666;' title='#cd2a2c'></span><span style='display:inline-block; width:18px; height:18px; background-color:#3b1d13; border-radius:3px; margin-right:3px; border:1px solid #666;' title='#3b1d13'></span>,White
213,212,cz,Set Esathe - Angels Never Sin XXL černá,"Kategorie: Dámské erotické prádlo Typ: Erotické soupravy Výrobce: Angels Never SinDalší nabídka značky ANGELS NEVER SIN to je spodní prádlo, od kterého jen stěží odtrhnete zrak. Propracovaný a velmi výrazný vzor, jako málo co přitahuje pozornost a způsobuje, že vášnivé chvilky ve dvou budou něčím neobvyklým a nezapomenutelným. Komplet ESATHE se skládá ze tří částí, které spolu tvoří něco neobvyklého a jedinečného ve svém druhu. Saténově-krajková podprsenka má standardní regulovatelná, odepínací ramínka, praktické kostice, pohodlné zapínání na háček zezadu a bonusové zapínání na šíji ozdobené dvěma kouzelnými mašličkami. Díky tomu jsou ženská ňadra ideálně přidržena, ale i skvěle zdůrazněna. Druhým pilířem této neopakovatelné soupravičky jsou fascinující tanga a podvazkový pás, který je rovněž mimořádně povedeným přeludem vytvořeným z elegantního saténu a delikátní krajky. Vzadu se nachází sexy korsetové šněrování na saténovou stužku, které zaručuje skvělé zdůraznění zadečku. Regulovatelný neodpínací podvazkový pas okrášlený malými mašličkami umožňuje doladit k celku libovolné punčochy.Složení: 80% poliamid, 20% elastanZkontrolujte svou velikost - Tabulka velikostí Angels Never Sin",430,corsets-and-garter-belts,T-shirt/top,T-shirt/top,False,True,False,False,White,0.0528,0.8089,"['#eceae8', '#24201b', '#bcb6b3', '#756e68']",custom-tag,35.6,False,Product class not explicitly described in name,"[""#eceae8"", ""#24201b"", ""#bbb5b2"", ""#75706c""]","[[236, 234, 232], [36, 32, 27], [187, 181, 178], [117, 112, 108]]","White, Black, Grey",<span style='display:inline-block; width:18px; height:18px; background-color:#eceae8; border-radius:3px; margin-right:3px; border:1px solid #666;' title='#eceae8'></span><span style='display:inline-block; width:18px; height:18px; background-color:#24201b; border-radius:3px; margin-right:3px; border:1px solid #666;' title='#24201b'></span><span style='display:inline-block; width:18px; height:18px; background-color:#bbb5b2; border-radius:3px; margin-right:3px; border:1px solid #666;' title='#bbb5b2'></span><span style='display:inline-block; width:18px; height:18px; background-color:#75706c; border-radius:3px; margin-right:3px; border:1px solid #666;' title='#75706c'></span>,White
214,213,cz,Tanga Sottile - Angels Never Sin XXL černá,"Kategorie: Dámské erotické prádlo Typ: Erotické tanga Výrobce: Angels Never SinNabídka značky ANGELS NEVER SIN je skvělou volbou pro ženy, které oceňují pohodlné nošení, nebanální vzor a neopakovatelné, sexy kouzlo propracovaného do detailu spodního prádla. Tanga SOTTILE jsou ušité z jemné a transparentní krajky zkrášlené motivem jemných květinek. Zepředu se nacházejí provokující smysly praskliny, které jsou ozdobeny sladkými saténovými mašličkami. Stejné rozšíření se nachází také zezadu mezi půlkami zadečku. Boky kalhotek jsou ukončeny půvabným volánkem, který přidává modýlku dívčí hravosti a taneční lehkosti. Celek je ukončen černým lemováním, které spolu s vhodným střihem a vysoké kvality materiálem zaručuje nejen ideální přizpůsobení k postavě, ale i zdůraznění přirozené krásy zadečku, kulatosti beder a štíhlého bříška.Složení: 80% poliamid, 20% elastanZkontrolujte svou velikost - Tabulka velikostí Angels Never Sin",5382,panties-and-thongs,Trouser,Trouser,False,True,False,False,White,0.0482,0.8126,"['#eae8e7', '#221d17', '#b9b4b1', '#78736f']",custom-tag,45.3,False,Product class not explicitly described in name,"[""#eae8e6"", ""#231e18"", ""#b5b0ad"", ""#746e6b""]","[[234, 232, 230], [35, 30, 24], [181, 176, 173], [116, 110, 107]]","White, Black, Grey",<span style='display:inline-block; width:18px; height:18px; background-color:#eae8e6; border-radius:3px; margin-right:3px; border:1px solid #666;' title='#eae8e6'></span><span style='display:inline-block; width:18px; height:18px; background-color:#231e18; border-radius:3px; margin-right:3px; border:1px solid #666;' title='#231e18'></span><span style='display:inline-block; width:18px; height:18px; background-color:#b5b0ad; border-radius:3px; margin-right:3px; border:1px solid #666;' title='#b5b0ad'></span><span style='display:inline-block; width:18px; height:18px; background-color:#746e6b; border-radius:3px; margin-right:3px; border:1px solid #666;' title='#746e6b'></span>,White
215,214,cz,Set Yasena Angels Never Sin XXL černá,"Kategorie: Dámské erotické prádlo Typ: Erotické soupravy Výrobce: Angels Never SinProvokativní, sexy, vzrušující pro smysly-takový je komplet značky ANGELS NEVER SIN, který způsobí, že se vaše ložnice stane místem nekonečných experimentů a ničím nespoutané vášně. Originální, zlehka futuristická soupravička YASENA se skládá ze tří dokonale se doplňujících elementů, které spolu vytvářejí mimořádně novátorský a pekelně erotický celek. Svůdná podprsenka s kosticemi obsahuje skoro zcela odhalené košíčky, které jsou ozdobeny jenom černými, elastickými pásky, které jsou spojené kovovým kolečkem, které se nachází ve výšce bradavek. Na zádech se křižují regulovatelná ramínka a spolu s pohodlným zapínáním na háček zaručují ideální přizpůsobení se tělu, a praktické vyztužení zaručuje skvělou podporu a zdůraznění prsou. Také podvazkový pás je vyroben na bázi spojení několika gumiček, které jsou zepředu spojeny pomocí stříbrného kolečka. Zezadu je umístěno komfortní zapínání na háčky, a regulovatelné podvazky jsou ozdobeny nahoře sladkými a velmi zábavnými mašličkami. Doplněním této jedinečné soupravy jsou klasické tylové tanga na tenoučkých páscích, které mimořádně vkusně zdůrazňují zaoblení beder a zadečku.Složení: 80% poliamid, 20% elastanZkontrolujte svou velikost - Tabulka velikostí Angels Never Sin",430,corsets-and-garter-belts,T-shirt/top,T-shirt/top,False,True,False,False,White,0.0494,0.8131,"['#f0efee', '#2b221d', '#615a57', '#aba4a1']",custom-tag,36.33,False,Product class not explicitly described in name,"[""#f0efef"", ""#2c241f"", ""#67615d"", ""#bab3b0""]","[[240, 239, 239], [44, 36, 31], [103, 97, 93], [186, 179, 176]]","White, Brown, Grey",<span style='display:inline-block; width:18px; height:18px; background-color:#f0efef; border-radius:3px; margin-right:3px; border:1px solid #666;' title='#f0efef'></span><span style='display:inline-block; width:18px; height:18px; background-color:#2c241f; border-radius:3px; margin-right:3px; border:1px solid #666;' title='#2c241f'></span><span style='display:inline-block; width:18px; height:18px; background-color:#67615d; border-radius:3px; margin-right:3px; border:1px solid #666;' title='#67615d'></span><span style='display:inline-block; width:18px; height:18px; background-color:#bab3b0; border-radius:3px; margin-right:3px; border:1px solid #666;' title='#bab3b0'></span>,White
216,215,cz,TopMode Dámská riflová minisukně,"Dámská džinová mini sukně. Klasický střih a barva, zapínání vpředu. Materiál: 95% bavlna, 5% polyester.",234,womens-skirts,Trouser,Trouser,True,True,True,True,Navy Blue,0.6276,0.4249,"['#172a4d', '#375887', '#e7e9e9', '#833d26']",custom-tag,66.6,False,Product class not explicitly described in name,"[""#182b4e"", ""#3b5c8b"", ""#803b24"", ""#e8eae9""]","[[24, 43, 78], [59, 92, 139], [128, 59, 36], [232, 234, 233]]","Navy Blue, Orange, White",<span style='display:inline-block; width:18px; height:18px; background-color:#182b4e; border-radius:3px; margin-right:3px; border:1px solid #666;' title='#182b4e'></span><span style='display:inline-block; width:18px; height:18px; background-color:#3b5c8b; border-radius:3px; margin-right:3px; border:1px solid #666;' title='#3b5c8b'></span><span style='display:inline-block; width:18px; height:18px; background-color:#803b24; border-radius:3px; margin-right:3px; border:1px solid #666;' title='#803b24'></span><span style='display:inline-block; width:18px; height:18px; background-color:#e8eae9; border-radius:3px; margin-right:3px; border:1px solid #666;' title='#e8eae9'></span>,Navy Blue
217,216,cz,TopMode Elegantní dámské šaty s krajkou -zeštíhlující efekt,"Velmi elegantní dámské šaty. V černém a bílém provedení. Průhledná krajka se stříbrnou aplikací přecházející z hrudníku až na záda, vázání za krkem na mašličku. Materiál: 95% polyester, 5% elastan.",184,dresses,Dress,Dress,False,True,False,True,Grey,0.0937,0.6865,"['#d9d8d8', '#27201b', '#f2f1f1', '#7d716b']",custom-tag,47.18,True,Relevant keyword 'šaty' found in name,"[""#d9d8d8"", ""#28201a"", ""#f1f1f1"", ""#7b6d67""]","[[217, 216, 216], [40, 32, 26], [241, 241, 241], [123, 109, 103]]","Grey, Brown, White, Orange",<span style='display:inline-block; width:18px; height:18px; background-color:#d9d8d8; border-radius:3px; margin-right:3px; border:1px solid #666;' title='#d9d8d8'></span><span style='display:inline-block; width:18px; height:18px; background-color:#28201a; border-radius:3px; margin-right:3px; border:1px solid #666;' title='#28201a'></span><span style='display:inline-block; width:18px; height:18px; background-color:#f1f1f1; border-radius:3px; margin-right:3px; border:1px solid #666;' title='#f1f1f1'></span><span style='display:inline-block; width:18px; height:18px; background-color:#7b6d67; border-radius:3px; margin-right:3px; border:1px solid #666;' title='#7b6d67'></span>,Grey
218,217,cz,TopMode Vroubkované mini šaty s krajkou,"Elegantní dámské šaty s ozdobným řasením po celých šatech a průhlednou krajkou na zádech. Materiál: 95% polyester, 5% elastan.",184,dresses,Shirt,Shirt,False,True,False,True,Orange,0.5739,0.6051,"['#8b4d28', '#e9ded4', '#be8f6e', '#4c250f']",custom-tag,64.46,False,Product class not explicitly described in name,"[""#8b4d28"", ""#e9ded4"", ""#be8f6e"", ""#4c250f""]","[[139, 77, 40], [233, 222, 212], [190, 143, 110], [76, 37, 15]]","Orange, White, Brown",<span style='display:inline-block; width:18px; height:18px; background-color:#8b4d28; border-radius:3px; margin-right:3px; border:1px solid #666;' title='#8b4d28'></span><span style='display:inline-block; width:18px; height:18px; background-color:#e9ded4; border-radius:3px; margin-right:3px; border:1px solid #666;' title='#e9ded4'></span><span style='display:inline-block; width:18px; height:18px; background-color:#be8f6e; border-radius:3px; margin-right:3px; border:1px solid #666;' title='#be8f6e'></span><span style='display:inline-block; width:18px; height:18px; background-color:#4c250f; border-radius:3px; margin-right:3px; border:1px solid #666;' title='#4c250f'></span>,Orange
219,218,cz,SOFTLINE COLLECTION Dámská souprava Valerie black - černá - M L,"Dámská sexy souprava Valerie SoftLine collection se skládá z elegantního korzetu s podvazky, které má na přední straně dráždivé šněrování. Zapínání zezadu na háčky. Souprava je vyrobena z elastické krajkové látky, která se přizpůsobí Vaší postavě. Krajková tanga jsou součástí soupravy.",430,corsets-and-garter-belts,T-shirt/top,T-shirt/top,False,True,False,True,Blue,0.2256,0.619,"['#a5b7c4', '#1e1714', '#809fa9', '#4f5457']",custom-tag,32.39,False,Product class not explicitly described in name,"[""#9cb2c0"", ""#1f1815"", ""#575e62"", ""#d1d3d1""]","[[156, 178, 192], [31, 24, 21], [87, 94, 98], [209, 211, 209]]","Blue, Black, Grey",<span style='display:inline-block; width:18px; height:18px; background-color:#9cb2c0; border-radius:3px; margin-right:3px; border:1px solid #666;' title='#9cb2c0'></span><span style='display:inline-block; width:18px; height:18px; background-color:#1f1815; border-radius:3px; margin-right:3px; border:1px solid #666;' title='#1f1815'></span><span style='display:inline-block; width:18px; height:18px; background-color:#575e62; border-radius:3px; margin-right:3px; border:1px solid #666;' title='#575e62'></span><span style='display:inline-block; width:18px; height:18px; background-color:#d1d3d1; border-radius:3px; margin-right:3px; border:1px solid #666;' title='#d1d3d1'></span>,Blue
220,219,cz,Luxury Elegantní vzdušný šátek,"Duhový dámský šátek je velmi originálním módním doplňkem, vhodný pro běžné nošení i do společnosti. Šátek má čtvercový rozměr, je překvapivě velký, dá se nosit i jako pareo, můžete jej zavázat na různé způsoby nebo jej nechat volně splývat. Hodí se i jako velký módní šátek do vlasů. Šátek má hřejivé tóny žlutavé, oranžové a jemňounce zelené. Je vysoce stylovým doplňkem pro každou příležitost.   100procent viscóza šifónový vzhled   Rozměry: 94 cm x 94 cm...",6372,womens-shawls-and-scarves,T-shirt/top,T-shirt/top,True,True,True,True,Green,0.4145,0.7934,"['#9bd190', '#5da851', '#e4f8e4', '#9eb942']",custom-tag,82.12,False,Product class not explicitly described in name,"[""#97cf8f"", ""#5da64e"", ""#e2f7e1"", ""#a2bc46""]","[[151, 207, 143], [93, 166, 78], [226, 247, 225], [162, 188, 70]]","Green, White",<span style='display:inline-block; width:18px; height:18px; background-color:#97cf8f; border-radius:3px; margin-right:3px; border:1px solid #666;' title='#97cf8f'></span><span style='display:inline-block; width:18px; height:18px; background-color:#5da64e; border-radius:3px; margin-right:3px; border:1px solid #666;' title='#5da64e'></span><span style='display:inline-block; width:18px; height:18px; background-color:#e2f7e1; border-radius:3px; margin-right:3px; border:1px solid #666;' title='#e2f7e1'></span><span style='display:inline-block; width:18px; height:18px; background-color:#a2bc46; border-radius:3px; margin-right:3px; border:1px solid #666;' title='#a2bc46'></span>,Green
221,220,cz,Fashion Italy Módní šaty s páskem,"Šaty mají módní střih podtrhující postavu, zřasení na rukávcích a u výstřihu, v pase látkový páseček na zavázání na zadní partii, vpředu všitý lakovaný pásek s nevšedním třpytivým akcentem v podobě spony. Temně fialová barva. Velmi pružné, skvěle se přizpůsobí postavě.  Značka: Moda Italy   Univerzální velikost M L - šířka pod průramky 43 až 49 cm obvod 86 až 98 cm, délka 80 cm.",184,dresses,Shirt,Shirt,False,True,False,True,Pink/Magenta,0.4045,0.3787,"['#573a50', '#29161f', '#8f668c', '#d6cbc3']",custom-tag,90.39,False,Product class not explicitly described in name,"[""#563a50"", ""#29161f"", ""#8e638d"", ""#d6cbc4""]","[[86, 58, 80], [41, 22, 31], [142, 99, 141], [214, 203, 196]]","Pink/Magenta, Grey",<span style='display:inline-block; width:18px; height:18px; background-color:#563a50; border-radius:3px; margin-right:3px; border:1px solid #666;' title='#563a50'></span><span style='display:inline-block; width:18px; height:18px; background-color:#29161f; border-radius:3px; margin-right:3px; border:1px solid #666;' title='#29161f'></span><span style='display:inline-block; width:18px; height:18px; background-color:#8e638d; border-radius:3px; margin-right:3px; border:1px solid #666;' title='#8e638d'></span><span style='display:inline-block; width:18px; height:18px; background-color:#d6cbc4; border-radius:3px; margin-right:3px; border:1px solid #666;' title='#d6cbc4'></span>,Pink/Magenta
222,221,cz,Mayaadi Retro top s puntíky,"Bavlněný retro puntíkatý top má atraktivní střih, nabírané rukávky, černobílou barevnou kombinaci a na lemu rukávků černé pásky s možností zavázání. Přední partie má kulatý delší lem, zadní partie rovný kratší lem. Top se velmi dobře kombinuje, můžete ho využít k sukni i kalhotám.    Složení materiálu: 100 procent bavlna   Velikost S - šířka přes prsa 36 až 42 cm obvod přes prsa 72 až 84 cm, délka cca 53 až 54 cm.  Velikost M - šířka přes prsa 37 až 44 cm přes prsa 74 až 88 cm, délka 53 až 54 cm....",6,womens-blouses-and-shirts,Shirt,Shirt,True,True,True,False,White,0.1416,0.6748,"['#f0edec', '#b7adac', '#2b1c15', '#847978']",custom-tag,31.2,False,Product class not explicitly described in name,"[""#f1efee"", ""#beb5b4"", ""#8d8281"", ""#2b1d17""]","[[241, 239, 238], [190, 181, 180], [141, 130, 129], [43, 29, 23]]","White, Grey, Brown",<span style='display:inline-block; width:18px; height:18px; background-color:#f1efee; border-radius:3px; margin-right:3px; border:1px solid #666;' title='#f1efee'></span><span style='display:inline-block; width:18px; height:18px; background-color:#beb5b4; border-radius:3px; margin-right:3px; border:1px solid #666;' title='#beb5b4'></span><span style='display:inline-block; width:18px; height:18px; background-color:#8d8281; border-radius:3px; margin-right:3px; border:1px solid #666;' title='#8d8281'></span><span style='display:inline-block; width:18px; height:18px; background-color:#2b1d17; border-radius:3px; margin-right:3px; border:1px solid #666;' title='#2b1d17'></span>,White
223,222,cz,Emma Ashley Atraktivní šaty sexy střih,"Atypické šaty v odstínech zelené, s oválným hlubokým výstřihem na zadní partii, vzdušný materiál, módní vzor, pod prsy drobný tunýlek s nařasením, vsadka ve stejné barvě jako jsou šaty, lehce kulatý lem. Sexy průstřih na zádech.   Složení materiálu: 30procent polyester, 65procent bavlna, 5procent elasten - velmi pružný materiál   Univerzální velikost S M: šířka pod průramky 36 až 44 cm obvod 72 až 88 cm, délka 77 cm.",184,dresses,Dress,Dress,False,True,False,True,Beige/Khaki,0.2404,0.5516,"['#a39e88', '#6f6c51', '#d8d3ca', '#2f2a1b']",custom-tag,49.34,True,Relevant keyword 'šaty' found in name,"[""#a29e88"", ""#6d6b50"", ""#d6d1c6"", ""#2d281a""]","[[162, 158, 136], [109, 107, 80], [214, 209, 198], [45, 40, 26]]","Beige/Khaki, Yellow, Grey",<span style='display:inline-block; width:18px; height:18px; background-color:#a29e88; border-radius:3px; margin-right:3px; border:1px solid #666;' title='#a29e88'></span><span style='display:inline-block; width:18px; height:18px; background-color:#6d6b50; border-radius:3px; margin-right:3px; border:1px solid #666;' title='#6d6b50'></span><span style='display:inline-block; width:18px; height:18px; background-color:#d6d1c6; border-radius:3px; margin-right:3px; border:1px solid #666;' title='#d6d1c6'></span><span style='display:inline-block; width:18px; height:18px; background-color:#2d281a; border-radius:3px; margin-right:3px; border:1px solid #666;' title='#2d281a'></span>,Beige/Khaki
224,223,cz,Luxury Pruhované tričko – halenka,"Tričko má velmi originální střih, zřasené lemy, volánkový límeček a kapsičky, zapínání na transparentní knoflíky se stříbrnými lemy. Proužky v barvách šedý melír a zelená.   Materiál: bavlna 95procent viskóza, 5procent elasten.      Velikost S - šířka pod průramky 37 až 44 cm obvod 74 až 88 cm, délka 51 cm.",6,womens-blouses-and-shirts,Shirt,Shirt,True,True,True,True,White,0.219,0.6616,"['#e0e6d6', '#a5be9a', '#6c825e', '#363223']",custom-tag,43.34,True,Relevant keyword 'halenka' found in name,"[""#a3be99"", ""#e1e6d7"", ""#6b815d"", ""#343021""]","[[163, 190, 153], [225, 230, 215], [107, 129, 93], [52, 48, 33]]","Green, White, Yellow",<span style='display:inline-block; width:18px; height:18px; background-color:#a3be99; border-radius:3px; margin-right:3px; border:1px solid #666;' title='#a3be99'></span><span style='display:inline-block; width:18px; height:18px; background-color:#e1e6d7; border-radius:3px; margin-right:3px; border:1px solid #666;' title='#e1e6d7'></span><span style='display:inline-block; width:18px; height:18px; background-color:#6b815d; border-radius:3px; margin-right:3px; border:1px solid #666;' title='#6b815d'></span><span style='display:inline-block; width:18px; height:18px; background-color:#343021; border-radius:3px; margin-right:3px; border:1px solid #666;' title='#343021'></span>,Green
225,224,cz,City Goddess Luxusní korzet + brož,"Velmi přitažlivý saténový korzet má podélné kostice zpevňující postavu, skryté výztuže v oblasti prsou nemusíte již pod korzet nosit podprsenku, postranní zip, podšívku, horní partie a dolní lem má ozdobné volánky, sexy šněrování na zadním díle korigující šířku korzetu. Na těle perfektně sedí a vykouzlí dokonale luxusní vzhled a perfektní postavu. Překvapí Vás, jak svůdně dokáže vytvarovat siluetu. Jako dárek získáte odepínací brož.    Značka Goddes London, 100procent polyester satén.   Velikost S 36...",430,corsets-and-garter-belts,Bag,Bag,False,True,False,True,Grey,0.3219,0.5506,"['#dbd6cf', '#83aa8e', '#0e0b09', '#496a4d']",custom-tag,98.0,False,Product class not explicitly described in name,"[""#dcd7d0"", ""#0e0b08"", ""#87ac91"", ""#4d6f52""]","[[220, 215, 208], [14, 11, 8], [135, 172, 145], [77, 111, 82]]","Grey, Black, Green",<span style='display:inline-block; width:18px; height:18px; background-color:#dcd7d0; border-radius:3px; margin-right:3px; border:1px solid #666;' title='#dcd7d0'></span><span style='display:inline-block; width:18px; height:18px; background-color:#0e0b08; border-radius:3px; margin-right:3px; border:1px solid #666;' title='#0e0b08'></span><span style='display:inline-block; width:18px; height:18px; background-color:#87ac91; border-radius:3px; margin-right:3px; border:1px solid #666;' title='#87ac91'></span><span style='display:inline-block; width:18px; height:18px; background-color:#4d6f52; border-radius:3px; margin-right:3px; border:1px solid #666;' title='#4d6f52'></span>,Grey
226,225,cz,City Goddess Saténový korzet,"Luxusní saténový korzet má podélné kostice pro svůdný dekolt, postranní zip, podšívku, na zadním díle sexy šněrování korigující šířku. Na těle perfektně sedí a vykouzlí dokonalou siluetu. Tento dámský korzet je originálním propojením pohodlného a propracovaného střihu a ultra ženského vzhledu kořeněného sexy detaily. Užijete si s ním vzácné příležitosti, ale i volné chvíle. Noste korzet k sukni do společnosti nebo k džínám ve všední den.   Víceúčelové využití: na společenské akce, na plesy, na běžné noše...",430,corsets-and-garter-belts,Bag,Bag,False,True,False,True,Black,0.3209,0.4494,"['#0a0905', '#d7cec8', '#3d2f22', '#a89c94']",custom-tag,99.24,False,Product class not explicitly described in name,"[""#d8cfc9"", ""#0a0905"", ""#3d2f22"", ""#a89c95""]","[[216, 207, 201], [10, 9, 5], [61, 47, 34], [168, 156, 149]]","Grey, Black, Brown",<span style='display:inline-block; width:18px; height:18px; background-color:#d8cfc9; border-radius:3px; margin-right:3px; border:1px solid #666;' title='#d8cfc9'></span><span style='display:inline-block; width:18px; height:18px; background-color:#0a0905; border-radius:3px; margin-right:3px; border:1px solid #666;' title='#0a0905'></span><span style='display:inline-block; width:18px; height:18px; background-color:#3d2f22; border-radius:3px; margin-right:3px; border:1px solid #666;' title='#3d2f22'></span><span style='display:inline-block; width:18px; height:18px; background-color:#a89c95; border-radius:3px; margin-right:3px; border:1px solid #666;' title='#a89c95'></span>,Grey
227,226,cz,Fashion Italy Leopardí společenské šaty,"Šaty mají sexy celoplošný leopardí vzor v hnědých tónech, atraktivní střih zvýrazňující ženské křivky, na zadní partii velmi pružné žabičkové řasení, nastavitelná ramínka, v oblasti prsou saténová vsadka. Šaty jsou dvouvrstvé nemusíte se tedy obávat, že by byly průhledné - spodní vrstva tvoří jemnou podšívku, vrchní vrstva má velmi luxusní šifonový vzhled. Šaty jsou vhodné pro každou společenskou příležitost. Nenucená kombinace saténu a šifonu působí velmi přitažlivě.   Značka Sense, materiál: šifón, s...",184,dresses,Bag,Bag,False,True,False,True,Brown,0.6905,0.4359,"['#2a150b', '#714123', '#a96436', '#de9461']",custom-tag,83.13,False,Product class not explicitly described in name,"[""#29150b"", ""#6e4021"", ""#a66234"", ""#db915d""]","[[41, 21, 11], [110, 64, 33], [166, 98, 52], [219, 145, 93]]","Brown, Orange",<span style='display:inline-block; width:18px; height:18px; background-color:#29150b; border-radius:3px; margin-right:3px; border:1px solid #666;' title='#29150b'></span><span style='display:inline-block; width:18px; height:18px; background-color:#6e4021; border-radius:3px; margin-right:3px; border:1px solid #666;' title='#6e4021'></span><span style='display:inline-block; width:18px; height:18px; background-color:#a66234; border-radius:3px; margin-right:3px; border:1px solid #666;' title='#a66234'></span><span style='display:inline-block; width:18px; height:18px; background-color:#db915d; border-radius:3px; margin-right:3px; border:1px solid #666;' title='#db915d'></span>,Brown
228,227,cz,Emma Ashley Módní šaty s flitry a páskem,"Šaty mají jasně modrou barvu, balónový střih nad prsa se zúženým dolním lemem, příjemný materiál, bez ramínek díky skryté pružné gumě se nemusíte obávat spadnutí šatů. Horní partie je posetá zářivými stříbrnými flitry, pod prsy je látkový páseček pro možnost zavázání. Krásné na večírek a do společnosti.   Značka Diva, 95procent viscose, 5procent elasthan   Velikost S - šířka přes prsa 28 až 41 cm obvod 56 až 82 cm, délka 70 cm.",184,dresses,Bag,Bag,False,True,False,True,Blue,0.3739,0.5957,"['#4163a6', '#494753', '#c0bdbb', '#dd8f58']",custom-tag,86.08,False,Product class not explicitly described in name,"[""#4162a6"", ""#494853"", ""#c1bdbb"", ""#e08f57""]","[[65, 98, 166], [73, 72, 83], [193, 189, 187], [224, 143, 87]]","Blue, Grey, Orange",<span style='display:inline-block; width:18px; height:18px; background-color:#4162a6; border-radius:3px; margin-right:3px; border:1px solid #666;' title='#4162a6'></span><span style='display:inline-block; width:18px; height:18px; background-color:#494853; border-radius:3px; margin-right:3px; border:1px solid #666;' title='#494853'></span><span style='display:inline-block; width:18px; height:18px; background-color:#c1bdbb; border-radius:3px; margin-right:3px; border:1px solid #666;' title='#c1bdbb'></span><span style='display:inline-block; width:18px; height:18px; background-color:#e08f57; border-radius:3px; margin-right:3px; border:1px solid #666;' title='#e08f57'></span>,Blue
231,230,cz,Mayaadi Elastické sexy šaty,"Tyto tyrkysové šaty mají sexy vzhled, balonovou sukni s ukončením na skrytou gumu, v oblasti prsou saténovou vsadku, krátký rukáv, velmi efektní výstřih na zavazování, jemně modrou barvu s nádechem tyrkysové. Noste šaty do společnosti, ale i do kina, kavárny, do divadla. Hodí se kamkoli.     Značka L.O.U, příměs elastenu šaty jsou velmi pružné.   Velikost M - šířka přes prsa 43 až 47 cm obvod 86 až 94 cm, délka 80 cm měřeno od ramene.",184,dresses,Dress,Dress,False,True,False,True,Cyan/Turquoise,0.6422,0.4685,"['#0989b6', '#101110', '#71572c', '#c0ae8d']",custom-tag,45.36,True,Relevant keyword 'šaty' found in name,"[""#098ab6"", ""#101211"", ""#71562b"", ""#bfad8b""]","[[9, 138, 182], [16, 18, 17], [113, 86, 43], [191, 173, 139]]","Cyan/Turquoise, Black, Orange, Beige/Khaki",<span style='display:inline-block; width:18px; height:18px; background-color:#098ab6; border-radius:3px; margin-right:3px; border:1px solid #666;' title='#098ab6'></span><span style='display:inline-block; width:18px; height:18px; background-color:#101211; border-radius:3px; margin-right:3px; border:1px solid #666;' title='#101211'></span><span style='display:inline-block; width:18px; height:18px; background-color:#71562b; border-radius:3px; margin-right:3px; border:1px solid #666;' title='#71562b'></span><span style='display:inline-block; width:18px; height:18px; background-color:#bfad8b; border-radius:3px; margin-right:3px; border:1px solid #666;' title='#bfad8b'></span>,Cyan/Turquoise
232,231,cz,Emma Ashley Šifonové šaty se stuhou,"Nádherně barevné šaty mají dokonalý střih, který díky preciznímu zpracování skvěle sedí na těle. Šaty mají pod prsy širokou saténovou vsadku se saténovou stuhou pro zavázání, jemnou růžovou podšívku, zapínání na boku na skrytý zip, šifónový vzhled, růžový základ s potiskem motýlů se štrasovými akcenty. Pozor – praktický doplněk: k šatům jsou náhradní ramínka, která si můžete v případě potřeby připnout a z šatů střižených nad prsa si tak vytvoříte šaty na ramínka.   Šifonové šaty se stuhou jsou ideální j...",184,dresses,Dress,Dress,False,True,False,True,Pink/Magenta,0.5852,0.8635,"['#df0f59', '#fad7de', '#822727', '#d96e82']",custom-tag,39.59,True,Relevant keyword 'šaty' found in name,"[""#de0f5a"", ""#fad7de"", ""#d96e82"", ""#7f2523""]","[[222, 15, 90], [250, 215, 222], [217, 110, 130], [127, 37, 35]]","Pink/Magenta, Grey, Red",<span style='display:inline-block; width:18px; height:18px; background-color:#de0f5a; border-radius:3px; margin-right:3px; border:1px solid #666;' title='#de0f5a'></span><span style='display:inline-block; width:18px; height:18px; background-color:#fad7de; border-radius:3px; margin-right:3px; border:1px solid #666;' title='#fad7de'></span><span style='display:inline-block; width:18px; height:18px; background-color:#d96e82; border-radius:3px; margin-right:3px; border:1px solid #666;' title='#d96e82'></span><span style='display:inline-block; width:18px; height:18px; background-color:#7f2523; border-radius:3px; margin-right:3px; border:1px solid #666;' title='#7f2523'></span>,Pink/Magenta
233,232,cz,Apart Bavlněné dlouhé šaty,"Dlouhé šaty s roztančenými volány mají ultra ženský střih od prsou volný a vzdušný, mačkaný materiál tzv. crash optika, bohatou nadýchanou sukni, podšívku, zavinovací výstřih do V prodlužující siluetu, úzká nastavitelná ramínka, zlatá léga na lemu, na zadní partii pružný horní lem. Barvy: hnědá, tyrkysová, oranžová, růžová. Tato dokonale vyvážená kombinace barev a perfektního střihu dodává šatům okouzlující bohémský nádech.    Neokoukaný svěží styl Jemný „mačkaný“ materiál Střih prodlužující siluetu ...",184,dresses,Dress,Dress,False,True,False,True,White,0.3526,0.8575,"['#e4d7d0', '#cf7d2b', '#d76c77', '#6abec1']",custom-tag,35.6,True,Relevant keyword 'šaty' found in name,"[""#e4d7d1"", ""#d17f2b"", ""#d76b77"", ""#6abcbe""]","[[228, 215, 209], [209, 127, 43], [215, 107, 119], [106, 188, 190]]","White, Orange, Red, Cyan/Turquoise",<span style='display:inline-block; width:18px; height:18px; background-color:#e4d7d1; border-radius:3px; margin-right:3px; border:1px solid #666;' title='#e4d7d1'></span><span style='display:inline-block; width:18px; height:18px; background-color:#d17f2b; border-radius:3px; margin-right:3px; border:1px solid #666;' title='#d17f2b'></span><span style='display:inline-block; width:18px; height:18px; background-color:#d76b77; border-radius:3px; margin-right:3px; border:1px solid #666;' title='#d76b77'></span><span style='display:inline-block; width:18px; height:18px; background-color:#6abcbe; border-radius:3px; margin-right:3px; border:1px solid #666;' title='#6abcbe'></span>,White
234,233,cz,Fashion Italy Úpletové dámské šaty,"Šaty s krátkým rukávem mají temně fialovou barvu s nádechem indiga. Tyto propracované italské šaty jsou ušity z ultra jemného úpletu, se zřasením pod prsy, se sukní střiženou do áčka. Do šatů je vsazen saténový lesklý díl, který tvoří efektní výstřih se stojáčkem a zavazováním na stuhu. Vhodné pro každodenní nošení nebo pro méně formální společenské příležitosti.    Víceúčelové využití Originální kombinace materiálů Dvouvrstvý vzhled Postavě přizpůsobivý materiál 95procent acryl, 5procent elasten Značka Dolce S...",184,dresses,Bag,Bag,False,True,False,True,Black,0.3321,0.2169,"['#120f16', '#4d4544', '#ede8e3', '#8b8385']",custom-tag,94.25,False,Product class not explicitly described in name,"[""#120f16"", ""#4e4545"", ""#efe9e4"", ""#8f8688""]","[[18, 15, 22], [78, 69, 69], [239, 233, 228], [143, 134, 136]]","Black, Grey, White",<span style='display:inline-block; width:18px; height:18px; background-color:#120f16; border-radius:3px; margin-right:3px; border:1px solid #666;' title='#120f16'></span><span style='display:inline-block; width:18px; height:18px; background-color:#4e4545; border-radius:3px; margin-right:3px; border:1px solid #666;' title='#4e4545'></span><span style='display:inline-block; width:18px; height:18px; background-color:#efe9e4; border-radius:3px; margin-right:3px; border:1px solid #666;' title='#efe9e4'></span><span style='display:inline-block; width:18px; height:18px; background-color:#8f8688; border-radius:3px; margin-right:3px; border:1px solid #666;' title='#8f8688'></span>,Black
